"","page_name","question_varname","level_varname","ui_input_format","question_text","question_explanation","question_hint","level_name","level_hint","default_value_key","parameter_description","parameter_type","var_conversion_type","value","unit","condition","source","info","url","comment"
"1","Active travel modes","ucc_activemode","walk","multiple_choice_box_dependent","Which active travel mode(s) would you like to assess?","You can choose more than one.","If you choose to assess impacts on carbon emissions, you will be asked later whether you also want to consider motorized travel modes in your assessment.","Walking",NA,NA,NA,NA,NA,NA,NA,NA,NA,NA,NA,NA
"2","Active travel modes","ucc_activemode","bike","multiple_choice_box_dependent","Which active travel mode(s) would you like to assess?","You can choose more than one.","If you choose to assess impacts on carbon emissions, you will be asked later whether you also want to consider motorized travel modes in your assessment.","Cycling",NA,NA,NA,NA,NA,NA,NA,NA,NA,NA,NA,NA
"3","Active travel modes","ucc_activemode","other","multiple_choice_box_dependent","Which active travel mode(s) would you like to assess?","You can choose more than one.","If you choose to assess impacts on carbon emissions, you will be asked later whether you also want to consider motorized travel modes in your assessment.","Other","If you choose other, you can specify additional active travel modes.",NA,NA,NA,NA,NA,NA,NA,NA,NA,NA,NA
"4","Active travel modes","ucc_activemode","run","multiple_choice_box_dependent","Which active travel mode(s) would you like to assess?","You can choose more than one.","If you choose to assess impacts on carbon emissions, you will be asked later whether you also want to consider motorized travel modes in your assessment.","Running",NA,NA,NA,NA,NA,NA,NA,NA,NA,NA,NA,NA
"5","Active travel modes","ucc_activemode","ebike","multiple_choice_box_dependent","Which active travel mode(s) would you like to assess?","You can choose more than one.","If you choose to assess impacts on carbon emissions, you will be asked later whether you also want to consider motorized travel modes in your assessment.","E-biking",NA,NA,NA,NA,NA,NA,NA,NA,NA,NA,NA,NA
"6","Active travel modes","ucc_activemode","ebike25","multiple_choice_box_dependent","Which active travel mode(s) would you like to assess?","You can choose more than one.","If you choose to assess impacts on carbon emissions, you will be asked later whether you also want to consider motorized travel modes in your assessment.","<i> >     Slow e-biking </i>",NA,NA,NA,NA,NA,NA,NA,NA,NA,NA,NA,NA
"7","Active travel modes","ucc_activemode","ebike45","multiple_choice_box_dependent","Which active travel mode(s) would you like to assess?","You can choose more than one.","If you choose to assess impacts on carbon emissions, you will be asked later whether you also want to consider motorized travel modes in your assessment.","<i> >     Fast e-biking </i>",NA,NA,NA,NA,NA,NA,NA,NA,NA,NA,NA,NA
"8","Active travel modes","ucc_activemode","bikeshare","multiple_choice_box_dependent","Which active travel mode(s) would you like to assess?","You can choose more than one.","If you choose to assess impacts on carbon emissions, you will be asked later whether you also want to consider motorized travel modes in your assessment.","Bikesharing","Only select this if you have data specifically for bikesharing.",NA,NA,NA,NA,NA,NA,NA,NA,NA,NA,NA
"9","Geographic scale","ucc_country_location_id",NA,"single_choice_dropdown_dependent_heatr_country","Please select your country",NA,NA,NA,NA,NA,NA,NA,NA,NA,NA,NA,NA,NA,NA,NA
"10","Geographic scale","ucc_spatialscale","country","single_choice_radio_dependent_heatr","At what geographical level do you want to conduct your assessment?",NA,"In the drop down menu below you will be able to see what area these levels refer to in your country.","Country",NA,NA,NA,NA,NA,NA,NA,NA,NA,NA,NA,NA
"11","Geographic scale","ucc_spatialscale","sub1","single_choice_radio_dependent_heatr","At what geographical level do you want to conduct your assessment?",NA,"In the drop down menu below you will be able to see what area these levels refer to in your country.","First <b>sub-national</b> administrative level (e.g. ""State""  or ""Province"")","Check out the drop down menu below to see which areas are included at this level for your country.",NA,NA,NA,NA,NA,NA,NA,NA,NA,NA,NA
"12","Geographic scale","ucc_spatialscale","sub2","single_choice_radio_dependent_heatr","At what geographical level do you want to conduct your assessment?",NA,"In the drop down menu below you will be able to see what area these levels refer to in your country.","Second <b>sub-national</b> administrative level (e.g. ""County"" or ""District"")","Check out the drop down menu below to see which areas are included at this level for your country.",NA,NA,NA,NA,NA,NA,NA,NA,NA,NA,NA
"13","Geographic scale","ucc_spatialscale","city","single_choice_radio_dependent_heatr","At what geographical level do you want to conduct your assessment?",NA,"In the drop down menu below you will be able to see what area these levels refer to in your country.","City",NA,NA,NA,NA,NA,NA,NA,NA,NA,NA,NA,NA
"14","Geographic scale","ucc_location_id",NA,"single_choice_dropdown_dependent_heatr_heatid","Choose your location:",NA,NA,NA,NA,NA,NA,NA,NA,NA,NA,NA,NA,NA,NA,NA
"15","Geographic scale","ucc_subcity","subcity_yes","single_choice_radio","Is your assessment located at the sub-city level?","Check this if you are assessing an infrastructure project, or a specific facility","For example, a new cycle track, or an existing mixed-use path.","Yes","This will affect some options in the tool",NA,NA,NA,NA,NA,NA,NA,NA,NA,NA,NA
"16","Geographic scale","ucc_subcity","subcity_no","single_choice_radio","Is your assessment located at the sub-city level?","Check this if you are assessing an infrastructure project, or a specific facility","For example, a new cycle track, or an existing mixed-use path.","No","This will affect some options in the tool",NA,NA,NA,NA,NA,NA,NA,NA,NA,NA,NA
"17","Comparison and time scale","ucc_comparisoncases","onecase","single_choice_radio","Would you like to assess just one specific situation, or compare two cases?","In a <b>""single case""</b> assessment, you only provide data on the so called ""reference case."" This is then compared to an implicit ""comparison case"" of ""no walking or cycling.""<br>
In a <b>""two cases""</b> assessment you have to specify both cases, the ""reference case"" and the ""comparison case.""  Typical examples are ""before and after"" an intervention, or comparisons of alternative ""scenarios A and B."" <br> 
For more guidance on how this selection affects the calculation, see <a href=""http://www.heatwalkingcycling.org/#HIA_CRA_intro"" target=""_blank"">here</a>.",NA,"Single case","Only information on the reference case will be required",NA,NA,NA,NA,NA,NA,NA,NA,NA,NA,NA
"18","Comparison and time scale","ucc_comparisoncases","twocases","single_choice_radio","Would you like to assess just one specific situation, or compare two cases?","In a <b>""single case""</b> assessment, you only provide data on the so called ""reference case."" This is then compared to an implicit ""comparison case"" of ""no walking or cycling.""<br>
In a <b>""two cases""</b> assessment you have to specify both cases, the ""reference case"" and the ""comparison case.""  Typical examples are ""before and after"" an intervention, or comparisons of alternative ""scenarios A and B."" <br> 
For more guidance on how this selection affects the calculation, see <a href=""http://www.heatwalkingcycling.org/#HIA_CRA_intro"" target=""_blank"">here</a>.",NA,"Two cases","Information on the reference case as well as the comparison case will be required",NA,NA,NA,NA,NA,NA,NA,NA,NA,NA,NA
"19","Comparison and time scale","ucc_yearref",NA,"number_4_digit_integer","What is the year for your reference case?","By default, assessments are set to 10 years from the current year. If you would like to calculate impacts over a different period of time, you may adjust reference year, comparison year and assessment time below.",NA,"Year reference case",NA,NA,NA,NA,NA,NA,NA,NA,NA,NA,NA,NA
"20","Comparison and time scale","ucc_yearcf",NA,"number_4_digit_integer","What is the year for your comparison case?",NA,NA,"Year comparison case",NA,NA,NA,NA,NA,NA,NA,NA,NA,NA,NA,NA
"21","Comparison and time scale","ucc_assessmenttime",NA,"number_field_only_positive_integer","Over how many years should the impacts be calculated?",NA,"Note that the data you will enter for the <i>reference year</i> and the <i>comparison year</i> will define the <b>""contrast""</b> (i.e. the difference or change) in active travel that you will assess, while the <i>assessment time</i> below will define the <b>duration</b> over which the impacts will be calculated. You can quantify the resulting impacts over any period of time, e.g. 10 or 30 years. In addition, resuls will always be presented per one year as well. <br> 
Further note that the reference year does not count towards the assessment. E.g. a 10 year assessment comparing reference year 2020 to comparison year 2030 will add impacts of 2021-2030. If the comparison year is before the reference year, the assessment will start with the first year after the comparison year. <br> Learn more about how HEAT handles years<a href=""https://www.heatwalkingcycling.org/#HIA_CRA_intro"" target=""_blank""> here.</a>","Assessment time",NA,NA,NA,NA,NA,NA,NA,NA,NA,NA,NA,NA
"22","Impacts","ucc_pathway","pa","multiple_choice_box_dependent","Which impacts would you like to consider in your assessment?",NA,"Choose as many as apply","Physical activity",NA,NA,NA,NA,NA,NA,NA,NA,NA,NA,NA,NA
"23","Impacts","ucc_pathway","ap","multiple_choice_box_dependent","Which impacts would you like to consider in your assessment?",NA,"Choose as many as apply","Air pollution",NA,NA,NA,NA,NA,NA,NA,NA,NA,NA,NA,NA
"24","Impacts","ucc_pathway","crash","multiple_choice_box_dependent","Which impacts would you like to consider in your assessment?",NA,"Choose as many as apply","Crash risk","Note: crash risk data availability is limited. You may have to provide your own estimates.",NA,NA,NA,NA,NA,NA,NA,NA,NA,NA,NA
"25","Impacts","ucc_pathway","carbon","multiple_choice_box_dependent","Which impacts would you like to consider in your assessment?",NA,"Choose as many as apply","Carbon emissions",NA,NA,NA,NA,NA,NA,NA,NA,NA,NA,NA,NA
"26","Motorized modes","ucc_motormode","nodata","single_choice_radio_dependent_condition","How would you like to consider motorized travel modes for the carbon emissions assessment?","If you do not have data for motorized travel modes, the assessment will be based on default values. <br>
If you have data to specify motorized modes in more refined categories, select ""refined"" (this will improve the accuracy of calculated impacts).",NA,"No data","The tool will use default values where necessary.",NA,NA,NA,NA,NA,NA,NA,NA,NA,NA,NA
"27","Motorized modes","ucc_motormode","basic","single_choice_radio_dependent_condition","How would you like to consider motorized travel modes in your assessment?","If you do not have data for motorized travel modes, the assessment will be based on default values. <br>
If you have data to specify motorized modes in more refined categories, select ""refined"" (this will improve the accuracy of the calculated impacts).",NA,"Basic categories","You can specify driving and/or public transport",NA,NA,NA,NA,NA,NA,NA,NA,NA,NA,NA
"28","Motorized modes","ucc_motormode","refined","single_choice_radio_dependent_condition","How would you like to consider motorized travel modes in your assessment?","If you do not have data for motorized travel modes, the assessment will be based on default values. If you have data on motorized modes in more refined categories, select ""refined"" (this will improve the accuracy of calculated impacts).",NA,"Refined categories","If you have data on more refined categories of motorized travel modes, check here.",NA,NA,NA,NA,NA,NA,NA,NA,NA,NA,NA
"29","Motorized modes","ucc_motormodebasic","car","multiple_choice_box_dependent","Specify which motorized travel modes you have data for",NA,"If you have data on more refined categories, click back and choose “refined categories”","Driving",NA,NA,NA,NA,NA,NA,NA,NA,NA,NA,NA,NA
"30","Motorized modes","ucc_motormodebasic","pt","multiple_choice_box_dependent","Specify which motorized travel modes you have data for",NA,"If you have data on more refined categories, click back and choose “refined categories”","Public transport",NA,NA,NA,NA,NA,NA,NA,NA,NA,NA,NA,NA
"31","Motorized modes","ucc_motormoderefined","cardriver","multiple_choice_box_dependent","Specify which motorized travel modes you have data for",NA,"If you have data on more refined categories, click back and choose “refined categories”","Car (driver)",NA,NA,NA,NA,NA,NA,NA,NA,NA,NA,NA,NA
"32","Motorized modes","ucc_motormoderefined","carpassenger","multiple_choice_box_dependent","Specify which motorized travel modes you have data for",NA,"If you do not have data for such refined categories, click back and choose “basic categories”","Car (passenger)",NA,NA,NA,NA,NA,NA,NA,NA,NA,NA,NA,NA
"33","Motorized modes","ucc_motormoderefined","motorbike","multiple_choice_box_dependent","Specify which motorized travel modes you have data for",NA,"If you do not have data for such refined categories, click back and choose “basic categories”","Motorcycle",NA,NA,NA,NA,NA,NA,NA,NA,NA,NA,NA,NA
"34","Motorized modes","ucc_motormoderefined","bus","multiple_choice_box_dependent","Specify which motorized travel modes you have data for",NA,"If you do not have data for such refined categories, click back and choose “basic categories”","Local bus",NA,NA,NA,NA,NA,NA,NA,NA,NA,NA,NA,NA
"35","Motorized modes","ucc_motormoderefined","lightrail","multiple_choice_box_dependent","Specify which motorized travel modes you have data for",NA,"If you do not have data for such refined categories, click back and choose “basic categories”","Lightrail",NA,NA,NA,NA,NA,NA,NA,NA,NA,NA,NA,NA
"36","Motorized modes","ucc_motormoderefined","train","multiple_choice_box_dependent","Specify which motorized travel modes you have data for",NA,"If you do not have data for such refined categories, click back and choose “basic categories”","Train",NA,NA,NA,NA,NA,NA,NA,NA,NA,NA,NA,NA
"37","Motorized modes","ucc_trafficcondition","euromeancongestionurban","single_choice_radio","Traffic conditions","What are the local traffic conditions?","Refering to the times when people walk or bike","Global average in urban areas","32 km/h mean traffic speed",NA,NA,NA,NA,NA,NA,NA,NA,NA,NA,NA
"38","Motorized modes","ucc_trafficcondition","freeflow","single_choice_radio","Traffic conditions","What are the local traffic conditions?","Refering to the times when people walk or bike","Free flow","little or no congestion ('free flow') , 45 km/h mean traffic speed",NA,NA,NA,NA,NA,NA,NA,NA,NA,NA,NA
"39","Motorized modes","ucc_trafficcondition","somecongestion","single_choice_radio","Traffic conditions","What are the local traffic conditions?","Refering to the times when people walk or bike","Some congestion","some peak time congestion (morning commute, school run, afternoon commute) , 35 km/h mean traffic speed",NA,NA,NA,NA,NA,NA,NA,NA,NA,NA,NA
"40","Motorized modes","ucc_trafficcondition","heavycongestion","single_choice_radio","Traffic conditions","What are the local traffic conditions?","Refering to the times when people walk or bike","Heavy congestion","heavy congestion most days (am, pm and inter peak) e.g. London , 20 km/h mean traffic speed",NA,NA,NA,NA,NA,NA,NA,NA,NA,NA,NA
"41","Motorized modes","ucc_trafficcondition","euromeancongestionrural","single_choice_radio","Traffic conditions","What are the local traffic conditions?","Refering to the times when people walk or bike","Global average in rural areas","60 km/h mean traffic speed",NA,NA,NA,NA,NA,NA,NA,NA,NA,NA,NA
"42","Population size","ap_pop_tot",NA,"number_field_only_positive","#tmpl#
{% if '[population_by_age_range__value]' != ""heat_NA"" %}
Total population size for your
{% if ""[population_by_age_range__geolevel_type]"" == ""sub1"" %} assessment area
{% elseif ""[population_by_age_range__geolevel_type]"" == ""sub2"" %} assessment area
 {% elseif ""[population_by_age_range__geolevel_type]"" == ""city"" %} city
 {% elseif ""[population_by_age_range__geolevel_type]"" == ""country"" %} country
{% endif %} 
{% if '[population_by_age_range__source]' != ""heat_NA"" %}
(Data source: [population_by_age_range__source])
{% endif %}
{% else %}
Total population size for your assessment area is not available.
{% endif %}
","Figure includes all ages","Adjust as needed.",NA,NA,NA,NA,NA,NA,NA,NA,NA,NA,NA,NA,NA
"43","Air pollution","pollution_calc",NA,"number_field_only_positive","PM<sub>2.5</sub> concentration used in HEAT assessment (ug/m<sup>3</sup>)",NA,"Adjust as needed! Capped at 100 ug/m<sup>3</sup>",NA,NA,NA,NA,NA,NA,NA,NA,NA,NA,NA,NA,NA
"44","Monetization parameters","ap_vsl_currency","ppp","single_choice_radio_dependent_condition","Monetization of impacts is available in three different currency formats",NA,NA,"International dollars (Int$), adjusted for purchasing power parity (PPP)",NA,NA,NA,NA,NA,NA,NA,NA,NA,NA,NA,NA
"45","Monetization parameters","ap_vsl_currency","lcu","single_choice_radio_dependent_condition","Monetization of impacts is available in three different currency formats",NA,NA,"Local currency (LCU)",NA,NA,NA,NA,NA,NA,NA,NA,NA,NA,NA,NA
"46","Monetization parameters","ap_vsl_currency","mer","single_choice_radio_dependent_condition","Monetization of impacts is available in three different currency formats",NA,NA,"US dollars (US$), based on market exchange rates (MER)",NA,NA,NA,NA,NA,NA,NA,NA,NA,NA,NA,NA
"47","Monetization parameters","ap_vsl_math","math","multiple_choice_box_dependent",NA,NA,NA,"<span style=""color: deepskyblue;"">Show me the formulas!</span>",NA,NA,NA,NA,NA,NA,NA,NA,NA,NA,NA,NA
"48","Monetization parameters","ap_vsl_parameters","parameters","multiple_choice_box_dependent",NA,NA,NA,"<span style=""color: deepskyblue;"">Let me see the parameters for the default method!</span>",NA,NA,NA,NA,NA,NA,NA,NA,NA,NA,NA,NA
"49","Monetization parameters","ap_vsl_base",NA,"number_field_only_positive","VSL base value","OECD average in 2005",NA,NA,NA,"vsl_base",NA,NA,NA,NA,NA,NA,NA,NA,NA,NA
"50","Monetization parameters","ap_CPI_OECD30_factor_2005_vslyear_A",NA,"number_field_only_positive","Inflation in OECD from 2005 to 2017","Inflation adjustment with change in consumer price index between 2005 and [CPI_OECD30_factor_2005_vslyear_A__VSL_year]","Note: this is a factor, not a percent figure!",NA,NA,NA,NA,NA,NA,NA,NA,NA,NA,NA,NA,NA
"51","Monetization parameters","ap_GDPreal_factor_OECD30_2005_vslyear_A",NA,"number_field_only_positive","Income growth factor for OECD from 2005 to 2017","Income adjustment with growth in real GDP per capita between 2005 and [GDPreal_factor_OECD30_2005_vslyear_A__VSL_year]","Note: this is a factor, not a percent figure!",NA,NA,NA,NA,NA,NA,NA,NA,NA,NA,NA,NA,NA
"52","Monetization parameters","ap_IEt_A",NA,"number_field_only_positive","Income elasticity applied to OECD income growth adjustment",NA,NA,NA,NA,NA,NA,NA,NA,NA,NA,NA,NA,NA,NA,NA
"53","Monetization parameters","ap_GNIppp_OECD_vslyear_A",NA,"number_field_only_positive","GNI for OECD, 2017","OECD average GNI per capita at purchasing power parity in 2017",NA,NA,NA,NA,NA,NA,NA,NA,NA,NA,NA,NA,NA,NA
"54","Monetization parameters","ap_GNIppp_vslyear_A",NA,"number_field_only_positive","GNI for target country, [GNIppp_vslyear_A__VSL_year]","GNI per capita at purchasing power parity in [GNIppp_vslyear_A__VSL_year]",NA,NA,NA,NA,NA,NA,NA,NA,NA,NA,NA,NA,NA,NA
"55","Monetization parameters","ap_IEs_A",NA,"number_field_only_positive","Income elasticity applied to benefit-transfer ratio in 2017",NA,NA,NA,NA,NA,NA,NA,NA,NA,NA,NA,NA,NA,NA,NA
"56","Monetization parameters","ap_PPP_vslyear_A",NA,"number_field_only_positive","PPP conversion factor",NA,NA,NA,NA,NA,NA,NA,NA,NA,NA,NA,NA,NA,NA,NA
"57","Monetization parameters","ap_MER_vslyear_A",NA,"number_field_only_positive","MER conversion factor",NA,NA,NA,NA,NA,NA,NA,NA,NA,NA,NA,NA,NA,NA,NA
"58","Monetization parameters","ap_vsl_parameters_B","parameters_B","multiple_choice_box_dependent",NA,NA,NA,"<span style=""color: deepskyblue;"">Let me see the parameters for the alternative method!</span>",NA,NA,NA,NA,NA,NA,NA,NA,NA,NA,NA,NA
"59","Monetization parameters","ap_GDPppp_OECD_2005_B",NA,"number_field_only_positive","GDP for OECD, 2005","OECD average real gross domestic product (GDP) per capita at purchasing power parity in 2005",NA,NA,NA,NA,NA,NA,NA,NA,NA,NA,NA,NA,NA,NA
"60","Monetization parameters","ap_GDPppp_2005_B",NA,"number_field_only_positive","GDP for target country, 2005","Real gross domestic product (GDP) per capita at purchasing power parity in 2005",NA,NA,NA,NA,NA,NA,NA,NA,NA,NA,NA,NA,NA,NA
"61","Monetization parameters","ap_IEs_B",NA,"number_field_only_positive","Income elasticity applied to benefit-transfer ratio in 2005",NA,NA,NA,NA,NA,NA,NA,NA,NA,NA,NA,NA,NA,NA,NA
"62","Monetization parameters","ap_CPI_factor_2005_vslyear_B",NA,"number_field_only_positive","Inflation in country from 2005 to 2017",NA,"Note: this is a factor, not a percent figure!",NA,NA,NA,NA,NA,NA,NA,NA,NA,NA,NA,NA,NA
"63","Monetization parameters","ap_GDPreal_factor_2005_vslyear_B",NA,"number_field_only_positive","Income growth factor from 2005 to [GDPreal_factor_2005_vslyear_B__VSL_year]","Income adjustment with growth in real GDP per capita between 2005 and [GDPreal_factor_2005_vslyear_B__VSL_year]","Note: this is a factor, not a percent figure!",NA,NA,NA,NA,NA,NA,NA,NA,NA,NA,NA,NA,NA
"64","Monetization parameters","ap_IEt_B",NA,"number_field_only_positive","Income elasticity applied to country income growth adjustment",NA,NA,NA,NA,NA,NA,NA,NA,NA,NA,NA,NA,NA,NA,NA
"65","Monetization parameters","ap_PPP_vslyear_B",NA,"number_field_only_positive","PPP conversion factor, [PPP_vslyear_B__VSL_year]",NA,"Local currency per international dollar",NA,NA,NA,NA,NA,NA,NA,NA,NA,NA,NA,NA,NA
"66","Monetization parameters","ap_PPP_2005_B",NA,"number_field_only_positive","PPP conversion factor, 2005",NA,"Local currency per international dollar",NA,NA,NA,NA,NA,NA,NA,NA,NA,NA,NA,NA,NA
"67","Monetization parameters","ap_MER_vslyear_B",NA,"number_field_only_positive","MER conversion factor, [MER_vslyear_B__VSL_year]",NA,"Local currency per USD",NA,NA,NA,NA,NA,NA,NA,NA,NA,NA,NA,NA,NA
"68","Monetization parameters","ap_vsl_approach_selection","A","single_choice_radio","Which VSL estimation would you like to use?",NA,NA,"Default",NA,NA,NA,NA,NA,NA,NA,NA,NA,NA,NA,NA
"69","Monetization parameters","ap_vsl_approach_selection","B","single_choice_radio","Which VSL estimation would you like to use?",NA,NA,"Alternative",NA,NA,NA,NA,NA,NA,NA,NA,NA,NA,NA,NA
"70","Monetization parameters","ap_vsl_ppp_calc",NA,"number_field_only_positive","VSL (Int$) used for HEAT assessment",NA,"This value can be changed as appropriate. It is also recalculated if above parameters are changed. NOTE: if this field does not upload any value, click the ""back"" and then the ""next"" button at the bottom of the page to reload the value.",NA,NA,NA,NA,NA,NA,NA,NA,NA,NA,NA,NA,NA
"71","Monetization parameters","ap_vsl_lcu_calc",NA,"number_field_only_positive","VSL (LCU) used for HEAT assessment",NA,"This value can be changed as appropriate. It is also recalculated if above parameters are changed. NOTE: if this field does not upload any value, click the ""back"" and then the ""next"" button at the bottom of the page to reload the value.",NA,NA,NA,NA,NA,NA,NA,NA,NA,NA,NA,NA,NA
"72","Monetization parameters","ap_vsl_mer_calc",NA,"number_field_only_positive","VSL (US$) used for HEAT assessment",NA,"This value can be changed as appropriate. It is also recalculated if above parameters are changed. NOTE: if this field does not upload any value, click the ""back"" and then the ""next"" button at the bottom of the page to reload the value.",NA,NA,NA,NA,NA,NA,NA,NA,NA,NA,NA,NA,NA
"73","Social Cost of Carbon (SCC)","ap_scc_first_year",NA,"number_field_only_positive","#tmpl#
Carbon value for [first_year__year]
{% if ""[first_year__data_type]"" == ""carbon_value_ppp"" %} (Int$):  
{% elseif ""[first_year__data_type]"" == ""carbon_value_mer"" %} (US$):  
{% elseif ""[first_year__data_type]"" == ""carbon_value_lcu"" %} (LCU):  
{% endif %}",NA,"This value can be changed as appropriate.",NA,NA,NA,NA,NA,NA,NA,NA,NA,NA,NA,NA,NA
"74","Social Cost of Carbon (SCC)","ap_scc_last_year",NA,"number_field_only_positive","#tmpl#
Carbon value for [last_year__year]
{% if ""[last_year__data_type]"" == ""carbon_value_ppp"" %} (Int$)
{% elseif ""[last_year__data_type]"" == ""carbon_value_mer"" %} (US$)
{% elseif ""[last_year__data_type]"" == ""carbon_value_lcu"" %} (LCU)
{% endif %}",NA,"This value can be changed as appropriate.",NA,NA,NA,NA,NA,NA,NA,NA,NA,NA,NA,NA,NA
"75","Economic discounting","ap_discountyear",NA,"number_field_only_positive","Discount year","Specify the year to which you want to discount (or inflate) future (or past) economic values to.","Since economic benefits occurring in the future are generally considered less valuable than those occurring in the present, economists apply a discount rate to future benefits. Here you may change the reference year used.",NA,NA,NA,"Year future benefits are discounted to","ui_default_value","integer",2022,"YYYY","all(c('ucc_pathway') %in% names(input))     & any(c('pa', 'ap', 'crash', 'carbon') %in% input[['ucc_pathway']]) ",NA,NA,NA,NA
"76","Economic discounting","ap_discountrate",NA,"number_field_only_positive","Discount rate",NA,NA,NA,NA,"ap_discountrate","Economic discount rate applied to benefits in the future","ui_default_value","double",5,"%","all(c('ucc_pathway') %in% names(input))     & any(c('pa', 'ap', 'crash', 'carbon') %in% input[['ucc_pathway']]) ",NA,NA,NA,NA
"77","Economic discounting","ap_inflationrate",NA,"number_field_only_positive","Inflation rate",NA,NA,NA,NA,"ap_inflationrate","Inflation rate applied to benefits in the past","ui_default_value","double",3,"%","all(c('ucc_pathway') %in% names(input))     & any(c('pa', 'ap', 'crash', 'carbon') %in% input[['ucc_pathway']]) ",NA,NA,NA,NA
"78","Active travel characteristics","quali_activemode_bikeshare_frombike",NA,"slider_percent","Proportion shifted from cycling",NA,"Specify what proportion of ""transport-related trips"" specified above (=100%) was shifted from the ""substituted mode""","from biking",NA,"quali_activemode_[activemode]_frombike","Default proportion shifted from bike to bikeshare","ui_default_value","double",30,"%","all(c('ucc_activemode', 'ucc_activemode', 'ucc_comparisoncases', 'ucc_pathway') %in% names(input)) & any(c('bikeshare') %in% input[['ucc_activemode']])    & any(c('ap', 'carbon') %in% input[['ucc_pathway']]) & any(c('onecase', 'twocases') %in% input[['ucc_comparisoncases']])",NA,NA,NA,NA
"79","Active travel characteristics","quali_activemode_ebike_frombike",NA,"slider_percent","Proportion shifted from cycling",NA,"Specify what proportion of ""transport-related trips"" specified above (=100%) was shifted from the ""substituted mode""","from biking",NA,"quali_activemode_[activemode]_frombike","Default proportion shifted from bike to ebike","ui_default_value","double",30,"%","all(c('ucc_activemode', 'ucc_activemode', 'ucc_comparisoncases', 'ucc_pathway') %in% names(input)) & any(c('ebike') %in% input[['ucc_activemode']])    & any(c('ap', 'carbon') %in% input[['ucc_pathway']]) & any(c('onecase', 'twocases') %in% input[['ucc_comparisoncases']])",NA,NA,NA,NA
"80","Active travel characteristics","quali_activemode_ebike25_frombike",NA,"slider_percent","Proportion shifted from cycling",NA,"Specify what proportion of ""transport-related trips"" specified above (=100%) was shifted from the ""substituted mode""","from biking",NA,"quali_activemode_[activemode]_frombike","Default proportion shifted from bike to ebike25","ui_default_value","double",40,"%","all(c('ucc_activemode', 'ucc_activemode', 'ucc_comparisoncases', 'ucc_pathway') %in% names(input)) & any(c('ebike25') %in% input[['ucc_activemode']])    & any(c('ap', 'carbon') %in% input[['ucc_pathway']]) & any(c('onecase', 'twocases') %in% input[['ucc_comparisoncases']])",NA,NA,NA,NA
"81","Active travel characteristics","quali_activemode_ebike45_frombike",NA,"slider_percent","Proportion shifted from cycling",NA,"Specify what proportion of ""transport-related trips"" specified above (=100%) was shifted from the ""substituted mode""","from biking",NA,"quali_activemode_[activemode]_frombike","Default proportion shifted from bike to ebike45","ui_default_value","double",20,"%","all(c('ucc_activemode', 'ucc_activemode', 'ucc_comparisoncases', 'ucc_pathway') %in% names(input)) & any(c('ebike45') %in% input[['ucc_activemode']])    & any(c('ap', 'carbon') %in% input[['ucc_pathway']]) & any(c('onecase', 'twocases') %in% input[['ucc_comparisoncases']])",NA,NA,NA,NA
"82","Active travel characteristics","quali_activemode_run_frombike",NA,"slider_percent","Proportion shifted from cycling",NA,"Specify what proportion of ""transport-related trips"" specified above (=100%) was shifted from the ""substituted mode""","from biking",NA,"quali_activemode_[activemode]_frombike","Default proportion shifted from bike to run","ui_default_value","double",0,"%","all(c('ucc_activemode', 'ucc_activemode', 'ucc_comparisoncases', 'ucc_pathway') %in% names(input)) & any(c('run') %in% input[['ucc_activemode']])    & any(c('ap', 'carbon') %in% input[['ucc_pathway']]) & any(c('onecase', 'twocases') %in% input[['ucc_comparisoncases']])",NA,NA,NA,NA
"83","Active travel characteristics","quali_activemode_walk_frombike",NA,"slider_percent","Proportion shifted from cycling",NA,"Specify what proportion of ""transport-related trips"" specified above (=100%) was shifted from the ""substituted mode""","from biking",NA,"quali_activemode_[activemode]_frombike","Default proportion shifted from bike to walk","ui_default_value","double",20,"%","all(c('ucc_activemode', 'ucc_activemode', 'ucc_comparisoncases', 'ucc_pathway') %in% names(input)) & any(c('walk') %in% input[['ucc_activemode']])    & any(c('ap', 'carbon') %in% input[['ucc_pathway']]) & any(c('onecase', 'twocases') %in% input[['ucc_comparisoncases']])",NA,NA,NA,NA
"84","Active travel characteristics","quali_activemode_bike_frombikeshare",NA,"slider_percent","Proportion shifted from bike sharing",NA,"Specify the proportions for each substituted mode","from bike-sharing",NA,"quali_activemode_[activemode]_frombikeshare","Default proportion shifted from bikeshare to bike","ui_default_value","double",0,"","all(c('ucc_activemode', 'ucc_activemode', 'ucc_comparisoncases', 'ucc_pathway') %in% names(input)) & any(c('bike') %in% input[['ucc_activemode']])    & any(c('ap', 'carbon') %in% input[['ucc_pathway']]) & any(c('onecase', 'twocases') %in% input[['ucc_comparisoncases']])",NA,NA,NA,NA
"85","Active travel characteristics","quali_activemode_ebike_frombikeshare",NA,"slider_percent","Proportion shifted from bike sharing",NA,"Specify the proportions for each substituted mode","from bike-sharing",NA,"quali_activemode_[activemode]_frombikeshare","Default proportion shifted from bikeshare to ebike","ui_default_value","double",0,"%","all(c('ucc_activemode', 'ucc_activemode', 'ucc_comparisoncases', 'ucc_pathway') %in% names(input)) & any(c('ebike') %in% input[['ucc_activemode']])    & any(c('ap', 'carbon') %in% input[['ucc_pathway']]) & any(c('onecase', 'twocases') %in% input[['ucc_comparisoncases']])",NA,NA,NA,NA
"86","Active travel characteristics","quali_activemode_ebike25_frombikeshare",NA,"slider_percent","Proportion shifted from bike sharing",NA,"Specify the proportions for each substituted mode","from bike-sharing",NA,"quali_activemode_[activemode]_frombikeshare","Default proportion shifted from bikeshare to ebike25","ui_default_value","double",0,"%","all(c('ucc_activemode', 'ucc_activemode', 'ucc_comparisoncases', 'ucc_pathway') %in% names(input)) & any(c('ebike25') %in% input[['ucc_activemode']])    & any(c('ap', 'carbon') %in% input[['ucc_pathway']]) & any(c('onecase', 'twocases') %in% input[['ucc_comparisoncases']])",NA,NA,NA,NA
"87","Active travel characteristics","quali_activemode_ebike45_frombikeshare",NA,"slider_percent","Proportion shifted from bike sharing",NA,"Specify the proportions for each substituted mode","from bike-sharing",NA,"quali_activemode_[activemode]_frombikeshare","Default proportion shifted from bikeshare to ebike45","ui_default_value","double",0,"%","all(c('ucc_activemode', 'ucc_activemode', 'ucc_comparisoncases', 'ucc_pathway') %in% names(input)) & any(c('ebike45') %in% input[['ucc_activemode']])    & any(c('ap', 'carbon') %in% input[['ucc_pathway']]) & any(c('onecase', 'twocases') %in% input[['ucc_comparisoncases']])",NA,NA,NA,NA
"88","Active travel characteristics","quali_activemode_run_frombikeshare",NA,"slider_percent","Proportion shifted from bike sharing",NA,"Specify the proportions for each substituted mode","from bike-sharing",NA,"quali_activemode_[activemode]_frombikeshare","Default proportion shifted from bikeshare to run","ui_default_value","double",0,"%","all(c('ucc_activemode', 'ucc_activemode', 'ucc_comparisoncases', 'ucc_pathway') %in% names(input)) & any(c('run') %in% input[['ucc_activemode']])    & any(c('ap', 'carbon') %in% input[['ucc_pathway']]) & any(c('onecase', 'twocases') %in% input[['ucc_comparisoncases']])",NA,NA,NA,NA
"89","Active travel characteristics","quali_activemode_walk_frombikeshare",NA,"slider_percent","Proportion shifted from bike sharing",NA,"Specify the proportions for each substituted mode","from bike-sharing",NA,"quali_activemode_[activemode]_frombikeshare","Default proportion shifted from bikeshare to walk","ui_default_value","double",0,"%","all(c('ucc_activemode', 'ucc_activemode', 'ucc_comparisoncases', 'ucc_pathway') %in% names(input)) & any(c('walk') %in% input[['ucc_activemode']])    & any(c('ap', 'carbon') %in% input[['ucc_pathway']]) & any(c('onecase', 'twocases') %in% input[['ucc_comparisoncases']])",NA,NA,NA,NA
"90","Active travel characteristics","quali_activemode_bike_frombus",NA,"slider_percent","Proportion shifted from local bus",NA,"Specify what proportion of ""transport-related trips"" specified above (=100%) was shifted from the ""substituted mode""","from bus",NA,"quali_activemode_[activemode]_frombus","Default proportion shifted from bus to bike","ui_default_value","double",30,"%","all(c('ucc_activemode', 'ucc_motormode', 'ucc_motormoderefined', 'ucc_comparisoncases', 'ucc_pathway') %in% names(input)) & any(c('bike') %in% input[['ucc_activemode']]) & any(c('ap', 'crash', 'carbon') %in% input[['ucc_pathway']]) & any(c('nodata', 'refined') %in% input[['ucc_motormode']]) & any(c('bus') %in% input[['ucc_motormoderefined']]) & ((c('onecase') %in% input[['ucc_comparisoncases']] & any(c('refined') %in% input[['ucc_motormode']])) | (c('twocases') %in% input[['ucc_comparisoncases']] & c('nodata') %in% input[['ucc_motormode']]))",NA,NA,NA,NA
"91","Active travel characteristics","quali_activemode_bikeshare_frombus",NA,"slider_percent","Proportion shifted from local bus",NA,"Specify what proportion of ""transport-related trips"" specified above (=100%) was shifted from the ""substituted mode""","from bus",NA,"quali_activemode_[activemode]_frombus","Default proportion shifted from bus to bikeshare","ui_default_value","double",20,"%","all(c('ucc_activemode', 'ucc_motormode', 'ucc_motormoderefined', 'ucc_comparisoncases', 'ucc_pathway') %in% names(input)) & any(c('bikeshare') %in% input[['ucc_activemode']]) & any(c('ap', 'crash', 'carbon') %in% input[['ucc_pathway']]) & any(c('nodata', 'refined') %in% input[['ucc_motormode']]) & any(c('bus') %in% input[['ucc_motormoderefined']]) & ((c('onecase') %in% input[['ucc_comparisoncases']] & any(c('refined') %in% input[['ucc_motormode']])) | (c('twocases') %in% input[['ucc_comparisoncases']] & c('nodata') %in% input[['ucc_motormode']]))",NA,NA,NA,NA
"92","Active travel characteristics","quali_activemode_ebike_frombus",NA,"slider_percent","Proportion shifted from local bus",NA,"Specify what proportion of ""transport-related trips"" specified above (=100%) was shifted from the ""substituted mode""","from bus",NA,"quali_activemode_[activemode]_frombus","Default proportion shifted from bus to ebike","ui_default_value","double",10,"%","all(c('ucc_activemode', 'ucc_motormode', 'ucc_motormoderefined', 'ucc_comparisoncases', 'ucc_pathway') %in% names(input)) & any(c('ebike') %in% input[['ucc_activemode']]) & any(c('ap', 'crash', 'carbon') %in% input[['ucc_pathway']]) & any(c('nodata', 'refined') %in% input[['ucc_motormode']]) & any(c('bus') %in% input[['ucc_motormoderefined']]) & ((c('onecase') %in% input[['ucc_comparisoncases']] & any(c('refined') %in% input[['ucc_motormode']])) | (c('twocases') %in% input[['ucc_comparisoncases']] & c('nodata') %in% input[['ucc_motormode']]))",NA,NA,NA,NA
"93","Active travel characteristics","quali_activemode_ebike25_frombus",NA,"slider_percent","Proportion shifted from local bus",NA,"Specify what proportion of ""transport-related trips"" specified above (=100%) was shifted from the ""substituted mode""","from bus",NA,"quali_activemode_[activemode]_frombus","Default proportion shifted from bus to ebike25","ui_default_value","double",10,"%","all(c('ucc_activemode', 'ucc_motormode', 'ucc_motormoderefined', 'ucc_comparisoncases', 'ucc_pathway') %in% names(input)) & any(c('ebike25') %in% input[['ucc_activemode']]) & any(c('ap', 'crash', 'carbon') %in% input[['ucc_pathway']]) & any(c('nodata', 'refined') %in% input[['ucc_motormode']]) & any(c('bus') %in% input[['ucc_motormoderefined']]) & ((c('onecase') %in% input[['ucc_comparisoncases']] & any(c('refined') %in% input[['ucc_motormode']])) | (c('twocases') %in% input[['ucc_comparisoncases']] & c('nodata') %in% input[['ucc_motormode']]))",NA,NA,NA,NA
"94","Active travel characteristics","quali_activemode_ebike45_frombus",NA,"slider_percent","Proportion shifted from local bus",NA,"Specify what proportion of ""transport-related trips"" specified above (=100%) was shifted from the ""substituted mode""","from bus",NA,"quali_activemode_[activemode]_frombus","Default proportion shifted from bus to ebike45","ui_default_value","double",20,"%","all(c('ucc_activemode', 'ucc_motormode', 'ucc_motormoderefined', 'ucc_comparisoncases', 'ucc_pathway') %in% names(input)) & any(c('ebike45') %in% input[['ucc_activemode']]) & any(c('ap', 'crash', 'carbon') %in% input[['ucc_pathway']]) & any(c('nodata', 'refined') %in% input[['ucc_motormode']]) & any(c('bus') %in% input[['ucc_motormoderefined']]) & ((c('onecase') %in% input[['ucc_comparisoncases']] & any(c('refined') %in% input[['ucc_motormode']])) | (c('twocases') %in% input[['ucc_comparisoncases']] & c('nodata') %in% input[['ucc_motormode']]))",NA,NA,NA,NA
"95","Active travel characteristics","quali_activemode_run_frombus",NA,"slider_percent","Proportion shifted from local bus",NA,"Specify what proportion of ""transport-related trips"" specified above (=100%) was shifted from the ""substituted mode""","from bus",NA,"quali_activemode_[activemode]_frombus","Default proportion shifted from bus to run","ui_default_value","double",0,"%","all(c('ucc_activemode', 'ucc_motormode', 'ucc_motormoderefined', 'ucc_comparisoncases', 'ucc_pathway') %in% names(input)) & any(c('run') %in% input[['ucc_activemode']]) & any(c('ap', 'crash', 'carbon') %in% input[['ucc_pathway']]) & any(c('nodata', 'refined') %in% input[['ucc_motormode']]) & any(c('bus') %in% input[['ucc_motormoderefined']]) & ((c('onecase') %in% input[['ucc_comparisoncases']] & any(c('refined') %in% input[['ucc_motormode']])) | (c('twocases') %in% input[['ucc_comparisoncases']] & c('nodata') %in% input[['ucc_motormode']]))",NA,NA,NA,NA
"96","Active travel characteristics","quali_activemode_walk_frombus",NA,"slider_percent","Proportion shifted from local bus",NA,"Specify what proportion of ""transport-related trips"" specified above (=100%) was shifted from the ""substituted mode""","from bus",NA,"quali_activemode_[activemode]_frombus","Default proportion shifted from bus to walk","ui_default_value","double",40,"%","all(c('ucc_activemode', 'ucc_motormode', 'ucc_motormoderefined', 'ucc_comparisoncases', 'ucc_pathway') %in% names(input)) & any(c('walk') %in% input[['ucc_activemode']]) & any(c('ap', 'crash', 'carbon') %in% input[['ucc_pathway']]) & any(c('nodata', 'refined') %in% input[['ucc_motormode']]) & any(c('bus') %in% input[['ucc_motormoderefined']]) & ((c('onecase') %in% input[['ucc_comparisoncases']] & any(c('refined') %in% input[['ucc_motormode']])) | (c('twocases') %in% input[['ucc_comparisoncases']] & c('nodata') %in% input[['ucc_motormode']]))",NA,NA,NA,NA
"97","Active travel characteristics","quali_activemode_bike_fromcar",NA,"slider_percent","Proportion shifted from driving",NA,"Specify what proportion of ""transport-related trips"" specified above (=100%) was shifted from the ""substituted mode""","from driving",NA,"quali_activemode_[activemode]_fromcar","Default proportion shifted from car to bike","ui_default_value","double",30,"%","all(c('ucc_activemode', 'ucc_motormode', 'ucc_comparisoncases', 'ucc_pathway') %in% names(input)) & any(c('bike') %in% input[['ucc_activemode']]) & any(c('ap', 'carbon') %in% input[['ucc_pathway']]) & any(c('nodata', 'basic') %in% input[['ucc_motormode']])  & ((c('onecase') %in% input[['ucc_comparisoncases']]  & any(c('nodata', 'basic') %in% input[['ucc_motormode']])) | (c('twocases') %in% input[['ucc_comparisoncases']] & c('nodata') %in% input[['ucc_motormode']]))",NA,NA,NA,NA
"98","Active travel characteristics","quali_activemode_bikeshare_fromcar",NA,"slider_percent","Proportion shifted from driving",NA,"Specify what proportion of ""transport-related trips"" specified above (=100%) was shifted from the ""substituted mode""","from driving",NA,"quali_activemode_[activemode]_fromcar","Default proportion shifted from car to bikeshare","ui_default_value","double",10,"%","all(c('ucc_activemode', 'ucc_motormode', 'ucc_comparisoncases', 'ucc_pathway') %in% names(input)) & any(c('bikeshare') %in% input[['ucc_activemode']]) & any(c('ap', 'carbon') %in% input[['ucc_pathway']]) & any(c('nodata', 'basic') %in% input[['ucc_motormode']])  & ((c('onecase') %in% input[['ucc_comparisoncases']]  & any(c('nodata', 'basic') %in% input[['ucc_motormode']])) | (c('twocases') %in% input[['ucc_comparisoncases']] & c('nodata') %in% input[['ucc_motormode']]))",NA,NA,NA,NA
"99","Active travel characteristics","quali_activemode_ebike_fromcar",NA,"slider_percent","Proportion shifted from driving",NA,"Specify what proportion of ""transport-related trips"" specified above (=100%) was shifted from the ""substituted mode""","from driving",NA,"quali_activemode_[activemode]_fromcar","Default proportion shifted from car to ebike","ui_default_value","double",30,"%","all(c('ucc_activemode', 'ucc_motormode', 'ucc_comparisoncases', 'ucc_pathway') %in% names(input)) & any(c('ebike') %in% input[['ucc_activemode']]) & any(c('ap', 'carbon') %in% input[['ucc_pathway']]) & any(c('nodata', 'basic') %in% input[['ucc_motormode']])  & ((c('onecase') %in% input[['ucc_comparisoncases']]  & any(c('nodata', 'basic') %in% input[['ucc_motormode']])) | (c('twocases') %in% input[['ucc_comparisoncases']] & c('nodata') %in% input[['ucc_motormode']]))",NA,NA,NA,NA
"100","Active travel characteristics","quali_activemode_ebike25_fromcar",NA,"slider_percent","Proportion shifted from driving",NA,"Specify what proportion of ""transport-related trips"" specified above (=100%) was shifted from the ""substituted mode""","from driving",NA,"quali_activemode_[activemode]_fromcar","Default proportion shifted from car to ebike25","ui_default_value","double",20,"%","all(c('ucc_activemode', 'ucc_motormode', 'ucc_comparisoncases', 'ucc_pathway') %in% names(input)) & any(c('ebike25') %in% input[['ucc_activemode']]) & any(c('ap', 'carbon') %in% input[['ucc_pathway']]) & any(c('nodata', 'basic') %in% input[['ucc_motormode']])  & ((c('onecase') %in% input[['ucc_comparisoncases']]  & any(c('nodata', 'basic') %in% input[['ucc_motormode']])) | (c('twocases') %in% input[['ucc_comparisoncases']] & c('nodata') %in% input[['ucc_motormode']]))",NA,NA,NA,NA
"101","Active travel characteristics","quali_activemode_ebike45_fromcar",NA,"slider_percent","Proportion shifted from driving",NA,"Specify what proportion of ""transport-related trips"" specified above (=100%) was shifted from the ""substituted mode""","from driving",NA,"quali_activemode_[activemode]_fromcar","Default proportion shifted from car to ebike45","ui_default_value","double",40,"%","all(c('ucc_activemode', 'ucc_motormode', 'ucc_comparisoncases', 'ucc_pathway') %in% names(input)) & any(c('ebike45') %in% input[['ucc_activemode']]) & any(c('ap', 'carbon') %in% input[['ucc_pathway']]) & any(c('nodata', 'basic') %in% input[['ucc_motormode']])  & ((c('onecase') %in% input[['ucc_comparisoncases']]  & any(c('nodata', 'basic') %in% input[['ucc_motormode']])) | (c('twocases') %in% input[['ucc_comparisoncases']] & c('nodata') %in% input[['ucc_motormode']]))",NA,NA,NA,NA
"102","Active travel characteristics","quali_activemode_run_fromcar",NA,"slider_percent","Proportion shifted from driving",NA,"Specify what proportion of ""transport-related trips"" specified above (=100%) was shifted from the ""substituted mode""","from driving",NA,"quali_activemode_[activemode]_fromcar","Default proportion shifted from car to run","ui_default_value","double",0,"%","all(c('ucc_activemode', 'ucc_motormode', 'ucc_comparisoncases', 'ucc_pathway') %in% names(input)) & any(c('run') %in% input[['ucc_activemode']]) & any(c('ap', 'carbon') %in% input[['ucc_pathway']]) & any(c('nodata', 'basic') %in% input[['ucc_motormode']])  & ((c('onecase') %in% input[['ucc_comparisoncases']]  & any(c('nodata', 'basic') %in% input[['ucc_motormode']])) | (c('twocases') %in% input[['ucc_comparisoncases']] & c('nodata') %in% input[['ucc_motormode']]))",NA,NA,NA,NA
"103","Active travel characteristics","quali_activemode_walk_fromcar",NA,"slider_percent","Proportion shifted from driving",NA,"Specify what proportion of ""transport-related trips"" specified above (=100%) was shifted from the ""substituted mode""","from driving",NA,"quali_activemode_[activemode]_fromcar","Default proportion shifted from car to walk","ui_default_value","double",20,"%","all(c('ucc_activemode', 'ucc_motormode', 'ucc_comparisoncases', 'ucc_pathway') %in% names(input)) & any(c('walk') %in% input[['ucc_activemode']]) & any(c('ap', 'carbon') %in% input[['ucc_pathway']]) & any(c('nodata', 'basic') %in% input[['ucc_motormode']])  & ((c('onecase') %in% input[['ucc_comparisoncases']]  & any(c('nodata', 'basic') %in% input[['ucc_motormode']])) | (c('twocases') %in% input[['ucc_comparisoncases']] & c('nodata') %in% input[['ucc_motormode']]))",NA,NA,NA,NA
"104","Active travel characteristics","quali_activemode_bike_fromcardriver",NA,"slider_percent","Proportion shifted from car (as driver)",NA,"Specify what proportion of ""transport-related trips"" specified above (=100%) was shifted from the ""substituted mode""","from car driving as a driver",NA,"quali_activemode_[activemode]_fromcardriver","Default proportion shifted from cardriver to bike","ui_default_value","double",25,"%","all(c('ucc_activemode', 'ucc_motormode', 'ucc_motormoderefined', 'ucc_comparisoncases', 'ucc_pathway') %in% names(input)) & any(c('bike') %in% input[['ucc_activemode']]) & any(c('ap', 'crash', 'carbon') %in% input[['ucc_pathway']]) & any(c('nodata', 'refined') %in% input[['ucc_motormode']]) & any(c('cardriver') %in% input[['ucc_motormoderefined']]) & ((c('onecase') %in% input[['ucc_comparisoncases']] & any(c('refined') %in% input[['ucc_motormode']])) | (c('twocases') %in% input[['ucc_comparisoncases']] & c('nodata') %in% input[['ucc_motormode']]))",NA,NA,NA,NA
"105","Active travel characteristics","quali_activemode_bikeshare_fromcardriver",NA,"slider_percent","Proportion shifted from car (as driver)",NA,"Specify what proportion of ""transport-related trips"" specified above (=100%) was shifted from the ""substituted mode""","from car driving as a driver",NA,"quali_activemode_[activemode]_fromcardriver","Default proportion shifted from cardriver to bikeshare","ui_default_value","double",10,"%","all(c('ucc_activemode', 'ucc_motormode', 'ucc_motormoderefined', 'ucc_comparisoncases', 'ucc_pathway') %in% names(input)) & any(c('bikeshare') %in% input[['ucc_activemode']]) & any(c('ap', 'crash', 'carbon') %in% input[['ucc_pathway']]) & any(c('nodata', 'refined') %in% input[['ucc_motormode']]) & any(c('cardriver') %in% input[['ucc_motormoderefined']]) & ((c('onecase') %in% input[['ucc_comparisoncases']] & any(c('refined') %in% input[['ucc_motormode']])) | (c('twocases') %in% input[['ucc_comparisoncases']] & c('nodata') %in% input[['ucc_motormode']]))",NA,NA,NA,NA
"106","Active travel characteristics","quali_activemode_ebike_fromcardriver",NA,"slider_percent","Proportion shifted from car (as driver)",NA,"Specify what proportion of ""transport-related trips"" specified above (=100%) was shifted from the ""substituted mode""","from car driving as a driver",NA,"quali_activemode_[activemode]_fromcardriver","Default proportion shifted from cardriver to ebike","ui_default_value","double",25,"%","all(c('ucc_activemode', 'ucc_motormode', 'ucc_motormoderefined', 'ucc_comparisoncases', 'ucc_pathway') %in% names(input)) & any(c('ebike') %in% input[['ucc_activemode']]) & any(c('ap', 'crash', 'carbon') %in% input[['ucc_pathway']]) & any(c('nodata', 'refined') %in% input[['ucc_motormode']]) & any(c('cardriver') %in% input[['ucc_motormoderefined']]) & ((c('onecase') %in% input[['ucc_comparisoncases']] & any(c('refined') %in% input[['ucc_motormode']])) | (c('twocases') %in% input[['ucc_comparisoncases']] & c('nodata') %in% input[['ucc_motormode']]))",NA,NA,NA,NA
"107","Active travel characteristics","quali_activemode_ebike25_fromcardriver",NA,"slider_percent","Proportion shifted from car (as driver)",NA,"Specify what proportion of ""transport-related trips"" specified above (=100%) was shifted from the ""substituted mode""","from car driving as a driver",NA,"quali_activemode_[activemode]_fromcardriver","Default proportion shifted from cardriver to ebike25","ui_default_value","double",15,"%","all(c('ucc_activemode', 'ucc_motormode', 'ucc_motormoderefined', 'ucc_comparisoncases', 'ucc_pathway') %in% names(input)) & any(c('ebike25') %in% input[['ucc_activemode']]) & any(c('ap', 'crash', 'carbon') %in% input[['ucc_pathway']]) & any(c('nodata', 'refined') %in% input[['ucc_motormode']]) & any(c('cardriver') %in% input[['ucc_motormoderefined']]) & ((c('onecase') %in% input[['ucc_comparisoncases']] & any(c('refined') %in% input[['ucc_motormode']])) | (c('twocases') %in% input[['ucc_comparisoncases']] & c('nodata') %in% input[['ucc_motormode']]))",NA,NA,NA,NA
"108","Active travel characteristics","quali_activemode_ebike45_fromcardriver",NA,"slider_percent","Proportion shifted from car (as driver)",NA,"Specify what proportion of ""transport-related trips"" specified above (=100%) was shifted from the ""substituted mode""","from car driving as a driver",NA,"quali_activemode_[activemode]_fromcardriver","Default proportion shifted from cardriver to ebike45","ui_default_value","double",35,"%","all(c('ucc_activemode', 'ucc_motormode', 'ucc_motormoderefined', 'ucc_comparisoncases', 'ucc_pathway') %in% names(input)) & any(c('ebike45') %in% input[['ucc_activemode']]) & any(c('ap', 'crash', 'carbon') %in% input[['ucc_pathway']]) & any(c('nodata', 'refined') %in% input[['ucc_motormode']]) & any(c('cardriver') %in% input[['ucc_motormoderefined']]) & ((c('onecase') %in% input[['ucc_comparisoncases']] & any(c('refined') %in% input[['ucc_motormode']])) | (c('twocases') %in% input[['ucc_comparisoncases']] & c('nodata') %in% input[['ucc_motormode']]))",NA,NA,NA,NA
"109","Active travel characteristics","quali_activemode_run_fromcardriver",NA,"slider_percent","Proportion shifted from car (as driver)",NA,"Specify what proportion of ""transport-related trips"" specified above (=100%) was shifted from the ""substituted mode""","from car driving as a driver",NA,"quali_activemode_[activemode]_fromcardriver","Default proportion shifted from cardriver to run","ui_default_value","double",0,"%","all(c('ucc_activemode', 'ucc_motormode', 'ucc_motormoderefined', 'ucc_comparisoncases', 'ucc_pathway') %in% names(input)) & any(c('run') %in% input[['ucc_activemode']]) & any(c('ap', 'crash', 'carbon') %in% input[['ucc_pathway']]) & any(c('nodata', 'refined') %in% input[['ucc_motormode']]) & any(c('cardriver') %in% input[['ucc_motormoderefined']]) & ((c('onecase') %in% input[['ucc_comparisoncases']] & any(c('refined') %in% input[['ucc_motormode']])) | (c('twocases') %in% input[['ucc_comparisoncases']] & c('nodata') %in% input[['ucc_motormode']]))",NA,NA,NA,NA
"110","Active travel characteristics","quali_activemode_walk_fromcardriver",NA,"slider_percent","Proportion shifted from car (as driver)",NA,"Specify what proportion of ""transport-related trips"" specified above (=100%) was shifted from the ""substituted mode""","from car driving as a driver",NA,"quali_activemode_[activemode]_fromcardriver","Default proportion shifted from cardriver to walk","ui_default_value","double",15,"%","all(c('ucc_activemode', 'ucc_motormode', 'ucc_motormoderefined', 'ucc_comparisoncases', 'ucc_pathway') %in% names(input)) & any(c('walk') %in% input[['ucc_activemode']]) & any(c('ap', 'crash', 'carbon') %in% input[['ucc_pathway']]) & any(c('nodata', 'refined') %in% input[['ucc_motormode']]) & any(c('cardriver') %in% input[['ucc_motormoderefined']]) & ((c('onecase') %in% input[['ucc_comparisoncases']] & any(c('refined') %in% input[['ucc_motormode']])) | (c('twocases') %in% input[['ucc_comparisoncases']] & c('nodata') %in% input[['ucc_motormode']]))",NA,NA,NA,NA
"111","Active travel characteristics","quali_activemode_bike_fromcarpassenger",NA,"slider_percent","Proportion shifted from car (as passenger)",NA,"Specify what proportion of ""transport-related trips"" specified above (=100%) was shifted from the ""substituted mode""","from riding car as a passenger",NA,"quali_activemode_[activemode]_fromcarpassenger","Default proportion shifted from carpassenger to bike","ui_default_value","double",5,"%","all(c('ucc_activemode', 'ucc_motormode', 'ucc_motormoderefined', 'ucc_comparisoncases', 'ucc_pathway') %in% names(input)) & any(c('bike') %in% input[['ucc_activemode']]) & any(c('ap', 'crash', 'carbon') %in% input[['ucc_pathway']]) & any(c('nodata', 'refined') %in% input[['ucc_motormode']]) & any(c('carpassenger') %in% input[['ucc_motormoderefined']]) & ((c('onecase') %in% input[['ucc_comparisoncases']] & any(c('refined') %in% input[['ucc_motormode']])) | (c('twocases') %in% input[['ucc_comparisoncases']] & c('nodata') %in% input[['ucc_motormode']]))",NA,NA,NA,NA
"112","Active travel characteristics","quali_activemode_bikeshare_fromcarpassenger",NA,"slider_percent","Proportion shifted from car (as passenger)",NA,"Specify what proportion of ""transport-related trips"" specified above (=100%) was shifted from the ""substituted mode""","from riding car as a passenger",NA,"quali_activemode_[activemode]_fromcarpassenger","Default proportion shifted from carpassenger to bikeshare","ui_default_value","double",0,"%","all(c('ucc_activemode', 'ucc_motormode', 'ucc_motormoderefined', 'ucc_comparisoncases', 'ucc_pathway') %in% names(input)) & any(c('bikeshare') %in% input[['ucc_activemode']]) & any(c('ap', 'crash', 'carbon') %in% input[['ucc_pathway']]) & any(c('nodata', 'refined') %in% input[['ucc_motormode']]) & any(c('carpassenger') %in% input[['ucc_motormoderefined']]) & ((c('onecase') %in% input[['ucc_comparisoncases']] & any(c('refined') %in% input[['ucc_motormode']])) | (c('twocases') %in% input[['ucc_comparisoncases']] & c('nodata') %in% input[['ucc_motormode']]))",NA,NA,NA,NA
"113","Active travel characteristics","quali_activemode_ebike_fromcarpassenger",NA,"slider_percent","Proportion shifted from car (as passenger)",NA,"Specify what proportion of ""transport-related trips"" specified above (=100%) was shifted from the ""substituted mode""","from riding car as a passenger",NA,"quali_activemode_[activemode]_fromcarpassenger","Default proportion shifted from carpassenger to ebike","ui_default_value","double",5,"%","all(c('ucc_activemode', 'ucc_motormode', 'ucc_motormoderefined', 'ucc_comparisoncases', 'ucc_pathway') %in% names(input)) & any(c('ebike') %in% input[['ucc_activemode']]) & any(c('ap', 'crash', 'carbon') %in% input[['ucc_pathway']]) & any(c('nodata', 'refined') %in% input[['ucc_motormode']]) & any(c('carpassenger') %in% input[['ucc_motormoderefined']]) & ((c('onecase') %in% input[['ucc_comparisoncases']] & any(c('refined') %in% input[['ucc_motormode']])) | (c('twocases') %in% input[['ucc_comparisoncases']] & c('nodata') %in% input[['ucc_motormode']]))",NA,NA,NA,NA
"114","Active travel characteristics","quali_activemode_ebike25_fromcarpassenger",NA,"slider_percent","Proportion shifted from car (as passenger)",NA,"Specify what proportion of ""transport-related trips"" specified above (=100%) was shifted from the ""substituted mode""","from riding car as a passenger",NA,"quali_activemode_[activemode]_fromcarpassenger","Default proportion shifted from carpassenger to ebike25","ui_default_value","double",5,"%","all(c('ucc_activemode', 'ucc_motormode', 'ucc_motormoderefined', 'ucc_comparisoncases', 'ucc_pathway') %in% names(input)) & any(c('ebike25') %in% input[['ucc_activemode']]) & any(c('ap', 'crash', 'carbon') %in% input[['ucc_pathway']]) & any(c('nodata', 'refined') %in% input[['ucc_motormode']]) & any(c('carpassenger') %in% input[['ucc_motormoderefined']]) & ((c('onecase') %in% input[['ucc_comparisoncases']] & any(c('refined') %in% input[['ucc_motormode']])) | (c('twocases') %in% input[['ucc_comparisoncases']] & c('nodata') %in% input[['ucc_motormode']]))",NA,NA,NA,NA
"115","Active travel characteristics","quali_activemode_ebike45_fromcarpassenger",NA,"slider_percent","Proportion shifted from car (as passenger)",NA,"Specify what proportion of ""transport-related trips"" specified above (=100%) was shifted from the ""substituted mode""","from riding car as a passenger",NA,"quali_activemode_[activemode]_fromcarpassenger","Default proportion shifted from carpassenger to ebike45","ui_default_value","double",5,"%","all(c('ucc_activemode', 'ucc_motormode', 'ucc_motormoderefined', 'ucc_comparisoncases', 'ucc_pathway') %in% names(input)) & any(c('ebike45') %in% input[['ucc_activemode']]) & any(c('ap', 'crash', 'carbon') %in% input[['ucc_pathway']]) & any(c('nodata', 'refined') %in% input[['ucc_motormode']]) & any(c('carpassenger') %in% input[['ucc_motormoderefined']]) & ((c('onecase') %in% input[['ucc_comparisoncases']] & any(c('refined') %in% input[['ucc_motormode']])) | (c('twocases') %in% input[['ucc_comparisoncases']] & c('nodata') %in% input[['ucc_motormode']]))",NA,NA,NA,NA
"116","Active travel characteristics","quali_activemode_run_fromcarpassenger",NA,"slider_percent","Proportion shifted from car (as passenger)",NA,"Specify what proportion of ""transport-related trips"" specified above (=100%) was shifted from the ""substituted mode""","from riding car as a passenger",NA,"quali_activemode_[activemode]_fromcarpassenger","Default proportion shifted from carpassenger to run","ui_default_value","double",0,"%","all(c('ucc_activemode', 'ucc_motormode', 'ucc_motormoderefined', 'ucc_comparisoncases', 'ucc_pathway') %in% names(input)) & any(c('run') %in% input[['ucc_activemode']]) & any(c('ap', 'crash', 'carbon') %in% input[['ucc_pathway']]) & any(c('nodata', 'refined') %in% input[['ucc_motormode']]) & any(c('carpassenger') %in% input[['ucc_motormoderefined']]) & ((c('onecase') %in% input[['ucc_comparisoncases']] & any(c('refined') %in% input[['ucc_motormode']])) | (c('twocases') %in% input[['ucc_comparisoncases']] & c('nodata') %in% input[['ucc_motormode']]))",NA,NA,NA,NA
"117","Active travel characteristics","quali_activemode_walk_fromcarpassenger",NA,"slider_percent","Proportion shifted from car (as passenger)",NA,"Specify what proportion of ""transport-related trips"" specified above (=100%) was shifted from the ""substituted mode""","from riding car as a passenger",NA,"quali_activemode_[activemode]_fromcarpassenger","Default proportion shifted from carpassenger to walk","ui_default_value","double",5,"%","all(c('ucc_activemode', 'ucc_motormode', 'ucc_motormoderefined', 'ucc_comparisoncases', 'ucc_pathway') %in% names(input)) & any(c('walk') %in% input[['ucc_activemode']]) & any(c('ap', 'crash', 'carbon') %in% input[['ucc_pathway']]) & any(c('nodata', 'refined') %in% input[['ucc_motormode']]) & any(c('carpassenger') %in% input[['ucc_motormoderefined']]) & ((c('onecase') %in% input[['ucc_comparisoncases']] & any(c('refined') %in% input[['ucc_motormode']])) | (c('twocases') %in% input[['ucc_comparisoncases']] & c('nodata') %in% input[['ucc_motormode']]))",NA,NA,NA,NA
"118","Active travel characteristics","quali_activemode_bike_fromebike",NA,"slider_percent","Proportion shifted from e-biking",NA,"Specify the proportions for each substituted mode","from e-biking",NA,"quali_activemode_[activemode]_fromebike","Default proportion shifted from ebike to bike","ui_default_value","double",0,"%","all(c('ucc_activemode', 'ucc_activemode', 'ucc_comparisoncases', 'ucc_pathway') %in% names(input)) & any(c('bike') %in% input[['ucc_activemode']])    & any(c('ap', 'carbon') %in% input[['ucc_pathway']]) & any(c('onecase', 'twocases') %in% input[['ucc_comparisoncases']])",NA,NA,NA,NA
"119","Active travel characteristics","quali_activemode_bikeshare_fromebike",NA,"slider_percent","Proportion shifted from e-biking",NA,"Specify the proportions for each substituted mode","from e-biking",NA,"quali_activemode_[activemode]_fromebike","Default proportion shifted from ebike to bikeshare","ui_default_value","double",0,"%","all(c('ucc_activemode', 'ucc_activemode', 'ucc_comparisoncases', 'ucc_pathway') %in% names(input)) & any(c('bikeshare') %in% input[['ucc_activemode']])    & any(c('ap', 'carbon') %in% input[['ucc_pathway']]) & any(c('onecase', 'twocases') %in% input[['ucc_comparisoncases']])",NA,NA,NA,NA
"120","Active travel characteristics","quali_activemode_ebike25_fromebike",NA,"slider_percent","Proportion shifted from e-biking",NA,"Specify the proportions for each substituted mode","from e-biking",NA,"quali_activemode_[activemode]_fromebike","Default proportion shifted from ebike to ebike25","ui_default_value","double",0,"","all(c('ucc_activemode', 'ucc_activemode', 'ucc_comparisoncases', 'ucc_pathway') %in% names(input)) & any(c('ebike25') %in% input[['ucc_activemode']])    & any(c('ap', 'carbon') %in% input[['ucc_pathway']]) & any(c('onecase', 'twocases') %in% input[['ucc_comparisoncases']])",NA,NA,NA,NA
"121","Active travel characteristics","quali_activemode_ebike45_fromebike",NA,"slider_percent","Proportion shifted from e-biking",NA,"Specify the proportions for each substituted mode","from e-biking",NA,"quali_activemode_[activemode]_fromebike","Default proportion shifted from ebike to ebike45","ui_default_value","double",0,"","all(c('ucc_activemode', 'ucc_activemode', 'ucc_comparisoncases', 'ucc_pathway') %in% names(input)) & any(c('ebike45') %in% input[['ucc_activemode']])    & any(c('ap', 'carbon') %in% input[['ucc_pathway']]) & any(c('onecase', 'twocases') %in% input[['ucc_comparisoncases']])",NA,NA,NA,NA
"122","Active travel characteristics","quali_activemode_run_fromebike",NA,"slider_percent","Proportion shifted from e-biking",NA,"Specify the proportions for each substituted mode","from e-biking",NA,"quali_activemode_[activemode]_fromebike","Default proportion shifted from ebike to run","ui_default_value","double",0,"%","all(c('ucc_activemode', 'ucc_activemode', 'ucc_comparisoncases', 'ucc_pathway') %in% names(input)) & any(c('run') %in% input[['ucc_activemode']])    & any(c('ap', 'carbon') %in% input[['ucc_pathway']]) & any(c('onecase', 'twocases') %in% input[['ucc_comparisoncases']])",NA,NA,NA,NA
"123","Active travel characteristics","quali_activemode_walk_fromebike",NA,"slider_percent","Proportion shifted from e-biking",NA,"Specify the proportions for each substituted mode","from e-biking",NA,"quali_activemode_[activemode]_fromebike","Default proportion shifted from ebike to walk","ui_default_value","double",0,"%","all(c('ucc_activemode', 'ucc_activemode', 'ucc_comparisoncases', 'ucc_pathway') %in% names(input)) & any(c('walk') %in% input[['ucc_activemode']])    & any(c('ap', 'carbon') %in% input[['ucc_pathway']]) & any(c('onecase', 'twocases') %in% input[['ucc_comparisoncases']])",NA,NA,NA,NA
"124","Active travel characteristics","quali_activemode_bike_fromebike25",NA,"slider_percent","Proportion shifted from slow e-biking (< 25 km/h)",NA,"Specify the proportions for each substituted mode","from slow e-biking (<25km/h)",NA,"quali_activemode_[activemode]_fromebike25","Default proportion shifted from ebike25 to bike","ui_default_value","double",0,"%","all(c('ucc_activemode', 'ucc_activemode', 'ucc_comparisoncases', 'ucc_pathway') %in% names(input)) & any(c('bike') %in% input[['ucc_activemode']])    & any(c('ap', 'carbon') %in% input[['ucc_pathway']]) & any(c('onecase', 'twocases') %in% input[['ucc_comparisoncases']])",NA,NA,NA,NA
"125","Active travel characteristics","quali_activemode_bikeshare_fromebike25",NA,"slider_percent","Proportion shifted from slow e-biking (< 25 km/h)",NA,"Specify the proportions for each substituted mode","from slow e-biking (<25km/h)",NA,"quali_activemode_[activemode]_fromebike25","Default proportion shifted from ebike25 to bikeshare","ui_default_value","double",0,"%","all(c('ucc_activemode', 'ucc_activemode', 'ucc_comparisoncases', 'ucc_pathway') %in% names(input)) & any(c('bikeshare') %in% input[['ucc_activemode']])    & any(c('ap', 'carbon') %in% input[['ucc_pathway']]) & any(c('onecase', 'twocases') %in% input[['ucc_comparisoncases']])",NA,NA,NA,NA
"126","Active travel characteristics","quali_activemode_ebike_fromebike25",NA,"slider_percent","Proportion shifted from slow e-biking (< 25 km/h)",NA,"Specify the proportions for each substituted mode","from slow e-biking (<25km/h)",NA,"quali_activemode_[activemode]_fromebike25","Default proportion shifted from ebike25 to ebike","ui_default_value","double",0,"%","all(c('ucc_activemode', 'ucc_activemode', 'ucc_comparisoncases', 'ucc_pathway') %in% names(input)) & any(c('ebike') %in% input[['ucc_activemode']])    & any(c('ap', 'carbon') %in% input[['ucc_pathway']]) & any(c('onecase', 'twocases') %in% input[['ucc_comparisoncases']])",NA,NA,NA,NA
"127","Active travel characteristics","quali_activemode_ebike45_fromebike25",NA,"slider_percent","Proportion shifted from slow e-biking (< 25 km/h)",NA,"Specify the proportions for each substituted mode","from slow e-biking (<25km/h)",NA,"quali_activemode_[activemode]_fromebike25","Default proportion shifted from ebike25 to ebike45","ui_default_value","double",0,"%","all(c('ucc_activemode', 'ucc_activemode', 'ucc_comparisoncases', 'ucc_pathway') %in% names(input)) & any(c('ebike45') %in% input[['ucc_activemode']])    & any(c('ap', 'carbon') %in% input[['ucc_pathway']]) & any(c('onecase', 'twocases') %in% input[['ucc_comparisoncases']])",NA,NA,NA,NA
"128","Active travel characteristics","quali_activemode_run_fromebike25",NA,"slider_percent","Proportion shifted from slow e-biking (< 25 km/h)",NA,"Specify the proportions for each substituted mode","from slow e-biking (<25km/h)",NA,"quali_activemode_[activemode]_fromebike25","Default proportion shifted from ebike25 to run","ui_default_value","double",0,"%","all(c('ucc_activemode', 'ucc_activemode', 'ucc_comparisoncases', 'ucc_pathway') %in% names(input)) & any(c('run') %in% input[['ucc_activemode']])    & any(c('ap', 'carbon') %in% input[['ucc_pathway']]) & any(c('onecase', 'twocases') %in% input[['ucc_comparisoncases']])",NA,NA,NA,NA
"129","Active travel characteristics","quali_activemode_walk_fromebike25",NA,"slider_percent","Proportion shifted from slow e-biking (< 25 km/h)",NA,"Specify the proportions for each substituted mode","from slow e-biking (<25km/h)",NA,"quali_activemode_[activemode]_fromebike25","Default proportion shifted from ebike25 to walk","ui_default_value","double",0,"%","all(c('ucc_activemode', 'ucc_activemode', 'ucc_comparisoncases', 'ucc_pathway') %in% names(input)) & any(c('walk') %in% input[['ucc_activemode']])    & any(c('ap', 'carbon') %in% input[['ucc_pathway']]) & any(c('onecase', 'twocases') %in% input[['ucc_comparisoncases']])",NA,NA,NA,NA
"130","Active travel characteristics","quali_activemode_bike_fromebike45",NA,"slider_percent","Proportion shifted from fast e-biking (< 45 km/h)",NA,"Specify the proportions for each substituted mode","from fast e-biking (<45km/h)",NA,"quali_activemode_[activemode]_fromebike45","Default proportion shifted from ebike45 to bike","ui_default_value","double",0,"%","all(c('ucc_activemode', 'ucc_activemode', 'ucc_comparisoncases', 'ucc_pathway') %in% names(input)) & any(c('bike') %in% input[['ucc_activemode']])    & any(c('ap', 'carbon') %in% input[['ucc_pathway']]) & any(c('onecase', 'twocases') %in% input[['ucc_comparisoncases']])",NA,NA,NA,NA
"131","Active travel characteristics","quali_activemode_bikeshare_fromebike45",NA,"slider_percent","Proportion shifted from fast e-biking (< 45 km/h)",NA,"Specify the proportions for each substituted mode","from fast e-biking (<45km/h)",NA,"quali_activemode_[activemode]_fromebike45","Default proportion shifted from ebike45 to bikeshare","ui_default_value","double",0,"%","all(c('ucc_activemode', 'ucc_activemode', 'ucc_comparisoncases', 'ucc_pathway') %in% names(input)) & any(c('bikeshare') %in% input[['ucc_activemode']])    & any(c('ap', 'carbon') %in% input[['ucc_pathway']]) & any(c('onecase', 'twocases') %in% input[['ucc_comparisoncases']])",NA,NA,NA,NA
"132","Active travel characteristics","quali_activemode_ebike_fromebike45",NA,"slider_percent","Proportion shifted from fast e-biking (< 45 km/h)",NA,"Specify the proportions for each substituted mode","from fast e-biking (<45km/h)",NA,"quali_activemode_[activemode]_fromebike45","Default proportion shifted from ebike45 to ebike","ui_default_value","double",0,"%","all(c('ucc_activemode', 'ucc_activemode', 'ucc_comparisoncases', 'ucc_pathway') %in% names(input)) & any(c('ebike') %in% input[['ucc_activemode']])    & any(c('ap', 'carbon') %in% input[['ucc_pathway']]) & any(c('onecase', 'twocases') %in% input[['ucc_comparisoncases']])",NA,NA,NA,NA
"133","Active travel characteristics","quali_activemode_ebike25_fromebike45",NA,"slider_percent","Proportion shifted from fast e-biking (< 45 km/h)",NA,"Specify the proportions for each substituted mode","from fast e-biking (<45km/h)",NA,"quali_activemode_[activemode]_fromebike45","Default proportion shifted from ebike45 to ebike25","ui_default_value","double",0,"%","all(c('ucc_activemode', 'ucc_activemode', 'ucc_comparisoncases', 'ucc_pathway') %in% names(input)) & any(c('ebike25') %in% input[['ucc_activemode']])    & any(c('ap', 'carbon') %in% input[['ucc_pathway']]) & any(c('onecase', 'twocases') %in% input[['ucc_comparisoncases']])",NA,NA,NA,NA
"134","Active travel characteristics","quali_activemode_run_fromebike45",NA,"slider_percent","Proportion shifted from fast e-biking (< 45 km/h)",NA,"Specify the proportions for each substituted mode","from fast e-biking (<45km/h)",NA,"quali_activemode_[activemode]_fromebike45","Default proportion shifted from ebike45 to run","ui_default_value","double",0,"%","all(c('ucc_activemode', 'ucc_activemode', 'ucc_comparisoncases', 'ucc_pathway') %in% names(input)) & any(c('run') %in% input[['ucc_activemode']])    & any(c('ap', 'carbon') %in% input[['ucc_pathway']]) & any(c('onecase', 'twocases') %in% input[['ucc_comparisoncases']])",NA,NA,NA,NA
"135","Active travel characteristics","quali_activemode_walk_fromebike45",NA,"slider_percent","Proportion shifted from fast e-biking (< 45 km/h)",NA,"Specify the proportions for each substituted mode","from fast e-biking (<45km/h)",NA,"quali_activemode_[activemode]_fromebike45","Default proportion shifted from ebike45 to walk","ui_default_value","double",0,"%","all(c('ucc_activemode', 'ucc_activemode', 'ucc_comparisoncases', 'ucc_pathway') %in% names(input)) & any(c('walk') %in% input[['ucc_activemode']])    & any(c('ap', 'carbon') %in% input[['ucc_pathway']]) & any(c('onecase', 'twocases') %in% input[['ucc_comparisoncases']])",NA,NA,NA,NA
"136","Active travel characteristics","quali_activemode_bike_fromlightrail",NA,"slider_percent","Proportion shifted from light rail",NA,"Specify what proportion of ""transport-related trips"" specified above (=100%) was shifted from the ""substituted mode""","from lightrail",NA,"quali_activemode_[activemode]_fromlightrail","Default proportion shifted from lightrail to bike","ui_default_value","double",10,"%","all(c('ucc_activemode', 'ucc_motormode', 'ucc_motormoderefined', 'ucc_comparisoncases', 'ucc_pathway') %in% names(input)) & any(c('bike') %in% input[['ucc_activemode']]) & any(c('ap', 'crash', 'carbon') %in% input[['ucc_pathway']]) & any(c('nodata', 'refined') %in% input[['ucc_motormode']]) & any(c('lightrail') %in% input[['ucc_motormoderefined']]) & ((c('onecase') %in% input[['ucc_comparisoncases']] & any(c('refined') %in% input[['ucc_motormode']])) | (c('twocases') %in% input[['ucc_comparisoncases']] & c('nodata') %in% input[['ucc_motormode']]))",NA,NA,NA,NA
"137","Active travel characteristics","quali_activemode_bikeshare_fromlightrail",NA,"slider_percent","Proportion shifted from light rail",NA,"Specify what proportion of ""transport-related trips"" specified above (=100%) was shifted from the ""substituted mode""","from lightrail",NA,"quali_activemode_[activemode]_fromlightrail","Default proportion shifted from lightrail to bikeshare","ui_default_value","double",10,"%","all(c('ucc_activemode', 'ucc_motormode', 'ucc_motormoderefined', 'ucc_comparisoncases', 'ucc_pathway') %in% names(input)) & any(c('bikeshare') %in% input[['ucc_activemode']]) & any(c('ap', 'crash', 'carbon') %in% input[['ucc_pathway']]) & any(c('nodata', 'refined') %in% input[['ucc_motormode']]) & any(c('lightrail') %in% input[['ucc_motormoderefined']]) & ((c('onecase') %in% input[['ucc_comparisoncases']] & any(c('refined') %in% input[['ucc_motormode']])) | (c('twocases') %in% input[['ucc_comparisoncases']] & c('nodata') %in% input[['ucc_motormode']]))",NA,NA,NA,NA
"138","Active travel characteristics","quali_activemode_ebike_fromlightrail",NA,"slider_percent","Proportion shifted from light rail",NA,"Specify what proportion of ""transport-related trips"" specified above (=100%) was shifted from the ""substituted mode""","from lightrail",NA,"quali_activemode_[activemode]_fromlightrail","Default proportion shifted from lightrail to ebike","ui_default_value","double",10,"%","all(c('ucc_activemode', 'ucc_motormode', 'ucc_motormoderefined', 'ucc_comparisoncases', 'ucc_pathway') %in% names(input)) & any(c('ebike') %in% input[['ucc_activemode']]) & any(c('ap', 'crash', 'carbon') %in% input[['ucc_pathway']]) & any(c('nodata', 'refined') %in% input[['ucc_motormode']]) & any(c('lightrail') %in% input[['ucc_motormoderefined']]) & ((c('onecase') %in% input[['ucc_comparisoncases']] & any(c('refined') %in% input[['ucc_motormode']])) | (c('twocases') %in% input[['ucc_comparisoncases']] & c('nodata') %in% input[['ucc_motormode']]))",NA,NA,NA,NA
"139","Active travel characteristics","quali_activemode_ebike25_fromlightrail",NA,"slider_percent","Proportion shifted from light rail",NA,"Specify what proportion of ""transport-related trips"" specified above (=100%) was shifted from the ""substituted mode""","from lightrail",NA,"quali_activemode_[activemode]_fromlightrail","Default proportion shifted from lightrail to ebike25","ui_default_value","double",10,"%","all(c('ucc_activemode', 'ucc_motormode', 'ucc_motormoderefined', 'ucc_comparisoncases', 'ucc_pathway') %in% names(input)) & any(c('ebike25') %in% input[['ucc_activemode']]) & any(c('ap', 'crash', 'carbon') %in% input[['ucc_pathway']]) & any(c('nodata', 'refined') %in% input[['ucc_motormode']]) & any(c('lightrail') %in% input[['ucc_motormoderefined']]) & ((c('onecase') %in% input[['ucc_comparisoncases']] & any(c('refined') %in% input[['ucc_motormode']])) | (c('twocases') %in% input[['ucc_comparisoncases']] & c('nodata') %in% input[['ucc_motormode']]))",NA,NA,NA,NA
"140","Active travel characteristics","quali_activemode_ebike45_fromlightrail",NA,"slider_percent","Proportion shifted from light rail",NA,"Specify what proportion of ""transport-related trips"" specified above (=100%) was shifted from the ""substituted mode""","from lightrail",NA,"quali_activemode_[activemode]_fromlightrail","Default proportion shifted from lightrail to ebike45","ui_default_value","double",10,"%","all(c('ucc_activemode', 'ucc_motormode', 'ucc_motormoderefined', 'ucc_comparisoncases', 'ucc_pathway') %in% names(input)) & any(c('ebike45') %in% input[['ucc_activemode']]) & any(c('ap', 'crash', 'carbon') %in% input[['ucc_pathway']]) & any(c('nodata', 'refined') %in% input[['ucc_motormode']]) & any(c('lightrail') %in% input[['ucc_motormoderefined']]) & ((c('onecase') %in% input[['ucc_comparisoncases']] & any(c('refined') %in% input[['ucc_motormode']])) | (c('twocases') %in% input[['ucc_comparisoncases']] & c('nodata') %in% input[['ucc_motormode']]))",NA,NA,NA,NA
"141","Active travel characteristics","quali_activemode_run_fromlightrail",NA,"slider_percent","Proportion shifted from light rail",NA,"Specify what proportion of ""transport-related trips"" specified above (=100%) was shifted from the ""substituted mode""","from lightrail",NA,"quali_activemode_[activemode]_fromlightrail","Default proportion shifted from lightrail to run","ui_default_value","double",0,"%","all(c('ucc_activemode', 'ucc_motormode', 'ucc_motormoderefined', 'ucc_comparisoncases', 'ucc_pathway') %in% names(input)) & any(c('run') %in% input[['ucc_activemode']]) & any(c('ap', 'crash', 'carbon') %in% input[['ucc_pathway']]) & any(c('nodata', 'refined') %in% input[['ucc_motormode']]) & any(c('lightrail') %in% input[['ucc_motormoderefined']]) & ((c('onecase') %in% input[['ucc_comparisoncases']] & any(c('refined') %in% input[['ucc_motormode']])) | (c('twocases') %in% input[['ucc_comparisoncases']] & c('nodata') %in% input[['ucc_motormode']]))",NA,NA,NA,NA
"142","Active travel characteristics","quali_activemode_walk_fromlightrail",NA,"slider_percent","Proportion shifted from light rail",NA,"Specify what proportion of ""transport-related trips"" specified above (=100%) was shifted from the ""substituted mode""","from lightrail",NA,"quali_activemode_[activemode]_fromlightrail","Default proportion shifted from lightrail to walk","ui_default_value","double",20,"%","all(c('ucc_activemode', 'ucc_motormode', 'ucc_motormoderefined', 'ucc_comparisoncases', 'ucc_pathway') %in% names(input)) & any(c('walk') %in% input[['ucc_activemode']]) & any(c('ap', 'crash', 'carbon') %in% input[['ucc_pathway']]) & any(c('nodata', 'refined') %in% input[['ucc_motormode']]) & any(c('lightrail') %in% input[['ucc_motormoderefined']]) & ((c('onecase') %in% input[['ucc_comparisoncases']] & any(c('refined') %in% input[['ucc_motormode']])) | (c('twocases') %in% input[['ucc_comparisoncases']] & c('nodata') %in% input[['ucc_motormode']]))",NA,NA,NA,NA
"143","Active travel characteristics","quali_activemode_bike_frommotorbike",NA,"slider_percent","Proportion shifted from motorcycle",NA,"Specify what proportion of ""transport-related trips"" specified above (=100%) was shifted from the ""substituted mode""","from motorbike",NA,"quali_activemode_[activemode]_frommotorbike","Default proportion shifted from motorbike to bike","ui_default_value","double",0,"%","all(c('ucc_activemode', 'ucc_motormode', 'ucc_motormoderefined', 'ucc_comparisoncases', 'ucc_pathway') %in% names(input)) & any(c('bike') %in% input[['ucc_activemode']]) & any(c('ap', 'crash', 'carbon') %in% input[['ucc_pathway']]) & any(c('nodata', 'refined') %in% input[['ucc_motormode']]) & any(c('motorbike') %in% input[['ucc_motormoderefined']]) & ((c('onecase') %in% input[['ucc_comparisoncases']] & any(c('refined') %in% input[['ucc_motormode']])) | (c('twocases') %in% input[['ucc_comparisoncases']] & c('nodata') %in% input[['ucc_motormode']]))",NA,NA,NA,NA
"144","Active travel characteristics","quali_activemode_bikeshare_frommotorbike",NA,"slider_percent","Proportion shifted from motorcycle",NA,"Specify what proportion of ""transport-related trips"" specified above (=100%) was shifted from the ""substituted mode""","from motorbike",NA,"quali_activemode_[activemode]_frommotorbike","Default proportion shifted from motorbike to bikeshare","ui_default_value","double",0,"%","all(c('ucc_activemode', 'ucc_motormode', 'ucc_motormoderefined', 'ucc_comparisoncases', 'ucc_pathway') %in% names(input)) & any(c('bikeshare') %in% input[['ucc_activemode']]) & any(c('ap', 'crash', 'carbon') %in% input[['ucc_pathway']]) & any(c('nodata', 'refined') %in% input[['ucc_motormode']]) & any(c('motorbike') %in% input[['ucc_motormoderefined']]) & ((c('onecase') %in% input[['ucc_comparisoncases']] & any(c('refined') %in% input[['ucc_motormode']])) | (c('twocases') %in% input[['ucc_comparisoncases']] & c('nodata') %in% input[['ucc_motormode']]))",NA,NA,NA,NA
"145","Active travel characteristics","quali_activemode_ebike_frommotorbike",NA,"slider_percent","Proportion shifted from motorcycle",NA,"Specify what proportion of ""transport-related trips"" specified above (=100%) was shifted from the ""substituted mode""","from motorbike",NA,"quali_activemode_[activemode]_frommotorbike","Default proportion shifted from motorbike to ebike","ui_default_value","double",0,"%","all(c('ucc_activemode', 'ucc_motormode', 'ucc_motormoderefined', 'ucc_comparisoncases', 'ucc_pathway') %in% names(input)) & any(c('ebike') %in% input[['ucc_activemode']]) & any(c('ap', 'crash', 'carbon') %in% input[['ucc_pathway']]) & any(c('nodata', 'refined') %in% input[['ucc_motormode']]) & any(c('motorbike') %in% input[['ucc_motormoderefined']]) & ((c('onecase') %in% input[['ucc_comparisoncases']] & any(c('refined') %in% input[['ucc_motormode']])) | (c('twocases') %in% input[['ucc_comparisoncases']] & c('nodata') %in% input[['ucc_motormode']]))",NA,NA,NA,NA
"146","Active travel characteristics","quali_activemode_ebike25_frommotorbike",NA,"slider_percent","Proportion shifted from motorcycle",NA,"Specify what proportion of ""transport-related trips"" specified above (=100%) was shifted from the ""substituted mode""","from motorbike",NA,"quali_activemode_[activemode]_frommotorbike","Default proportion shifted from motorbike to ebike25","ui_default_value","double",0,"%","all(c('ucc_activemode', 'ucc_motormode', 'ucc_motormoderefined', 'ucc_comparisoncases', 'ucc_pathway') %in% names(input)) & any(c('ebike25') %in% input[['ucc_activemode']]) & any(c('ap', 'crash', 'carbon') %in% input[['ucc_pathway']]) & any(c('nodata', 'refined') %in% input[['ucc_motormode']]) & any(c('motorbike') %in% input[['ucc_motormoderefined']]) & ((c('onecase') %in% input[['ucc_comparisoncases']] & any(c('refined') %in% input[['ucc_motormode']])) | (c('twocases') %in% input[['ucc_comparisoncases']] & c('nodata') %in% input[['ucc_motormode']]))",NA,NA,NA,NA
"147","Active travel characteristics","quali_activemode_ebike45_frommotorbike",NA,"slider_percent","Proportion shifted from motorcycle",NA,"Specify what proportion of ""transport-related trips"" specified above (=100%) was shifted from the ""substituted mode""","from motorbike",NA,"quali_activemode_[activemode]_frommotorbike","Default proportion shifted from motorbike to ebike45","ui_default_value","double",0,"%","all(c('ucc_activemode', 'ucc_motormode', 'ucc_motormoderefined', 'ucc_comparisoncases', 'ucc_pathway') %in% names(input)) & any(c('ebike45') %in% input[['ucc_activemode']]) & any(c('ap', 'crash', 'carbon') %in% input[['ucc_pathway']]) & any(c('nodata', 'refined') %in% input[['ucc_motormode']]) & any(c('motorbike') %in% input[['ucc_motormoderefined']]) & ((c('onecase') %in% input[['ucc_comparisoncases']] & any(c('refined') %in% input[['ucc_motormode']])) | (c('twocases') %in% input[['ucc_comparisoncases']] & c('nodata') %in% input[['ucc_motormode']]))",NA,NA,NA,NA
"148","Active travel characteristics","quali_activemode_run_frommotorbike",NA,"slider_percent","Proportion shifted from motorcycle",NA,"Specify what proportion of ""transport-related trips"" specified above (=100%) was shifted from the ""substituted mode""","from motorbike",NA,"quali_activemode_[activemode]_frommotorbike","Default proportion shifted from motorbike to run","ui_default_value","double",0,"%","all(c('ucc_activemode', 'ucc_motormode', 'ucc_motormoderefined', 'ucc_comparisoncases', 'ucc_pathway') %in% names(input)) & any(c('run') %in% input[['ucc_activemode']]) & any(c('ap', 'crash', 'carbon') %in% input[['ucc_pathway']]) & any(c('nodata', 'refined') %in% input[['ucc_motormode']]) & any(c('motorbike') %in% input[['ucc_motormoderefined']]) & ((c('onecase') %in% input[['ucc_comparisoncases']] & any(c('refined') %in% input[['ucc_motormode']])) | (c('twocases') %in% input[['ucc_comparisoncases']] & c('nodata') %in% input[['ucc_motormode']]))",NA,NA,NA,NA
"149","Active travel characteristics","quali_activemode_walk_frommotorbike",NA,"slider_percent","Proportion shifted from motorcycle",NA,"Specify what proportion of ""transport-related trips"" specified above (=100%) was shifted from the ""substituted mode""","from motorbike",NA,"quali_activemode_[activemode]_frommotorbike","Default proportion shifted from motorbike to walk","ui_default_value","double",0,"%","all(c('ucc_activemode', 'ucc_motormode', 'ucc_motormoderefined', 'ucc_comparisoncases', 'ucc_pathway') %in% names(input)) & any(c('walk') %in% input[['ucc_activemode']]) & any(c('ap', 'crash', 'carbon') %in% input[['ucc_pathway']]) & any(c('nodata', 'refined') %in% input[['ucc_motormode']]) & any(c('motorbike') %in% input[['ucc_motormoderefined']]) & ((c('onecase') %in% input[['ucc_comparisoncases']] & any(c('refined') %in% input[['ucc_motormode']])) | (c('twocases') %in% input[['ucc_comparisoncases']] & c('nodata') %in% input[['ucc_motormode']]))",NA,NA,NA,NA
"150","Active travel characteristics","quali_activemode_bike_frompt",NA,"slider_percent","Proportion shifted from public transport",NA,"Specify what proportion of ""transport-related trips"" specified above (=100%) was shifted from the ""substituted mode""","from public transport",NA,"quali_activemode_[activemode]_frompt","Default proportion shifted from pt to bike","ui_default_value","double",50,"%","all(c('ucc_activemode', 'ucc_motormode', 'ucc_comparisoncases', 'ucc_pathway') %in% names(input)) & any(c('bike') %in% input[['ucc_activemode']]) & any(c('ap', 'carbon') %in% input[['ucc_pathway']]) & any(c('nodata', 'basic') %in% input[['ucc_motormode']])  & ((c('onecase') %in% input[['ucc_comparisoncases']]  & any(c('nodata', 'basic') %in% input[['ucc_motormode']])) | (c('twocases') %in% input[['ucc_comparisoncases']] & c('nodata') %in% input[['ucc_motormode']]))",NA,NA,NA,NA
"151","Active travel characteristics","quali_activemode_bikeshare_frompt",NA,"slider_percent","Proportion shifted from public transport",NA,"Specify what proportion of ""transport-related trips"" specified above (=100%) was shifted from the ""substituted mode""","from public transport",NA,"quali_activemode_[activemode]_frompt","Default proportion shifted from pt to bikeshare","ui_default_value","double",30,"%","all(c('ucc_activemode', 'ucc_motormode', 'ucc_comparisoncases', 'ucc_pathway') %in% names(input)) & any(c('bikeshare') %in% input[['ucc_activemode']]) & any(c('ap', 'carbon') %in% input[['ucc_pathway']]) & any(c('nodata', 'basic') %in% input[['ucc_motormode']])  & ((c('onecase') %in% input[['ucc_comparisoncases']]  & any(c('nodata', 'basic') %in% input[['ucc_motormode']])) | (c('twocases') %in% input[['ucc_comparisoncases']] & c('nodata') %in% input[['ucc_motormode']]))",NA,NA,NA,NA
"152","Active travel characteristics","quali_activemode_ebike_frompt",NA,"slider_percent","Proportion shifted from public transport",NA,"Specify what proportion of ""transport-related trips"" specified above (=100%) was shifted from the ""substituted mode""","from public transport",NA,"quali_activemode_[activemode]_frompt","Default proportion shifted from pt to ebike","ui_default_value","double",30,"%","all(c('ucc_activemode', 'ucc_motormode', 'ucc_comparisoncases', 'ucc_pathway') %in% names(input)) & any(c('ebike') %in% input[['ucc_activemode']]) & any(c('ap', 'carbon') %in% input[['ucc_pathway']]) & any(c('nodata', 'basic') %in% input[['ucc_motormode']])  & ((c('onecase') %in% input[['ucc_comparisoncases']]  & any(c('nodata', 'basic') %in% input[['ucc_motormode']])) | (c('twocases') %in% input[['ucc_comparisoncases']] & c('nodata') %in% input[['ucc_motormode']]))",NA,NA,NA,NA
"153","Active travel characteristics","quali_activemode_ebike25_frompt",NA,"slider_percent","Proportion shifted from public transport",NA,"Specify what proportion of ""transport-related trips"" specified above (=100%) was shifted from the ""substituted mode""","from public transport",NA,"quali_activemode_[activemode]_frompt","Default proportion shifted from pt to ebike25","ui_default_value","double",30,"%","all(c('ucc_activemode', 'ucc_motormode', 'ucc_comparisoncases', 'ucc_pathway') %in% names(input)) & any(c('ebike25') %in% input[['ucc_activemode']]) & any(c('ap', 'carbon') %in% input[['ucc_pathway']]) & any(c('nodata', 'basic') %in% input[['ucc_motormode']])  & ((c('onecase') %in% input[['ucc_comparisoncases']]  & any(c('nodata', 'basic') %in% input[['ucc_motormode']])) | (c('twocases') %in% input[['ucc_comparisoncases']] & c('nodata') %in% input[['ucc_motormode']]))",NA,NA,NA,NA
"154","Active travel characteristics","quali_activemode_ebike45_frompt",NA,"slider_percent","Proportion shifted from public transport",NA,"Specify what proportion of ""transport-related trips"" specified above (=100%) was shifted from the ""substituted mode""","from public transport",NA,"quali_activemode_[activemode]_frompt","Default proportion shifted from pt to ebike45","ui_default_value","double",40,"%","all(c('ucc_activemode', 'ucc_motormode', 'ucc_comparisoncases', 'ucc_pathway') %in% names(input)) & any(c('ebike45') %in% input[['ucc_activemode']]) & any(c('ap', 'carbon') %in% input[['ucc_pathway']]) & any(c('nodata', 'basic') %in% input[['ucc_motormode']])  & ((c('onecase') %in% input[['ucc_comparisoncases']]  & any(c('nodata', 'basic') %in% input[['ucc_motormode']])) | (c('twocases') %in% input[['ucc_comparisoncases']] & c('nodata') %in% input[['ucc_motormode']]))",NA,NA,NA,NA
"155","Active travel characteristics","quali_activemode_run_frompt",NA,"slider_percent","Proportion shifted from public transport",NA,"Specify what proportion of ""transport-related trips"" specified above (=100%) was shifted from the ""substituted mode""","from public transport",NA,"quali_activemode_[activemode]_frompt","Default proportion shifted from pt to run","ui_default_value","double",0,"%","all(c('ucc_activemode', 'ucc_motormode', 'ucc_comparisoncases', 'ucc_pathway') %in% names(input)) & any(c('run') %in% input[['ucc_activemode']]) & any(c('ap', 'carbon') %in% input[['ucc_pathway']]) & any(c('nodata', 'basic') %in% input[['ucc_motormode']])  & ((c('onecase') %in% input[['ucc_comparisoncases']]  & any(c('nodata', 'basic') %in% input[['ucc_motormode']])) | (c('twocases') %in% input[['ucc_comparisoncases']] & c('nodata') %in% input[['ucc_motormode']]))",NA,NA,NA,NA
"156","Active travel characteristics","quali_activemode_walk_frompt",NA,"slider_percent","Proportion shifted from public transport",NA,"Specify what proportion of ""transport-related trips"" specified above (=100%) was shifted from the ""substituted mode""","from public transport",NA,"quali_activemode_[activemode]_frompt","Default proportion shifted from pt to walk","ui_default_value","double",60,"%","all(c('ucc_activemode', 'ucc_motormode', 'ucc_comparisoncases', 'ucc_pathway') %in% names(input)) & any(c('walk') %in% input[['ucc_activemode']]) & any(c('ap', 'carbon') %in% input[['ucc_pathway']]) & any(c('nodata', 'basic') %in% input[['ucc_motormode']])  & ((c('onecase') %in% input[['ucc_comparisoncases']]  & any(c('nodata', 'basic') %in% input[['ucc_motormode']])) | (c('twocases') %in% input[['ucc_comparisoncases']] & c('nodata') %in% input[['ucc_motormode']]))",NA,NA,NA,NA
"157","Active travel characteristics","quali_activemode_bike_fromtrain",NA,"slider_percent","Proportion shifted from train",NA,"Specify what proportion of ""transport-related trips"" specified above (=100%) was shifted from the ""substituted mode""","from train",NA,"quali_activemode_[activemode]_fromtrain","Default proportion shifted from train to bike","ui_default_value","double",10,"%","all(c('ucc_activemode', 'ucc_motormode', 'ucc_motormoderefined', 'ucc_comparisoncases', 'ucc_pathway') %in% names(input)) & any(c('bike') %in% input[['ucc_activemode']]) & any(c('ap', 'crash', 'carbon') %in% input[['ucc_pathway']]) & any(c('nodata', 'refined') %in% input[['ucc_motormode']]) & any(c('train') %in% input[['ucc_motormoderefined']]) & ((c('onecase') %in% input[['ucc_comparisoncases']] & any(c('refined') %in% input[['ucc_motormode']])) | (c('twocases') %in% input[['ucc_comparisoncases']] & c('nodata') %in% input[['ucc_motormode']]))",NA,NA,NA,NA
"158","Active travel characteristics","quali_activemode_bikeshare_fromtrain",NA,"slider_percent","Proportion shifted from train",NA,"Specify what proportion of ""transport-related trips"" specified above (=100%) was shifted from the ""substituted mode""","from train",NA,"quali_activemode_[activemode]_fromtrain","Default proportion shifted from train to bikeshare","ui_default_value","double",0,"%","all(c('ucc_activemode', 'ucc_motormode', 'ucc_motormoderefined', 'ucc_comparisoncases', 'ucc_pathway') %in% names(input)) & any(c('bikeshare') %in% input[['ucc_activemode']]) & any(c('ap', 'crash', 'carbon') %in% input[['ucc_pathway']]) & any(c('nodata', 'refined') %in% input[['ucc_motormode']]) & any(c('train') %in% input[['ucc_motormoderefined']]) & ((c('onecase') %in% input[['ucc_comparisoncases']] & any(c('refined') %in% input[['ucc_motormode']])) | (c('twocases') %in% input[['ucc_comparisoncases']] & c('nodata') %in% input[['ucc_motormode']]))",NA,NA,NA,NA
"159","Active travel characteristics","quali_activemode_ebike_fromtrain",NA,"slider_percent","Proportion shifted from train",NA,"Specify what proportion of ""transport-related trips"" specified above (=100%) was shifted from the ""substituted mode""","from train",NA,"quali_activemode_[activemode]_fromtrain","Default proportion shifted from train to ebike","ui_default_value","double",10,"%","all(c('ucc_activemode', 'ucc_motormode', 'ucc_motormoderefined', 'ucc_comparisoncases', 'ucc_pathway') %in% names(input)) & any(c('ebike') %in% input[['ucc_activemode']]) & any(c('ap', 'crash', 'carbon') %in% input[['ucc_pathway']]) & any(c('nodata', 'refined') %in% input[['ucc_motormode']]) & any(c('train') %in% input[['ucc_motormoderefined']]) & ((c('onecase') %in% input[['ucc_comparisoncases']] & any(c('refined') %in% input[['ucc_motormode']])) | (c('twocases') %in% input[['ucc_comparisoncases']] & c('nodata') %in% input[['ucc_motormode']]))",NA,NA,NA,NA
"160","Active travel characteristics","quali_activemode_ebike25_fromtrain",NA,"slider_percent","Proportion shifted from train",NA,"Specify what proportion of ""transport-related trips"" specified above (=100%) was shifted from the ""substituted mode""","from train",NA,"quali_activemode_[activemode]_fromtrain","Default proportion shifted from train to ebike25","ui_default_value","double",10,"%","all(c('ucc_activemode', 'ucc_motormode', 'ucc_motormoderefined', 'ucc_comparisoncases', 'ucc_pathway') %in% names(input)) & any(c('ebike25') %in% input[['ucc_activemode']]) & any(c('ap', 'crash', 'carbon') %in% input[['ucc_pathway']]) & any(c('nodata', 'refined') %in% input[['ucc_motormode']]) & any(c('train') %in% input[['ucc_motormoderefined']]) & ((c('onecase') %in% input[['ucc_comparisoncases']] & any(c('refined') %in% input[['ucc_motormode']])) | (c('twocases') %in% input[['ucc_comparisoncases']] & c('nodata') %in% input[['ucc_motormode']]))",NA,NA,NA,NA
"161","Active travel characteristics","quali_activemode_ebike45_fromtrain",NA,"slider_percent","Proportion shifted from train",NA,"Specify what proportion of ""transport-related trips"" specified above (=100%) was shifted from the ""substituted mode""","from train",NA,"quali_activemode_[activemode]_fromtrain","Default proportion shifted from train to ebike45","ui_default_value","double",10,"%","all(c('ucc_activemode', 'ucc_motormode', 'ucc_motormoderefined', 'ucc_comparisoncases', 'ucc_pathway') %in% names(input)) & any(c('ebike45') %in% input[['ucc_activemode']]) & any(c('ap', 'crash', 'carbon') %in% input[['ucc_pathway']]) & any(c('nodata', 'refined') %in% input[['ucc_motormode']]) & any(c('train') %in% input[['ucc_motormoderefined']]) & ((c('onecase') %in% input[['ucc_comparisoncases']] & any(c('refined') %in% input[['ucc_motormode']])) | (c('twocases') %in% input[['ucc_comparisoncases']] & c('nodata') %in% input[['ucc_motormode']]))",NA,NA,NA,NA
"162","Active travel characteristics","quali_activemode_run_fromtrain",NA,"slider_percent","Proportion shifted from train",NA,"Specify what proportion of ""transport-related trips"" specified above (=100%) was shifted from the ""substituted mode""","from train",NA,"quali_activemode_[activemode]_fromtrain","Default proportion shifted from train to run","ui_default_value","double",0,"%","all(c('ucc_activemode', 'ucc_motormode', 'ucc_motormoderefined', 'ucc_comparisoncases', 'ucc_pathway') %in% names(input)) & any(c('run') %in% input[['ucc_activemode']]) & any(c('ap', 'crash', 'carbon') %in% input[['ucc_pathway']]) & any(c('nodata', 'refined') %in% input[['ucc_motormode']]) & any(c('train') %in% input[['ucc_motormoderefined']]) & ((c('onecase') %in% input[['ucc_comparisoncases']] & any(c('refined') %in% input[['ucc_motormode']])) | (c('twocases') %in% input[['ucc_comparisoncases']] & c('nodata') %in% input[['ucc_motormode']]))",NA,NA,NA,NA
"163","Active travel characteristics","quali_activemode_walk_fromtrain",NA,"slider_percent","Proportion shifted from train",NA,"Specify what proportion of ""transport-related trips"" specified above (=100%) was shifted from the ""substituted mode""","from train",NA,"quali_activemode_[activemode]_fromtrain","Default proportion shifted from train to walk","ui_default_value","double",0,"%","all(c('ucc_activemode', 'ucc_motormode', 'ucc_motormoderefined', 'ucc_comparisoncases', 'ucc_pathway') %in% names(input)) & any(c('walk') %in% input[['ucc_activemode']]) & any(c('ap', 'crash', 'carbon') %in% input[['ucc_pathway']]) & any(c('nodata', 'refined') %in% input[['ucc_motormode']]) & any(c('train') %in% input[['ucc_motormoderefined']]) & ((c('onecase') %in% input[['ucc_comparisoncases']] & any(c('refined') %in% input[['ucc_motormode']])) | (c('twocases') %in% input[['ucc_comparisoncases']] & c('nodata') %in% input[['ucc_motormode']]))",NA,NA,NA,NA
"164","Active travel characteristics","quali_activemode_bike_fromwalk",NA,"slider_percent","Proportion shifted from walking",NA,"Specify what proportion of ""transport-related trips"" specified above (=100%) was shifted from the ""substituted mode""","from walking",NA,"quali_activemode_[activemode]_fromwalk","Default proportion shifted from walk to bike","ui_default_value","double",20,"%","all(c('ucc_activemode', 'ucc_activemode', 'ucc_comparisoncases', 'ucc_pathway') %in% names(input)) & any(c('bike') %in% input[['ucc_activemode']])    & any(c('ap', 'carbon') %in% input[['ucc_pathway']]) & any(c('onecase', 'twocases') %in% input[['ucc_comparisoncases']])",NA,NA,NA,NA
"165","Active travel characteristics","quali_activemode_bikeshare_fromwalk",NA,"slider_percent","Proportion shifted from walking",NA,"Specify what proportion of ""transport-related trips"" specified above (=100%) was shifted from the ""substituted mode""","from walking",NA,"quali_activemode_[activemode]_fromwalk","Default proportion shifted from walk to bikeshare","ui_default_value","double",30,"%","all(c('ucc_activemode', 'ucc_activemode', 'ucc_comparisoncases', 'ucc_pathway') %in% names(input)) & any(c('bikeshare') %in% input[['ucc_activemode']])    & any(c('ap', 'carbon') %in% input[['ucc_pathway']]) & any(c('onecase', 'twocases') %in% input[['ucc_comparisoncases']])",NA,NA,NA,NA
"166","Active travel characteristics","quali_activemode_ebike_fromwalk",NA,"slider_percent","Proportion shifted from walking",NA,"Specify what proportion of ""transport-related trips"" specified above (=100%) was shifted from the ""substituted mode""","from walking",NA,"quali_activemode_[activemode]_fromwalk","Default proportion shifted from walk to ebike","ui_default_value","double",10,"%","all(c('ucc_activemode', 'ucc_activemode', 'ucc_comparisoncases', 'ucc_pathway') %in% names(input)) & any(c('ebike') %in% input[['ucc_activemode']])    & any(c('ap', 'carbon') %in% input[['ucc_pathway']]) & any(c('onecase', 'twocases') %in% input[['ucc_comparisoncases']])",NA,NA,NA,NA
"167","Active travel characteristics","quali_activemode_ebike25_fromwalk",NA,"slider_percent","Proportion shifted from walking",NA,"Specify what proportion of ""transport-related trips"" specified above (=100%) was shifted from the ""substituted mode""","from walking",NA,"quali_activemode_[activemode]_fromwalk","Default proportion shifted from walk to ebike25","ui_default_value","double",10,"%","all(c('ucc_activemode', 'ucc_activemode', 'ucc_comparisoncases', 'ucc_pathway') %in% names(input)) & any(c('ebike25') %in% input[['ucc_activemode']])    & any(c('ap', 'carbon') %in% input[['ucc_pathway']]) & any(c('onecase', 'twocases') %in% input[['ucc_comparisoncases']])",NA,NA,NA,NA
"168","Active travel characteristics","quali_activemode_ebike45_fromwalk",NA,"slider_percent","Proportion shifted from walking",NA,"Specify what proportion of ""transport-related trips"" specified above (=100%) was shifted from the ""substituted mode""","from walking",NA,"quali_activemode_[activemode]_fromwalk","Default proportion shifted from walk to ebike45","ui_default_value","double",0,"%","all(c('ucc_activemode', 'ucc_activemode', 'ucc_comparisoncases', 'ucc_pathway') %in% names(input)) & any(c('ebike45') %in% input[['ucc_activemode']])    & any(c('ap', 'carbon') %in% input[['ucc_pathway']]) & any(c('onecase', 'twocases') %in% input[['ucc_comparisoncases']])",NA,NA,NA,NA
"169","Active travel characteristics","quali_activemode_run_fromwalk",NA,"slider_percent","Proportion shifted from walking",NA,"Specify what proportion of ""transport-related trips"" specified above (=100%) was shifted from the ""substituted mode""","from walking",NA,"quali_activemode_[activemode]_fromwalk","Default proportion shifted from walk to run","ui_default_value","double",0,"%","all(c('ucc_activemode', 'ucc_activemode', 'ucc_comparisoncases', 'ucc_pathway') %in% names(input)) & any(c('run') %in% input[['ucc_activemode']])    & any(c('ap', 'carbon') %in% input[['ucc_pathway']]) & any(c('onecase', 'twocases') %in% input[['ucc_comparisoncases']])",NA,NA,NA,NA
"170","Active travel characteristics","quali_activemode_bike_percentnew",NA,"slider_percent","Proportion of new trips","What proportion is due to entirely new trips?","When you are assessing the impacts of a new infrastructure or a campaign in a single-case assessment (i.e. you are not specifying a comparison case), you may want to specify here how many trips are new (i.e. induced by the assessed measure). These are different from trips that have been reassigned (i.e. due to people changing their route to the new infrastructure) or shifted from another mode (i.e. people changing the mode of transport ).","Percent of new trips","New trips have not been taken previously by another mode, or by the same mode on another route","quali_activemode_[activemode]_percentnew","Default proportion of bike ""newly induced"" (as opposed to ""shifted from other modes"")","ui_default_value","double",0,"%","all(c('ucc_activemode', 'ucc_comparisoncases', 'ucc_pathway') %in% names(input)) & any(c('bike') %in% input[['ucc_activemode']])    & any(c('ap', 'carbon') %in% input[['ucc_pathway']]) & any(c('onecase', 'twocases') %in% input[['ucc_comparisoncases']])",NA,NA,NA,NA
"171","Active travel characteristics","quali_activemode_bikeshare_percentnew",NA,"slider_percent","Proportion of new trips","What proportion is due to entirely new trips?","When you are assessing the impacts of a new infrastructure or a campaign in a single-case assessment (i.e. you are not specifying a comparison case), you may want to specify here how many trips are new (i.e. induced by the assessed measure). These are different from trips that have been reassigned (i.e. due to people changing their route to the new infrastructure) or shifted from another mode (i.e. people changing the mode of transport ).","Percent of new trips","New trips have not been taken previously by another mode, or by the same mode on another route","quali_activemode_[activemode]_percentnew","Default proportion of bikeshare ""newly induced"" (as opposed to ""shifted from other modes"")","ui_default_value","double",0,"%","all(c('ucc_activemode', 'ucc_comparisoncases', 'ucc_pathway') %in% names(input)) & any(c('bikeshare') %in% input[['ucc_activemode']])    & any(c('ap', 'carbon') %in% input[['ucc_pathway']]) & any(c('onecase', 'twocases') %in% input[['ucc_comparisoncases']])",NA,NA,NA,NA
"172","Active travel characteristics","quali_activemode_ebike_percentnew",NA,"slider_percent","Proportion of new trips","What proportion is due to entirely new trips?","When you are assessing the impacts of a new infrastructure or a campaign in a single-case assessment (i.e. you are not specifying a comparison case), you may want to specify here how many trips are new (i.e. induced by the assessed measure). These are different from trips that have been reassigned (i.e. due to people changing their route to the new infrastructure) or shifted from another mode (i.e. people changing the mode of transport ).","Percent of new trips","New trips have not been taken previously by another mode, or by the same mode on another route","quali_activemode_[activemode]_percentnew","Default proportion of ebike ""newly induced"" (as opposed to ""shifted from other modes"")","ui_default_value","double",0,"%","all(c('ucc_activemode', 'ucc_comparisoncases', 'ucc_pathway') %in% names(input)) & any(c('ebike') %in% input[['ucc_activemode']])    & any(c('ap', 'carbon') %in% input[['ucc_pathway']]) & any(c('onecase', 'twocases') %in% input[['ucc_comparisoncases']])",NA,NA,NA,NA
"173","Active travel characteristics","quali_activemode_ebike25_percentnew",NA,"slider_percent","Proportion of new trips","What proportion is due to entirely new trips?","When you are assessing the impacts of a new infrastructure or a campaign in a single-case assessment (i.e. you are not specifying a comparison case), you may want to specify here how many trips are new (i.e. induced by the assessed measure). These are different from trips that have been reassigned (i.e. due to people changing their route to the new infrastructure) or shifted from another mode (i.e. people changing the mode of transport ).","Percent of new trips","New trips have not been taken previously by another mode, or by the same mode on another route","quali_activemode_[activemode]_percentnew","Default proportion of ebike25 ""newly induced"" (as opposed to ""shifted from other modes"")","ui_default_value","double",0,"%","all(c('ucc_activemode', 'ucc_comparisoncases', 'ucc_pathway') %in% names(input)) & any(c('ebike25') %in% input[['ucc_activemode']])    & any(c('ap', 'carbon') %in% input[['ucc_pathway']]) & any(c('onecase', 'twocases') %in% input[['ucc_comparisoncases']])",NA,NA,NA,NA
"174","Active travel characteristics","quali_activemode_ebike45_percentnew",NA,"slider_percent","Proportion of new trips","What proportion is due to entirely new trips?","When you are assessing the impacts of a new infrastructure or a campaign in a single-case assessment (i.e. you are not specifying a comparison case), you may want to specify here how many trips are new (i.e. induced by the assessed measure). These are different from trips that have been reassigned (i.e. due to people changing their route to the new infrastructure) or shifted from another mode (i.e. people changing the mode of transport ).","Percent of new trips","New trips have not been taken previously by another mode, or by the same mode on another route","quali_activemode_[activemode]_percentnew","Default proportion of ebike45 ""newly induced"" (as opposed to ""shifted from other modes"")","ui_default_value","double",0,"%","all(c('ucc_activemode', 'ucc_comparisoncases', 'ucc_pathway') %in% names(input)) & any(c('ebike45') %in% input[['ucc_activemode']])    & any(c('ap', 'carbon') %in% input[['ucc_pathway']]) & any(c('onecase', 'twocases') %in% input[['ucc_comparisoncases']])",NA,NA,NA,NA
"175","Active travel characteristics","quali_activemode_run_percentnew",NA,"slider_percent","Proportion of new trips","What proportion is due to entirely new trips?","When you are assessing the impacts of a new infrastructure or a campaign in a single-case assessment (i.e. you are not specifying a comparison case), you may want to specify here how many trips are new (i.e. induced by the assessed measure). These are different from trips that have been reassigned (i.e. due to people changing their route to the new infrastructure) or shifted from another mode (i.e. people changing the mode of transport ).","Percent of new trips","New trips have not been taken previously by another mode, or by the same mode on another route","quali_activemode_[activemode]_percentnew","Default proportion of run ""newly induced"" (as opposed to ""shifted from other modes"")","ui_default_value","double",0,"%","all(c('ucc_activemode', 'ucc_comparisoncases', 'ucc_pathway') %in% names(input)) & any(c('run') %in% input[['ucc_activemode']])    & any(c('ap', 'carbon') %in% input[['ucc_pathway']]) & any(c('onecase', 'twocases') %in% input[['ucc_comparisoncases']])",NA,NA,NA,NA
"176","Active travel characteristics","quali_activemode_walk_percentnew",NA,"slider_percent","Proportion of new trips","What proportion is due to entirely new trips?","When you are assessing the impacts of a new infrastructure or a campaign in a single-case assessment (i.e. you are not specifying a comparison case), you may want to specify here how many trips are new (i.e. induced by the assessed measure). These are different from trips that have been reassigned (i.e. due to people changing their route to the new infrastructure) or shifted from another mode (i.e. people changing the mode of transport ).","Percent of new trips","New trips have not been taken previously by another mode, or by the same mode on another route","quali_activemode_[activemode]_percentnew","Default proportion of walk ""newly induced"" (as opposed to ""shifted from other modes"")","ui_default_value","double",0,"%","all(c('ucc_activemode', 'ucc_comparisoncases', 'ucc_pathway') %in% names(input)) & any(c('walk') %in% input[['ucc_activemode']])    & any(c('ap', 'carbon') %in% input[['ucc_pathway']]) & any(c('onecase', 'twocases') %in% input[['ucc_comparisoncases']])",NA,NA,NA,NA
"177","Active travel characteristics","quali_activemode_bike_percentreassigned",NA,"slider_percent","Proportion of reassigned trips","Exclude walking or cycling trips that previously used a different route.","When assessing a specific infrastructure (e.g. a new footpath, or a cycling network), ""reassigned"" trips are trips that previously took place on a different route to now take place on this infrastructure. These are excluded from the assessment because they do not reflect new active travel.","Percent reassigned trips","Reassigned trips have been taken previously by the same mode, but on a different route","quali_activemode_[activemode]_percentreassigned","Default proportion of bike ""reassigned from other routes"" (as opposed to ""truely new travel"")","ui_default_value","double",0,"%","all(c('ucc_activemode', 'ucc_comparisoncases', 'ucc_pathway') %in% names(input)) & any(c('bike') %in% input[['ucc_activemode']])    & any(c('ap', 'carbon') %in% input[['ucc_pathway']]) & any(c('onecase', 'twocases') %in% input[['ucc_comparisoncases']])",NA,NA,NA,NA
"178","Active travel characteristics","quali_activemode_bikeshare_percentreassigned",NA,"slider_percent","Proportion of reassigned trips","Exclude walking or cycling trips that previously used a different route.","When assessing a specific infrastructure (e.g. a new footpath, or a cycling network), ""reassigned"" trips are trips that previously took place on a different route to now take place on this infrastructure. These are excluded from the assessment because they do not reflect new active travel.","Percent reassigned trips","Reassigned trips have been taken previously by the same mode, but on a different route","quali_activemode_[activemode]_percentreassigned","Default proportion of bikeshare ""reassigned from other routes"" (as opposed to ""truely new travel"")","ui_default_value","double",0,"%","all(c('ucc_activemode', 'ucc_comparisoncases', 'ucc_pathway') %in% names(input)) & any(c('bikeshare') %in% input[['ucc_activemode']])    & any(c('ap', 'carbon') %in% input[['ucc_pathway']]) & any(c('onecase', 'twocases') %in% input[['ucc_comparisoncases']])",NA,NA,NA,NA
"179","Active travel characteristics","quali_activemode_ebike_percentreassigned",NA,"slider_percent","Proportion of reassigned trips","Exclude walking or cycling trips that previously used a different route.","When assessing a specific infrastructure (e.g. a new footpath, or a cycling network), ""reassigned"" trips are trips that previously took place on a different route to now take place on this infrastructure. These are excluded from the assessment because they do not reflect new active travel.","Percent reassigned trips","Reassigned trips have been taken previously by the same mode, but on a different route","quali_activemode_[activemode]_percentreassigned","Default proportion of ebike ""reassigned from other routes"" (as opposed to ""truely new travel"")","ui_default_value","double",0,"%","all(c('ucc_activemode', 'ucc_comparisoncases', 'ucc_pathway') %in% names(input)) & any(c('ebike') %in% input[['ucc_activemode']])    & any(c('ap', 'carbon') %in% input[['ucc_pathway']]) & any(c('onecase', 'twocases') %in% input[['ucc_comparisoncases']])",NA,NA,NA,NA
"180","Active travel characteristics","quali_activemode_ebike25_percentreassigned",NA,"slider_percent","Proportion of reassigned trips","Exclude walking or cycling trips that previously used a different route.","When assessing a specific infrastructure (e.g. a new footpath, or a cycling network), ""reassigned"" trips are trips that previously took place on a different route to now take place on this infrastructure. These are excluded from the assessment because they do not reflect new active travel.","Percent reassigned trips","Reassigned trips have been taken previously by the same mode, but on a different route","quali_activemode_[activemode]_percentreassigned","Default proportion of ebike25 ""reassigned from other routes"" (as opposed to ""truely new travel"")","ui_default_value","double",0,"%","all(c('ucc_activemode', 'ucc_comparisoncases', 'ucc_pathway') %in% names(input)) & any(c('ebike25') %in% input[['ucc_activemode']])    & any(c('ap', 'carbon') %in% input[['ucc_pathway']]) & any(c('onecase', 'twocases') %in% input[['ucc_comparisoncases']])",NA,NA,NA,NA
"181","Active travel characteristics","quali_activemode_ebike45_percentreassigned",NA,"slider_percent","Proportion of reassigned trips","Exclude walking or cycling trips that previously used a different route.","When assessing a specific infrastructure (e.g. a new footpath, or a cycling network), ""reassigned"" trips are trips that previously took place on a different route to now take place on this infrastructure. These are excluded from the assessment because they do not reflect new active travel.","Percent reassigned trips","Reassigned trips have been taken previously by the same mode, but on a different route","quali_activemode_[activemode]_percentreassigned","Default proportion of ebike45 ""reassigned from other routes"" (as opposed to ""truely new travel"")","ui_default_value","double",0,"%","all(c('ucc_activemode', 'ucc_comparisoncases', 'ucc_pathway') %in% names(input)) & any(c('ebike45') %in% input[['ucc_activemode']])    & any(c('ap', 'carbon') %in% input[['ucc_pathway']]) & any(c('onecase', 'twocases') %in% input[['ucc_comparisoncases']])",NA,NA,NA,NA
"182","Active travel characteristics","quali_activemode_run_percentreassigned",NA,"slider_percent","Proportion of reassigned trips","Exclude walking or cycling trips that previously used a different route.","When assessing a specific infrastructure (e.g. a new footpath, or a cycling network), ""reassigned"" trips are trips that previously took place on a different route to now take place on this infrastructure. These are excluded from the assessment because they do not reflect new active travel.","Percent reassigned trips","Reassigned trips have been taken previously by the same mode, but on a different route","quali_activemode_[activemode]_percentreassigned","Default proportion of run ""reassigned from other routes"" (as opposed to ""truely new travel"")","ui_default_value","double",0,"%","all(c('ucc_activemode', 'ucc_comparisoncases', 'ucc_pathway') %in% names(input)) & any(c('run') %in% input[['ucc_activemode']])    & any(c('ap', 'carbon') %in% input[['ucc_pathway']]) & any(c('onecase', 'twocases') %in% input[['ucc_comparisoncases']])",NA,NA,NA,NA
"183","Active travel characteristics","quali_activemode_walk_percentreassigned",NA,"slider_percent","Proportion of reassigned trips","Exclude walking or cycling trips that previously used a different route.","When assessing a specific infrastructure (e.g. a new footpath, or a cycling network), ""reassigned"" trips are trips that previously took place on a different route to now take place on this infrastructure. These are excluded from the assessment because they do not reflect new active travel.","Percent reassigned trips","Reassigned trips have been taken previously by the same mode, but on a different route","quali_activemode_[activemode]_percentreassigned","Default proportion of walk ""reassigned from other routes"" (as opposed to ""truely new travel"")","ui_default_value","double",0,"%","all(c('ucc_activemode', 'ucc_comparisoncases', 'ucc_pathway') %in% names(input)) & any(c('walk') %in% input[['ucc_activemode']])    & any(c('ap', 'carbon') %in% input[['ucc_pathway']]) & any(c('onecase', 'twocases') %in% input[['ucc_comparisoncases']])",NA,NA,NA,NA
"184","Active travel characteristics","quali_activemode_bike_percentshifted",NA,"slider_percent",NA,NA,NA,"Percent shifted from other modes","Shifted trips have been taken previously by another mode","quali_activemode_[activemode]_percentshifted","Default proportion of bike shifted from other modes","ui_default_value","double",0,"%","all(c('ucc_activemode', 'ucc_comparisoncases', 'ucc_pathway') %in% names(input)) & any(c('bike') %in% input[['ucc_activemode']])    & any(c('ap', 'carbon') %in% input[['ucc_pathway']]) & any(c('onecase', 'twocases') %in% input[['ucc_comparisoncases']])",NA,NA,NA,NA
"185","Active travel characteristics","quali_activemode_bikeshare_percentshifted",NA,"slider_percent",NA,NA,NA,"Percent shifted from other modes","Shifted trips have been taken previously by another mode","quali_activemode_[activemode]_percentshifted","Default proportion of bikeshare shifted from other modes","ui_default_value","double",0,"%","all(c('ucc_activemode', 'ucc_comparisoncases', 'ucc_pathway') %in% names(input)) & any(c('bikeshare') %in% input[['ucc_activemode']])    & any(c('ap', 'carbon') %in% input[['ucc_pathway']]) & any(c('onecase', 'twocases') %in% input[['ucc_comparisoncases']])",NA,NA,NA,NA
"186","Active travel characteristics","quali_activemode_ebike_percentshifted",NA,"slider_percent",NA,NA,NA,"Percent shifted from other modes","Shifted trips have been taken previously by another mode","quali_activemode_[activemode]_percentshifted","Default proportion of ebike shifted from other modes","ui_default_value","double",0,"%","all(c('ucc_activemode', 'ucc_comparisoncases', 'ucc_pathway') %in% names(input)) & any(c('ebike') %in% input[['ucc_activemode']])    & any(c('ap', 'carbon') %in% input[['ucc_pathway']]) & any(c('onecase', 'twocases') %in% input[['ucc_comparisoncases']])",NA,NA,NA,NA
"187","Active travel characteristics","quali_activemode_ebike25_percentshifted",NA,"slider_percent",NA,NA,NA,"Percent shifted from other modes","Shifted trips have been taken previously by another mode","quali_activemode_[activemode]_percentshifted","Default proportion of ebike25 shifted from other modes","ui_default_value","double",0,"%","all(c('ucc_activemode', 'ucc_comparisoncases', 'ucc_pathway') %in% names(input)) & any(c('ebike25') %in% input[['ucc_activemode']])    & any(c('ap', 'carbon') %in% input[['ucc_pathway']]) & any(c('onecase', 'twocases') %in% input[['ucc_comparisoncases']])",NA,NA,NA,NA
"188","Active travel characteristics","quali_activemode_ebike45_percentshifted",NA,"slider_percent",NA,NA,NA,"Percent shifted from other modes","Shifted trips have been taken previously by another mode","quali_activemode_[activemode]_percentshifted","Default proportion of ebike45 shifted from other modes","ui_default_value","double",0,"%","all(c('ucc_activemode', 'ucc_comparisoncases', 'ucc_pathway') %in% names(input)) & any(c('ebike45') %in% input[['ucc_activemode']])    & any(c('ap', 'carbon') %in% input[['ucc_pathway']]) & any(c('onecase', 'twocases') %in% input[['ucc_comparisoncases']])",NA,NA,NA,NA
"189","Active travel characteristics","quali_activemode_run_percentshifted",NA,"slider_percent",NA,NA,NA,"Percent shifted from other modes","Shifted trips have been taken previously by another mode","quali_activemode_[activemode]_percentshifted","Default proportion of run shifted from other modes","ui_default_value","double",0,"%","all(c('ucc_activemode', 'ucc_comparisoncases', 'ucc_pathway') %in% names(input)) & any(c('run') %in% input[['ucc_activemode']])    & any(c('ap', 'carbon') %in% input[['ucc_pathway']]) & any(c('onecase', 'twocases') %in% input[['ucc_comparisoncases']])",NA,NA,NA,NA
"190","Active travel characteristics","quali_activemode_walk_percentshifted",NA,"slider_percent",NA,NA,NA,"Percent shifted from other modes","Shifted trips have been taken previously by another mode","quali_activemode_[activemode]_percentshifted","Default proportion of walk shifted from other modes","ui_default_value","double",0,"%","all(c('ucc_activemode', 'ucc_comparisoncases', 'ucc_pathway') %in% names(input)) & any(c('walk') %in% input[['ucc_activemode']])    & any(c('ap', 'carbon') %in% input[['ucc_pathway']]) & any(c('onecase', 'twocases') %in% input[['ucc_comparisoncases']])",NA,NA,NA,NA
"191","Active travel characteristics","quali_activemode_bike_percenttransport",NA,"slider_percent","Proportion for transport","What proportion  is for transport (vs. recreation)?","“Transport-related” means to get to and from places, to pursue a specific purpose at the destination (e.g. work, shop, visit friends, play tennis, etc.).
Recreation means that the main purpose of the trip is exercise or recreation. 
Another way to think of this is that if not taken by bike or foot, trips for transportation would be done with another mode of transport, whereas trips for recreation would not be taken at all.","Percent for transport","Specify the percentage that is for transportation, i.e. to get to and from places.","quali_activemode_[activemode]_percenttransport","Default proportion of bike ""for the purpose of transport"" (as opposed to ""recreation"")","ui_default_value","double",50,"%","all(c('ucc_activemode', 'ucc_comparisoncases', 'ucc_pathway') %in% names(input)) & any(c('bike') %in% input[['ucc_activemode']])    & any(c('ap', 'carbon') %in% input[['ucc_pathway']]) & any(c('onecase', 'twocases') %in% input[['ucc_comparisoncases']])",NA,NA,NA,NA
"192","Active travel characteristics","quali_activemode_bikeshare_percenttransport",NA,"slider_percent","Proportion for transport","What proportion  is for transport (vs. recreation)?","“Transport-related” means to get to and from places, to pursue a specific purpose at the destination (e.g. work, shop, visit friends, play tennis, etc.).
Recreation means that the main purpose of the trip is exercise or recreation. 
Another way to think of this is that if not taken by bike or foot, trips for transportation would be done with another mode of transport, whereas trips for recreation would not be taken at all.","Percent for transport","Specify the percentage that is for transportation, i.e. to get to and from places.","quali_activemode_[activemode]_percenttransport","Default proportion of bikeshare ""for the purpose of transport"" (as opposed to ""recreation"")","ui_default_value","double",50,"%","all(c('ucc_activemode', 'ucc_comparisoncases', 'ucc_pathway') %in% names(input)) & any(c('bikeshare') %in% input[['ucc_activemode']])    & any(c('ap', 'carbon') %in% input[['ucc_pathway']]) & any(c('onecase', 'twocases') %in% input[['ucc_comparisoncases']])",NA,NA,NA,NA
"193","Active travel characteristics","quali_activemode_ebike_percenttransport",NA,"slider_percent","Proportion for transport","What proportion  is for transport (vs. recreation)?","“Transport-related” means to get to and from places, to pursue a specific purpose at the destination (e.g. work, shop, visit friends, play tennis, etc.).
Recreation means that the main purpose of the trip is exercise or recreation. 
Another way to think of this is that if not taken by bike or foot, trips for transportation would be done with another mode of transport, whereas trips for recreation would not be taken at all.","Percent for transport","Specify the percentage that is for transportation, i.e. to get to and from places.","quali_activemode_[activemode]_percenttransport","Default proportion of ebike ""for the purpose of transport"" (as opposed to ""recreation"")","ui_default_value","double",50,"%","all(c('ucc_activemode', 'ucc_comparisoncases', 'ucc_pathway') %in% names(input)) & any(c('ebike') %in% input[['ucc_activemode']])    & any(c('ap', 'carbon') %in% input[['ucc_pathway']]) & any(c('onecase', 'twocases') %in% input[['ucc_comparisoncases']])",NA,NA,NA,NA
"194","Active travel characteristics","quali_activemode_ebike25_percenttransport",NA,"slider_percent","Proportion for transport","What proportion  is for transport (vs. recreation)?","“Transport-related” means to get to and from places, to pursue a specific purpose at the destination (e.g. work, shop, visit friends, play tennis, etc.).
Recreation means that the main purpose of the trip is exercise or recreation. 
Another way to think of this is that if not taken by bike or foot, trips for transportation would be done with another mode of transport, whereas trips for recreation would not be taken at all.","Percent for transport","Specify the percentage that is for transportation, i.e. to get to and from places.","quali_activemode_[activemode]_percenttransport","Default proportion of ebike25 ""for the purpose of transport"" (as opposed to ""recreation"")","ui_default_value","double",50,"%","all(c('ucc_activemode', 'ucc_comparisoncases', 'ucc_pathway') %in% names(input)) & any(c('ebike25') %in% input[['ucc_activemode']])    & any(c('ap', 'carbon') %in% input[['ucc_pathway']]) & any(c('onecase', 'twocases') %in% input[['ucc_comparisoncases']])",NA,NA,NA,NA
"195","Active travel characteristics","quali_activemode_ebike45_percenttransport",NA,"slider_percent","Proportion for transport","What proportion  is for transport (vs. recreation)?","“Transport-related” means to get to and from places, to pursue a specific purpose at the destination (e.g. work, shop, visit friends, play tennis, etc.).
Recreation means that the main purpose of the trip is exercise or recreation. 
Another way to think of this is that if not taken by bike or foot, trips for transportation would be done with another mode of transport, whereas trips for recreation would not be taken at all.","Percent for transport","Specify the percentage that is for transportation, i.e. to get to and from places.","quali_activemode_[activemode]_percenttransport","Default proportion of ebike45 ""for the purpose of transport"" (as opposed to ""recreation"")","ui_default_value","double",50,"%","all(c('ucc_activemode', 'ucc_comparisoncases', 'ucc_pathway') %in% names(input)) & any(c('ebike45') %in% input[['ucc_activemode']])    & any(c('ap', 'carbon') %in% input[['ucc_pathway']]) & any(c('onecase', 'twocases') %in% input[['ucc_comparisoncases']])",NA,NA,NA,NA
"196","Active travel characteristics","quali_activemode_run_percenttransport",NA,"slider_percent","Proportion for transport","What proportion  is for transport (vs. recreation)?","“Transport-related” means to get to and from places, to pursue a specific purpose at the destination (e.g. work, shop, visit friends, play tennis, etc.).
Recreation means that the main purpose of the trip is exercise or recreation. 
Another way to think of this is that if not taken by bike or foot, trips for transportation would be done with another mode of transport, whereas trips for recreation would not be taken at all.","Percent for transport","Specify the percentage that is for transportation, i.e. to get to and from places.","quali_activemode_[activemode]_percenttransport","Default proportion of run ""for the purpose of transport"" (as opposed to ""recreation"")","ui_default_value","double",50,"%","all(c('ucc_activemode', 'ucc_comparisoncases', 'ucc_pathway') %in% names(input)) & any(c('run') %in% input[['ucc_activemode']])    & any(c('ap', 'carbon') %in% input[['ucc_pathway']]) & any(c('onecase', 'twocases') %in% input[['ucc_comparisoncases']])",NA,NA,NA,NA
"197","Active travel characteristics","quali_activemode_walk_percenttransport",NA,"slider_percent","Proportion for transport","What proportion  is for transport (vs. recreation)?","“Transport-related” means to get to and from places, to pursue a specific purpose at the destination (e.g. work, shop, visit friends, play tennis, etc.).
Recreation means that the main purpose of the trip is exercise or recreation. 
Another way to think of this is that if not taken by bike or foot, trips for transportation would be done with another mode of transport, whereas trips for recreation would not be taken at all.","Percent for transport","Specify the percentage that is for transportation, i.e. to get to and from places.","quali_activemode_[activemode]_percenttransport","Default proportion of walk ""for the purpose of transport"" (as opposed to ""recreation"")","ui_default_value","double",50,"%","all(c('ucc_activemode', 'ucc_comparisoncases', 'ucc_pathway') %in% names(input)) & any(c('walk') %in% input[['ucc_activemode']])    & any(c('ap', 'carbon') %in% input[['ucc_pathway']]) & any(c('onecase', 'twocases') %in% input[['ucc_comparisoncases']])",NA,NA,NA,NA
"198","Active travel characteristics (2)","quali_activemode_bike_pasubstitution",NA,"slider_percent","Substitution of physical activity","Is part of the increase (or decrease) in active travel between the reference case and the comparison case resulting in a decrease (or increase) in  other forms of physical activity?","For example, are people exercising less because they are now using active travel modes (or vice versa)? HEAT will exclude the specified proportion from the benefit calculation for physical activity.",NA,NA,"quali_activemode_[activemode]_pasubstitution","Default proportion of bike substituting for other forms of physical activity","ui_default_value","double",0,"%","all(c('ucc_activemode', 'ucc_comparisoncases', 'ucc_pathway') %in% names(input)) & any(c('bike') %in% input[['ucc_activemode']])    & any(c('pa', 'ap') %in% input[['ucc_pathway']]) & any(c('twocases') %in% input[['ucc_comparisoncases']])",NA,NA,NA,NA
"199","Active travel characteristics (2)","quali_activemode_bikeshare_pasubstitution",NA,"slider_percent","Substitution of physical activity","Is part of the increase (or decrease) in active travel between the reference case and the comparison case resulting in a decrease (or increase) in  other forms of physical activity?","For example, are people exercising less because they are now using active travel modes (or vice versa)? HEAT will exclude the specified proportion from the benefit calculation for physical activity.",NA,NA,"quali_activemode_[activemode]_pasubstitution","Default proportion of bikeshare substituting for other forms of physical activity","ui_default_value","double",0,"%","all(c('ucc_activemode', 'ucc_comparisoncases', 'ucc_pathway') %in% names(input)) & any(c('bikeshare') %in% input[['ucc_activemode']])    & any(c('pa', 'ap') %in% input[['ucc_pathway']]) & any(c('twocases') %in% input[['ucc_comparisoncases']])",NA,NA,NA,NA
"200","Active travel characteristics (2)","quali_activemode_ebike_pasubstitution",NA,"slider_percent","Substitution of physical activity","Is part of the increase (or decrease) in active travel between the reference case and the comparison case resulting in a decrease (or increase) in  other forms of physical activity?","For example, are people exercising less because they are now using active travel modes (or vice versa)? HEAT will exclude the specified proportion from the benefit calculation for physical activity.",NA,NA,"quali_activemode_[activemode]_pasubstitution","Default proportion of ebike substituting for other forms of physical activity","ui_default_value","double",0,"%","all(c('ucc_activemode', 'ucc_comparisoncases', 'ucc_pathway') %in% names(input)) & any(c('ebike') %in% input[['ucc_activemode']])    & any(c('pa', 'ap') %in% input[['ucc_pathway']]) & any(c('twocases') %in% input[['ucc_comparisoncases']])",NA,NA,NA,NA
"201","Active travel characteristics (2)","quali_activemode_ebike25_pasubstitution",NA,"slider_percent","Substitution of physical activity","Is part of the increase (or decrease) in active travel between the reference case and the comparison case resulting in a decrease (or increase) in  other forms of physical activity?","For example, are people exercising less because they are now using active travel modes (or vice versa)? HEAT will exclude the specified proportion from the benefit calculation for physical activity.",NA,NA,"quali_activemode_[activemode]_pasubstitution","Default proportion of ebike25 substituting for other forms of physical activity","ui_default_value","double",0,"%","all(c('ucc_activemode', 'ucc_comparisoncases', 'ucc_pathway') %in% names(input)) & any(c('ebike25') %in% input[['ucc_activemode']])    & any(c('pa', 'ap') %in% input[['ucc_pathway']]) & any(c('twocases') %in% input[['ucc_comparisoncases']])",NA,NA,NA,NA
"202","Active travel characteristics (2)","quali_activemode_ebike45_pasubstitution",NA,"slider_percent","Substitution of physical activity","Is part of the increase (or decrease) in active travel between the reference case and the comparison case resulting in a decrease (or increase) in  other forms of physical activity?","For example, are people exercising less because they are now using active travel modes (or vice versa)? HEAT will exclude the specified proportion from the benefit calculation for physical activity.",NA,NA,"quali_activemode_[activemode]_pasubstitution","Default proportion of ebike45 substituting for other forms of physical activity","ui_default_value","double",0,"%","all(c('ucc_activemode', 'ucc_comparisoncases', 'ucc_pathway') %in% names(input)) & any(c('ebike45') %in% input[['ucc_activemode']])    & any(c('pa', 'ap') %in% input[['ucc_pathway']]) & any(c('twocases') %in% input[['ucc_comparisoncases']])",NA,NA,NA,NA
"203","Active travel characteristics (2)","quali_activemode_run_pasubstitution",NA,"slider_percent","Substitution of physical activity","Is part of the increase (or decrease) in active travel between the reference case and the comparison case resulting in a decrease (or increase) in  other forms of physical activity?","For example, are people exercising less because they are now using active travel modes (or vice versa)? HEAT will exclude the specified proportion from the benefit calculation for physical activity.",NA,NA,"quali_activemode_[activemode]_pasubstitution","Default proportion of run substituting for other forms of physical activity","ui_default_value","double",50,"%","all(c('ucc_activemode', 'ucc_comparisoncases', 'ucc_pathway') %in% names(input)) & any(c('run') %in% input[['ucc_activemode']])    & any(c('pa', 'ap') %in% input[['ucc_pathway']]) & any(c('twocases') %in% input[['ucc_comparisoncases']])",NA,NA,NA,NA
"204","Active travel characteristics (2)","quali_activemode_walk_pasubstitution",NA,"slider_percent","Substitution of physical activity","Is part of the increase (or decrease) in active travel between the reference case and the comparison case resulting in a decrease (or increase) in  other forms of physical activity?","For example, are people exercising less because they are now using active travel modes (or vice versa)? HEAT will exclude the specified proportion from the benefit calculation for physical activity.",NA,NA,"quali_activemode_[activemode]_pasubstitution","Default proportion of walk substituting for other forms of physical activity","ui_default_value","double",0,"%","all(c('ucc_activemode', 'ucc_comparisoncases', 'ucc_pathway') %in% names(input)) & any(c('walk') %in% input[['ucc_activemode']])    & any(c('pa', 'ap') %in% input[['ucc_pathway']]) & any(c('twocases') %in% input[['ucc_comparisoncases']])",NA,NA,NA,NA
"205","Active travel characteristics (2)","quali_activemode_bike_percentintraffic",NA,"slider_percent","Proportion “in traffic”","What proportion takes place in traffic (vs. away from major roads, in parks etc.)?","This question adjusts the air pollution levels the assessed cyclists or pedestrians are exposed to.","Percent in traffic",NA,"quali_activemode_[activemode]_percentintraffic","Default proportion of bike occurring ""in traffic"" (as opposed to ""away from traffic"")","ui_default_value","double",50,"%","all(c('ucc_activemode', 'ucc_comparisoncases', 'ucc_pathway') %in% names(input)) & any(c('bike') %in% input[['ucc_activemode']])    & any(c('pa', 'ap') %in% input[['ucc_pathway']]) & any(c('onecase', 'twocases') %in% input[['ucc_comparisoncases']])",NA,NA,NA,NA
"206","Active travel characteristics (2)","quali_activemode_bikeshare_percentintraffic",NA,"slider_percent","Proportion “in traffic”","What proportion takes place in traffic (vs. away from major roads, in parks etc.)?","This question adjusts the air pollution levels the assessed cyclists or pedestrians are exposed to.","Percent in traffic",NA,"quali_activemode_[activemode]_percentintraffic","Default proportion of bikeshare occurring ""in traffic"" (as opposed to ""away from traffic"")","ui_default_value","double",50,"%","all(c('ucc_activemode', 'ucc_comparisoncases', 'ucc_pathway') %in% names(input)) & any(c('bikeshare') %in% input[['ucc_activemode']])    & any(c('pa', 'ap') %in% input[['ucc_pathway']]) & any(c('onecase', 'twocases') %in% input[['ucc_comparisoncases']])",NA,NA,NA,NA
"207","Active travel characteristics (2)","quali_activemode_ebike_percentintraffic",NA,"slider_percent","Proportion “in traffic”","What proportion takes place in traffic (vs. away from major roads, in parks etc.)?","This question adjusts the air pollution levels the assessed cyclists or pedestrians are exposed to.","Percent in traffic",NA,"quali_activemode_[activemode]_percentintraffic","Default proportion of ebike occurring ""in traffic"" (as opposed to ""away from traffic"")","ui_default_value","double",50,"%","all(c('ucc_activemode', 'ucc_comparisoncases', 'ucc_pathway') %in% names(input)) & any(c('ebike') %in% input[['ucc_activemode']])    & any(c('pa', 'ap') %in% input[['ucc_pathway']]) & any(c('onecase', 'twocases') %in% input[['ucc_comparisoncases']])",NA,NA,NA,NA
"208","Active travel characteristics (2)","quali_activemode_ebike25_percentintraffic",NA,"slider_percent","Proportion “in traffic”","What proportion takes place in traffic (vs. away from major roads, in parks etc.)?","This question adjusts the air pollution levels the assessed cyclists or pedestrians are exposed to.","Percent in traffic",NA,"quali_activemode_[activemode]_percentintraffic","Default proportion of ebike25 occurring ""in traffic"" (as opposed to ""away from traffic"")","ui_default_value","double",50,"%","all(c('ucc_activemode', 'ucc_comparisoncases', 'ucc_pathway') %in% names(input)) & any(c('ebike25') %in% input[['ucc_activemode']])    & any(c('pa', 'ap') %in% input[['ucc_pathway']]) & any(c('onecase', 'twocases') %in% input[['ucc_comparisoncases']])",NA,NA,NA,NA
"209","Active travel characteristics (2)","quali_activemode_ebike45_percentintraffic",NA,"slider_percent","Proportion “in traffic”","What proportion takes place in traffic (vs. away from major roads, in parks etc.)?","This question adjusts the air pollution levels the assessed cyclists or pedestrians are exposed to.","Percent in traffic",NA,"quali_activemode_[activemode]_percentintraffic","Default proportion of ebike45 occurring ""in traffic"" (as opposed to ""away from traffic"")","ui_default_value","double",50,"%","all(c('ucc_activemode', 'ucc_comparisoncases', 'ucc_pathway') %in% names(input)) & any(c('ebike45') %in% input[['ucc_activemode']])    & any(c('pa', 'ap') %in% input[['ucc_pathway']]) & any(c('onecase', 'twocases') %in% input[['ucc_comparisoncases']])",NA,NA,NA,NA
"210","Active travel characteristics (2)","quali_activemode_run_percentintraffic",NA,"slider_percent","Proportion “in traffic”","What proportion takes place in traffic (vs. away from major roads, in parks etc.)?","This question adjusts the air pollution levels the assessed cyclists or pedestrians are exposed to.","Percent in traffic",NA,"quali_activemode_[activemode]_percentintraffic","Default proportion of run occurring ""in traffic"" (as opposed to ""away from traffic"")","ui_default_value","double",50,"%","all(c('ucc_activemode', 'ucc_comparisoncases', 'ucc_pathway') %in% names(input)) & any(c('run') %in% input[['ucc_activemode']])    & any(c('pa', 'ap') %in% input[['ucc_pathway']]) & any(c('onecase', 'twocases') %in% input[['ucc_comparisoncases']])",NA,NA,NA,NA
"211","Active travel characteristics (2)","quali_activemode_walk_percentintraffic",NA,"slider_percent","Proportion “in traffic”","What proportion takes place in traffic (vs. away from major roads, in parks etc.)?","This question adjusts the air pollution levels the assessed cyclists or pedestrians are exposed to.","Percent in traffic",NA,"quali_activemode_[activemode]_percentintraffic","Default proportion of walk occurring ""in traffic"" (as opposed to ""away from traffic"")","ui_default_value","double",50,"%","all(c('ucc_activemode', 'ucc_comparisoncases', 'ucc_pathway') %in% names(input)) & any(c('walk') %in% input[['ucc_activemode']])    & any(c('pa', 'ap') %in% input[['ucc_pathway']]) & any(c('onecase', 'twocases') %in% input[['ucc_comparisoncases']])",NA,NA,NA,NA
"212","General adjustments","quali_activemode_bike_percentattributed",NA,"slider_percent","Proportion excluded","Exclude walking or cycling due to factors unrelated to your assessed intervention or scenario here.","For example, there could have been other measures, or a change in petrol or public transport prices that led to a change in walking or cycling, which you may want to exclude from your assessment of a particular infrastructure or campaign.",NA,NA,NA,"Default proportion of bike attributed to the assessed intervention","ui_default_value","double",0,"%","all(c('ucc_activemode', 'ucc_comparisoncases') %in% names(input)) & any(c('bike') %in% input[['ucc_activemode']])     & any(c('twocases') %in% input[['ucc_comparisoncases']])",NA,NA,NA,NA
"213","General adjustments","quali_activemode_bikeshare_percentattributed",NA,"slider_percent","Proportion excluded","Exclude walking or cycling due to factors unrelated to your assessed intervention or scenario here.","For example, there could have been other measures, or a change in petrol or public transport prices that led to a change in walking or cycling, which you may want to exclude from your assessment of a particular infrastructure or campaign.",NA,NA,NA,"Default proportion of bikeshare attributed to the assessed intervention","ui_default_value","double",0,"%","all(c('ucc_activemode', 'ucc_comparisoncases') %in% names(input)) & any(c('bikeshare') %in% input[['ucc_activemode']])     & any(c('twocases') %in% input[['ucc_comparisoncases']])",NA,NA,NA,NA
"214","General adjustments","quali_activemode_ebike_percentattributed",NA,"slider_percent","Proportion excluded","Exclude walking or cycling due to factors unrelated to your assessed intervention or scenario here.","For example, there could have been other measures, or a change in petrol or public transport prices that led to a change in walking or cycling, which you may want to exclude from your assessment of a particular infrastructure or campaign.",NA,NA,NA,"Default proportion of ebike attributed to the assessed intervention","ui_default_value","double",0,"%","all(c('ucc_activemode', 'ucc_comparisoncases') %in% names(input)) & any(c('ebike') %in% input[['ucc_activemode']])     & any(c('twocases') %in% input[['ucc_comparisoncases']])",NA,NA,NA,NA
"215","General adjustments","quali_activemode_ebike25_percentattributed",NA,"slider_percent","Proportion excluded","Exclude walking or cycling due to factors unrelated to your assessed intervention or scenario here.","For example, there could have been other measures, or a change in petrol or public transport prices that led to a change in walking or cycling, which you may want to exclude from your assessment of a particular infrastructure or campaign.",NA,NA,NA,"Default proportion of ebike25 attributed to the assessed intervention","ui_default_value","double",0,"%","all(c('ucc_activemode', 'ucc_comparisoncases') %in% names(input)) & any(c('ebike25') %in% input[['ucc_activemode']])     & any(c('twocases') %in% input[['ucc_comparisoncases']])",NA,NA,NA,NA
"216","General adjustments","quali_activemode_ebike45_percentattributed",NA,"slider_percent","Proportion excluded","Exclude walking or cycling due to factors unrelated to your assessed intervention or scenario here.","For example, there could have been other measures, or a change in petrol or public transport prices that led to a change in walking or cycling, which you may want to exclude from your assessment of a particular infrastructure or campaign.",NA,NA,NA,"Default proportion of ebike45 attributed to the assessed intervention","ui_default_value","double",0,"%","all(c('ucc_activemode', 'ucc_comparisoncases') %in% names(input)) & any(c('ebike45') %in% input[['ucc_activemode']])     & any(c('twocases') %in% input[['ucc_comparisoncases']])",NA,NA,NA,NA
"217","General adjustments","quali_activemode_run_percentattributed",NA,"slider_percent","Proportion excluded","Exclude walking or cycling due to factors unrelated to your assessed intervention or scenario here.","For example, there could have been other measures, or a change in petrol or public transport prices that led to a change in walking or cycling, which you may want to exclude from your assessment of a particular infrastructure or campaign.",NA,NA,NA,"Default proportion of run attributed to the assessed intervention","ui_default_value","double",0,"%","all(c('ucc_activemode', 'ucc_comparisoncases') %in% names(input)) & any(c('run') %in% input[['ucc_activemode']])     & any(c('twocases') %in% input[['ucc_comparisoncases']])",NA,NA,NA,NA
"218","General adjustments","quali_activemode_walk_percentattributed",NA,"slider_percent","Proportion excluded","Exclude walking or cycling due to factors unrelated to your assessed intervention or scenario here.","For example, there could have been other measures, or a change in petrol or public transport prices that led to a change in walking or cycling, which you may want to exclude from your assessment of a particular infrastructure or campaign.",NA,NA,NA,"Default proportion of walk attributed to the assessed intervention","ui_default_value","double",0,"%","all(c('ucc_activemode', 'ucc_comparisoncases') %in% names(input)) & any(c('walk') %in% input[['ucc_activemode']])     & any(c('twocases') %in% input[['ucc_comparisoncases']])",NA,NA,NA,NA
"219","General adjustments","quali_activemode_bike_percentlongtermadjustment",NA,"slider_percent_100100","Temporal & spatial adjustment","Adjust your data as necessary to reflect longterm averages. <a href=""https://www.heatwalkingcycling.org/#adjustments"" target=""_blank"">Find out more about data adjustment in HEAT here</a>","HEAT requires longterm average inputs on active travel (e.g. annual means). Active travel is highly affected by season and weather. If your data is from a shortterm survey or count, it likely under- or overestimates the long term average.  Use the slider to enter a correction factor here (percentage figure, e.g. + 20% or -30%).",NA,NA,NA,"Default temporal or spatial adjustment of average for bike","ui_default_value","double",0,"%","all(c('ucc_activemode') %in% names(input)) & any(c('bike') %in% input[['ucc_activemode']])     ",NA,NA,NA,NA
"220","General adjustments","quali_activemode_bikeshare_percentlongtermadjustment",NA,"slider_percent_100100","Temporal & spatial adjustment","Adjust your data as necessary to reflect longterm averages. <a href=""https://www.heatwalkingcycling.org/#adjustments"" target=""_blank"">Find out more about data adjustment in HEAT here</a>","HEAT requires longterm average inputs on active travel (e.g. annual means). Active travel is highly affected by season and weather. If your data is from a shortterm survey or count, it likely under- or overestimates the long term average.  Use the slider to enter a correction factor here (percentage figure, e.g. + 20% or -30%).",NA,NA,NA,"Default temporal or spatial adjustment of average for bikeshare","ui_default_value","double",0,"%","all(c('ucc_activemode') %in% names(input)) & any(c('bikeshare') %in% input[['ucc_activemode']])     ",NA,NA,NA,NA
"221","General adjustments","quali_activemode_ebike_percentlongtermadjustment",NA,"slider_percent_100100","Temporal & spatial adjustment","Adjust your data as necessary to reflect longterm averages. <a href=""https://www.heatwalkingcycling.org/#adjustments"" target=""_blank"">Find out more about data adjustment in HEAT here</a>","HEAT requires longterm average inputs on active travel (e.g. annual means). Active travel is highly affected by season and weather. If your data is from a shortterm survey or count, it likely under- or overestimates the long term average.  Use the slider to enter a correction factor here (percentage figure, e.g. + 20% or -30%).",NA,NA,NA,"Default temporal or spatial adjustment of average for ebike","ui_default_value","double",0,"%","all(c('ucc_activemode') %in% names(input)) & any(c('ebike') %in% input[['ucc_activemode']])     ",NA,NA,NA,NA
"222","General adjustments","quali_activemode_ebike25_percentlongtermadjustment",NA,"slider_percent_100100","Temporal & spatial adjustment","Adjust your data as necessary to reflect longterm averages. <a href=""https://www.heatwalkingcycling.org/#adjustments"" target=""_blank"">Find out more about data adjustment in HEAT here</a>","HEAT requires longterm average inputs on active travel (e.g. annual means). Active travel is highly affected by season and weather. If your data is from a shortterm survey or count, it likely under- or overestimates the long term average.  Use the slider to enter a correction factor here (percentage figure, e.g. + 20% or -30%).",NA,NA,NA,"Default temporal or spatial adjustment of average for ebike25","ui_default_value","double",0,"%","all(c('ucc_activemode') %in% names(input)) & any(c('ebike25') %in% input[['ucc_activemode']])     ",NA,NA,NA,NA
"223","General adjustments","quali_activemode_ebike45_percentlongtermadjustment",NA,"slider_percent_100100","Temporal & spatial adjustment","Adjust your data as necessary to reflect longterm averages. <a href=""https://www.heatwalkingcycling.org/#adjustments"" target=""_blank"">Find out more about data adjustment in HEAT here</a>","HEAT requires longterm average inputs on active travel (e.g. annual means). Active travel is highly affected by season and weather. If your data is from a shortterm survey or count, it likely under- or overestimates the long term average.  Use the slider to enter a correction factor here (percentage figure, e.g. + 20% or -30%).",NA,NA,NA,"Default temporal or spatial adjustment of average for ebike45","ui_default_value","double",0,"%","all(c('ucc_activemode') %in% names(input)) & any(c('ebike45') %in% input[['ucc_activemode']])     ",NA,NA,NA,NA
"224","General adjustments","quali_activemode_run_percentlongtermadjustment",NA,"slider_percent_100100","Temporal & spatial adjustment","Adjust your data as necessary to reflect longterm averages. <a href=""https://www.heatwalkingcycling.org/#adjustments"" target=""_blank"">Find out more about data adjustment in HEAT here</a>","HEAT requires longterm average inputs on active travel (e.g. annual means). Active travel is highly affected by season and weather. If your data is from a shortterm survey or count, it likely under- or overestimates the long term average.  Use the slider to enter a correction factor here (percentage figure, e.g. + 20% or -30%).",NA,NA,NA,"Default temporal or spatial adjustment of average for run","ui_default_value","double",0,"%","all(c('ucc_activemode') %in% names(input)) & any(c('run') %in% input[['ucc_activemode']])     ",NA,NA,NA,NA
"225","General adjustments","quali_activemode_walk_percentlongtermadjustment",NA,"slider_percent_100100","Temporal & spatial adjustment","Adjust your data as necessary to reflect longterm averages. <a href=""https://www.heatwalkingcycling.org/#adjustments"" target=""_blank"">Find out more about data adjustment in HEAT here</a>","HEAT requires longterm average inputs on active travel (e.g. annual means). Active travel is highly affected by season and weather. If your data is from a shortterm survey or count, it likely under- or overestimates the long term average.  Use the slider to enter a correction factor here (percentage figure, e.g. + 20% or -30%).",NA,NA,NA,"Default temporal or spatial adjustment of average for walk","ui_default_value","double",0,"%","all(c('ucc_activemode') %in% names(input)) & any(c('walk') %in% input[['ucc_activemode']])     ",NA,NA,NA,NA
"226","General adjustments","quali_activemode_bike_takeup",NA,"slider_number_110","Take-up time for active travel demand","Specify in year of the assessment the ""comparison level"" of active travel is reached.","The time to reach the ""comparison level"" (i.e. max. level) of active travel entered may be sooner than the year of the comparison case. For example, if after a particular measure (e.g. a foot path) has been implemented it may take 5 years for usage to reach a steady state, this figure should be changed to 5. The default value has been set to 1 year, i.e. the full amount of active travel is considered in year 1 of the assessment already. If you are coomparing two steady-state situations and do not want to take into account any take-up time, set it to 1.",NA,NA,"quali_activemode_[activemode]_takeup","Default number of years for bike to reach ""comparison level""","ui_default_value","double",1,"years","all(c('ucc_activemode', 'ucc_comparisoncases') %in% names(input)) & any(c('bike') %in% input[['ucc_activemode']])     & any(c('twocases') %in% input[['ucc_comparisoncases']])",NA,NA,NA,NA
"227","General adjustments","quali_activemode_bikeshare_takeup",NA,"slider_number_110","Take-up time for active travel demand","Specify in year of the assessment the ""comparison level"" of active travel is reached.","The time to reach the ""comparison level"" (i.e. max. level) of active travel entered may be sooner than the year of the comparison case. For example, if after a particular measure (e.g. a foot path) has been implemented it may take 5 years for usage to reach a steady state, this figure should be changed to 5. The default value has been set to 1 year, i.e. the full amount of active travel is considered in year 1 of the assessment already. If you are coomparing two steady-state situations and do not want to take into account any take-up time, set it to 1.",NA,NA,"quali_activemode_[activemode]_takeup","Default number of years for bikeshare to reach ""comparison level""","ui_default_value","double",1,"years","all(c('ucc_activemode', 'ucc_comparisoncases') %in% names(input)) & any(c('bikeshare') %in% input[['ucc_activemode']])     & any(c('twocases') %in% input[['ucc_comparisoncases']])",NA,NA,NA,NA
"228","General adjustments","quali_activemode_ebike_takeup",NA,"slider_number_110","Take-up time for active travel demand","Specify in year of the assessment the ""comparison level"" of active travel is reached.","The time to reach the ""comparison level"" (i.e. max. level) of active travel entered may be sooner than the year of the comparison case. For example, if after a particular measure (e.g. a foot path) has been implemented it may take 5 years for usage to reach a steady state, this figure should be changed to 5. The default value has been set to 1 year, i.e. the full amount of active travel is considered in year 1 of the assessment already. If you are coomparing two steady-state situations and do not want to take into account any take-up time, set it to 1.",NA,NA,"quali_activemode_[activemode]_takeup","Default number of years for ebike to reach ""comparison level""","ui_default_value","double",1,"years","all(c('ucc_activemode', 'ucc_comparisoncases') %in% names(input)) & any(c('ebike') %in% input[['ucc_activemode']])     & any(c('twocases') %in% input[['ucc_comparisoncases']])",NA,NA,NA,NA
"229","General adjustments","quali_activemode_ebike25_takeup",NA,"slider_number_110","Take-up time for active travel demand","Specify in year of the assessment the ""comparison level"" of active travel is reached.","The time to reach the ""comparison level"" (i.e. max. level) of active travel entered may be sooner than the year of the comparison case. For example, if after a particular measure (e.g. a foot path) has been implemented it may take 5 years for usage to reach a steady state, this figure should be changed to 5. The default value has been set to 1 year, i.e. the full amount of active travel is considered in year 1 of the assessment already. If you are coomparing two steady-state situations and do not want to take into account any take-up time, set it to 1.",NA,NA,"quali_activemode_[activemode]_takeup","Default number of years for ebike25 to reach ""comparison level""","ui_default_value","double",1,"years","all(c('ucc_activemode', 'ucc_comparisoncases') %in% names(input)) & any(c('ebike25') %in% input[['ucc_activemode']])     & any(c('twocases') %in% input[['ucc_comparisoncases']])",NA,NA,NA,NA
"230","General adjustments","quali_activemode_ebike45_takeup",NA,"slider_number_110","Take-up time for active travel demand","Specify in year of the assessment the ""comparison level"" of active travel is reached.","The time to reach the ""comparison level"" (i.e. max. level) of active travel entered may be sooner than the year of the comparison case. For example, if after a particular measure (e.g. a foot path) has been implemented it may take 5 years for usage to reach a steady state, this figure should be changed to 5. The default value has been set to 1 year, i.e. the full amount of active travel is considered in year 1 of the assessment already. If you are coomparing two steady-state situations and do not want to take into account any take-up time, set it to 1.",NA,NA,"quali_activemode_[activemode]_takeup","Default number of years for ebike45 to reach ""comparison level""","ui_default_value","double",1,"years","all(c('ucc_activemode', 'ucc_comparisoncases') %in% names(input)) & any(c('ebike45') %in% input[['ucc_activemode']])     & any(c('twocases') %in% input[['ucc_comparisoncases']])",NA,NA,NA,NA
"231","General adjustments","quali_activemode_run_takeup",NA,"slider_number_110","Take-up time for active travel demand","Specify in year of the assessment the ""comparison level"" of active travel is reached.","The time to reach the ""comparison level"" (i.e. max. level) of active travel entered may be sooner than the year of the comparison case. For example, if after a particular measure (e.g. a foot path) has been implemented it may take 5 years for usage to reach a steady state, this figure should be changed to 5. The default value has been set to 1 year, i.e. the full amount of active travel is considered in year 1 of the assessment already. If you are coomparing two steady-state situations and do not want to take into account any take-up time, set it to 1.",NA,NA,"quali_activemode_[activemode]_takeup","Default number of years for run to reach ""comparison level""","ui_default_value","double",1,"years","all(c('ucc_activemode', 'ucc_comparisoncases') %in% names(input)) & any(c('run') %in% input[['ucc_activemode']])     & any(c('twocases') %in% input[['ucc_comparisoncases']])",NA,NA,NA,NA
"232","General adjustments","quali_activemode_walk_takeup",NA,"slider_number_110","Take-up time for active travel demand","Specify in year of the assessment the ""comparison level"" of active travel is reached.","The time to reach the ""comparison level"" (i.e. max. level) of active travel entered may be sooner than the year of the comparison case. For example, if after a particular measure (e.g. a foot path) has been implemented it may take 5 years for usage to reach a steady state, this figure should be changed to 5. The default value has been set to 1 year, i.e. the full amount of active travel is considered in year 1 of the assessment already. If you are coomparing two steady-state situations and do not want to take into account any take-up time, set it to 1.",NA,NA,"quali_activemode_[activemode]_takeup","Default number of years for walk to reach ""comparison level""","ui_default_value","double",1,"years","all(c('ucc_activemode', 'ucc_comparisoncases') %in% names(input)) & any(c('walk') %in% input[['ucc_activemode']])     & any(c('twocases') %in% input[['ucc_comparisoncases']])",NA,NA,NA,NA
"233","Investment costs","quali_activemode_bike_cost",NA,"number_field_only_positive",NA,NA,NA,NA,NA,NA,NA,NA,NA,NA,NA,NA,NA,NA,NA,NA
"234","Investment costs","quali_activemode_bikeshare_cost",NA,"number_field_only_positive",NA,NA,NA,NA,NA,NA,NA,NA,NA,NA,NA,NA,NA,NA,NA,NA
"235","Investment costs","quali_activemode_ebike_cost",NA,"number_field_only_positive",NA,NA,NA,NA,NA,NA,NA,NA,NA,NA,NA,NA,NA,NA,NA,NA
"236","Investment costs","quali_activemode_ebike25_cost",NA,"number_field_only_positive",NA,NA,NA,NA,NA,NA,NA,NA,NA,NA,NA,NA,NA,NA,NA,NA
"237","Investment costs","quali_activemode_ebike45_cost",NA,"number_field_only_positive",NA,NA,NA,NA,NA,NA,NA,NA,NA,NA,NA,NA,NA,NA,NA,NA
"238","Investment costs","quali_activemode_run_cost",NA,"number_field_only_positive",NA,NA,NA,NA,NA,NA,NA,NA,NA,NA,NA,NA,NA,NA,NA,NA
"239","Investment costs","quali_activemode_walk_cost",NA,"number_field_only_positive",NA,NA,NA,NA,NA,NA,NA,NA,NA,NA,NA,NA,NA,NA,NA,NA
"240","Active modes data","raw_activemode_bike_cf_aadt",NA,"number_field_only_positive","Average daily travelers","Counts ideally reflect longterm averages (i.e. Annual Average Daily Travelers (AADT)). If using ""short term counts"", consider adjustment for seasonality in the ""Data adjustment module"". The count number must be ""per location, per day.""",NA,"AADT",NA,NA,NA,NA,NA,NA,NA,NA,NA,NA,NA,NA
"241","Active modes data","raw_activemode_bike_ref_aadt",NA,"number_field_only_positive","Average daily travelers","Counts ideally reflect longterm averages (i.e. Annual Average Daily Travelers (AADT)). If using ""short term counts"", consider adjustment for seasonality in the ""Data adjustment module"". The count number must be ""per location, per day.""",NA,"AADT",NA,NA,NA,NA,NA,NA,NA,NA,NA,NA,NA,NA
"242","Active modes data","raw_activemode_bike_cf_agerange","2044","single_choice_dropdown_dependent_condition","Age range of the assessed population","If the walking or cycling assessed stems predominantely from younger or from older subjects, select the age range accordingly.","The impact calculation by default excludes children and elderly because the underlying evidence and assumptions are not adequate for these age groups. 
Older persons benefit more from the same amount of active travel due to their higher mortality risk.","Younger adult population (20-44 years)",NA,NA,NA,NA,NA,NA,NA,NA,NA,NA,NA,NA
"243","Active modes data","raw_activemode_bike_ref_agerange","2044","single_choice_dropdown_dependent_condition","Age range of the assessed population","If the walking or cycling assessed stems predominantely from younger or from older subjects, select the age range accordingly.","The impact calculation by default excludes children and elderly because the underlying evidence and assumptions are not adequate for these age groups. 
Older persons benefit more from the same amount of active travel due to their higher mortality risk.","Younger adult population (20-44 years)",NA,NA,NA,NA,NA,NA,NA,NA,NA,NA,NA,NA
"244","Active modes data","raw_activemode_bike_cf_agerange","2064","single_choice_dropdown_dependent_condition","Age range of the assessed population","If the walking or cycling assessed stems predominantely from younger or from older subjects, select the age range accordingly.","The impact calculation by default excludes children and elderly because the underlying evidence and assumptions are not adequate for these age groups. 
Older persons benefit more from the same amount of active travel due to their higher mortality risk.","Adult population (20-64 years)",NA,NA,NA,NA,NA,NA,NA,NA,NA,NA,NA,NA
"245","Active modes data","raw_activemode_bike_ref_agerange","2064","single_choice_dropdown_dependent_condition","Age range of the assessed population","If the walking or cycling assessed stems predominantely from younger or from older subjects, select the age range accordingly.","The impact calculation by default excludes children and elderly because the underlying evidence and assumptions are not adequate for these age groups. 
Older persons benefit more from the same amount of active travel due to their higher mortality risk.","Adult population (20-64 years)",NA,NA,NA,NA,NA,NA,NA,NA,NA,NA,NA,NA
"246","Active modes data","raw_activemode_bike_cf_agerange","4564","single_choice_dropdown_dependent_condition","Age range of the assessed population","If the walking or cycling assessed stems predominantely from younger or from older subjects, select the age range accordingly.","The impact calculation by default excludes children and elderly because the underlying evidence and assumptions are not adequate for these age groups. 
Older persons benefit more from the same amount of active travel due to their higher mortality risk.","Older adult population (45-64 years)",NA,NA,NA,NA,NA,NA,NA,NA,NA,NA,NA,NA
"247","Active modes data","raw_activemode_bike_ref_agerange","4564","single_choice_dropdown_dependent_condition","Age range of the assessed population","If the walking or cycling assessed stems predominantely from younger or from older subjects, select the age range accordingly.","The impact calculation by default excludes children and elderly because the underlying evidence and assumptions are not adequate for these age groups. 
Older persons benefit more from the same amount of active travel due to their higher mortality risk.","Older adult population (45-64 years)",NA,NA,NA,NA,NA,NA,NA,NA,NA,NA,NA,NA
"248","Active modes data","raw_activemode_bike_cf_alltrips",NA,"number_field_only_positive","What is the total amount of travel by all modes per person, per day?","The unit (trips, duration, or distance) should correspond with the %-figure provided above.","Note that this is amount is per person, per day!","Total amount of travel",NA,NA,NA,NA,NA,NA,NA,NA,NA,NA,NA,NA
"249","Active modes data","raw_activemode_bike_ref_alltrips",NA,"number_field_only_positive","What is the total amount of travel by all modes per person, per day?","The unit (trips, duration, or distance) should correspond with the %-figure provided above.","Note that this is amount is per person, per day!","Total amount of travel",NA,NA,NA,NA,NA,NA,NA,NA,NA,NA,NA,NA
"250","Active modes data","raw_activemode_bike_cf_alltripsunit","distance","single_choice_radio","What is the unit of the travel volume specified above?",NA,NA,"Distance (km)","Total sum of travel times in minutes by all modes, per person, per day",NA,NA,NA,NA,NA,NA,NA,NA,NA,NA,NA
"251","Active modes data","raw_activemode_bike_ref_alltripsunit","distance","single_choice_radio","What is the unit of the travel volume specified above?",NA,NA,"Distance (km)","Total sum of travel times in minutes by all modes, per person, per day",NA,NA,NA,NA,NA,NA,NA,NA,NA,NA,NA
"252","Active modes data","raw_activemode_bike_cf_alltripsunit","duration","single_choice_radio","What is the unit of the travel volume specified above?",NA,NA,"Duration (min.)","Total sum of travel distances in kilometres by all modes, per person, per day",NA,NA,NA,NA,NA,NA,NA,NA,NA,NA,NA
"253","Active modes data","raw_activemode_bike_ref_alltripsunit","duration","single_choice_radio","What is the unit of the travel volume specified above?",NA,NA,"Duration (min.)","Total sum of travel distances in kilometres by all modes, per person, per day",NA,NA,NA,NA,NA,NA,NA,NA,NA,NA,NA
"254","Active modes data","raw_activemode_bike_cf_alltripsunit","trips","single_choice_radio","What is the unit of the travel volume specified above?",NA,NA,"Trips","Total number of trips by all modes, per person, per day",NA,NA,NA,NA,NA,NA,NA,NA,NA,NA,NA
"255","Active modes data","raw_activemode_bike_ref_alltripsunit","trips","single_choice_radio","What is the unit of the travel volume specified above?",NA,NA,"Trips","Total number of trips by all modes, per person, per day",NA,NA,NA,NA,NA,NA,NA,NA,NA,NA,NA
"256","Active modes data","raw_activemode_bike_cf_bstripdur",NA,"number_field_only_positive","Trip duration","Average riding time per trip (min.)",NA,NA,NA,"raw_activemode_bikeshare_[comparisoncase]_bstripdur",NA,NA,NA,NA,NA,NA,NA,NA,NA,NA
"257","Active modes data","raw_activemode_bike_ref_bstripdur",NA,"number_field_only_positive","Trip duration","Average riding time per trip (min.)",NA,NA,NA,"raw_activemode_bikeshare_[comparisoncase]_bstripdur",NA,NA,NA,NA,NA,NA,NA,NA,NA,NA
"258","Active modes data","raw_activemode_bike_cf_bstrips",NA,"number_field_only_positive","Trips per day","Average number of trips within the entire bike sharing system",NA,NA,NA,NA,NA,NA,NA,NA,NA,NA,NA,NA,NA,NA
"259","Active modes data","raw_activemode_bike_ref_bstrips",NA,"number_field_only_positive","Trips per day","Average number of trips within the entire bike sharing system",NA,NA,NA,NA,NA,NA,NA,NA,NA,NA,NA,NA,NA,NA
"260","Active modes data","raw_activemode_bike_cf_changepercent",NA,"slider_percent_m1001000","#tmpl#
<b>
By how much did 
{% if ""[activemode]"" == ""walk"" %} walking 
{% elseif ""[activemode]"" == ""bike"" %} cycling 
{% elseif ""[activemode]"" == ""ebike"" %} e-biking
{% elseif ""[activemode]"" == ""ebike25"" %} slow e-biking (<25 km/h) 
{% elseif ""[activemode]"" == ""ebike45"" %} fast e-biking (<45 km/h) 
{% elseif ""[activemode]"" == ""bikeshare"" %} bike-sharing 
{% elseif ""[activemode]"" == ""run"" %} running 
{% endif %} 
change? 
</b>","Enter as %-change relative to the reference case.","Note: a change by +100% reflects a doubling. An increase from 10 min. to 30 min is equivalent to a change of +200%. Fine tune slider with keyboard arrows.",NA,NA,NA,NA,NA,NA,NA,NA,NA,NA,NA,NA,NA
"261","Active modes data","raw_activemode_bike_ref_changepercent",NA,"slider_percent_m1001000","#tmpl#
<b>
By how much did 
{% if ""[activemode]"" == ""walk"" %} walking 
{% elseif ""[activemode]"" == ""bike"" %} cycling 
{% elseif ""[activemode]"" == ""ebike"" %} e-biking
{% elseif ""[activemode]"" == ""ebike25"" %} slow e-biking (<25 km/h) 
{% elseif ""[activemode]"" == ""ebike45"" %} fast e-biking (<45 km/h) 
{% elseif ""[activemode]"" == ""bikeshare"" %} bike-sharing 
{% elseif ""[activemode]"" == ""run"" %} running 
{% endif %} 
change? 
</b>","Enter as %-change relative to the reference case.","Note: a change by +100% reflects a doubling. An increase from 10 min. to 30 min is equivalent to a change of +200%. Fine tune slider with keyboard arrows.",NA,NA,NA,NA,NA,NA,NA,NA,NA,NA,NA,NA,NA
"262","Active modes data","raw_activemode_bike_cf_countkm",NA,"number_field_only_positive","Distance travelled ""per count"" (km)","#tmpl#
This information may be obtained through an intercept survey of active travelers at the count location, or estimated otherwise. Consider the length of the assessed facility and whether the count is bi-directional and may include ""return trips."" Or use the HEAT default value for
{% if ""[activemode]"" == ""walk"" %}  walking 
{% elseif ""[activemode]"" == ""bike"" %}  cycling
{% elseif ""[activemode]"" == ""ebike"" %}  e-biking
{% endif %}
trip distance provided below.",NA,"countlength",NA,"raw_activemode_[activemode]_[comparisoncase]_countkm","Default distance assigned to a bike count unit (km)","ui_default_value","double",4.1,"km","c('raw_activemode_bike_cf_source') %in% names(input)  & any(c('counts') %in% input[['raw_activemode_bike_cf_source']]) ",NA,NA,NA,NA
"263","Active modes data","raw_activemode_bike_ref_countkm",NA,"number_field_only_positive","Distance travelled ""per count"" (km)","#tmpl#
This information may be obtained through an intercept survey of active travelers at the count location, or estimated otherwise. Consider the length of the assessed facility and whether the count is bi-directional and may include ""return trips."" Or use the HEAT default value for
{% if ""[activemode]"" == ""walk"" %}  walking 
{% elseif ""[activemode]"" == ""bike"" %}  cycling
{% elseif ""[activemode]"" == ""ebike"" %}  e-biking
{% endif %}
trip distance provided below.",NA,"countlength",NA,"raw_activemode_[activemode]_[comparisoncase]_countkm","Default distance assigned to a bike count unit (km)","ui_default_value","double",4.1,"km","c('raw_activemode_bike_ref_source') %in% names(input)  & any(c('counts') %in% input[['raw_activemode_bike_ref_source']]) ",NA,NA,NA,NA
"264","Active modes data","raw_activemode_bike_cf_denominator","cyclist","single_choice_dropdown_dependent_condition","Population type","This specifies what type of population the volume data is based on.",NA,"Cyclists",NA,NA,NA,NA,NA,NA,NA,NA,NA,NA,NA,NA
"265","Active modes data","raw_activemode_bike_ref_denominator","cyclist","single_choice_dropdown_dependent_condition","Population type","This specifies what type of population the volume data is based on.",NA,"Cyclists",NA,NA,NA,NA,NA,NA,NA,NA,NA,NA,NA,NA
"266","Active modes data","raw_activemode_bike_cf_denominator","pedestrian","single_choice_dropdown_dependent_condition","Population type","This specifies what type of population the volume data is based on.",NA,"Pedestrians",NA,NA,NA,NA,NA,NA,NA,NA,NA,NA,NA,NA
"267","Active modes data","raw_activemode_bike_ref_denominator","pedestrian","single_choice_dropdown_dependent_condition","Population type","This specifies what type of population the volume data is based on.",NA,"Pedestrians",NA,NA,NA,NA,NA,NA,NA,NA,NA,NA,NA,NA
"268","Active modes data","raw_activemode_bike_cf_denominator","person","single_choice_dropdown_dependent_condition","Population type","This specifies what type of population the volume data is based on.",NA,"General population",NA,NA,NA,NA,NA,NA,NA,NA,NA,NA,NA,NA
"269","Active modes data","raw_activemode_bike_ref_denominator","person","single_choice_dropdown_dependent_condition","Population type","This specifies what type of population the volume data is based on.",NA,"General population",NA,NA,NA,NA,NA,NA,NA,NA,NA,NA,NA,NA
"270","Active modes data","raw_activemode_bike_cf_freqpercentcat1",NA,"percent_field","Daily or almost daily",NA,"Enter % of population that fits this category.","Daily or almost daily",NA,NA,NA,NA,NA,NA,NA,NA,NA,NA,NA,NA
"271","Active modes data","raw_activemode_bike_ref_freqpercentcat1",NA,"percent_field","Daily or almost daily",NA,"Enter % of population that fits this category.","Daily or almost daily",NA,NA,NA,NA,NA,NA,NA,NA,NA,NA,NA,NA
"272","Active modes data","raw_activemode_bike_cf_freqpercentcat2",NA,"percent_field","1-3 days per week",NA,"Enter % of population that fits this category.","1-3 days per week",NA,NA,NA,NA,NA,NA,NA,NA,NA,NA,NA,NA
"273","Active modes data","raw_activemode_bike_ref_freqpercentcat2",NA,"percent_field","1-3 days per week",NA,"Enter % of population that fits this category.","1-3 days per week",NA,NA,NA,NA,NA,NA,NA,NA,NA,NA,NA,NA
"274","Active modes data","raw_activemode_bike_cf_freqpercentcat3",NA,"percent_field","1-3 days per month",NA,"Enter % of population that fits this category.","1-3 days per month",NA,NA,NA,NA,NA,NA,NA,NA,NA,NA,NA,NA
"275","Active modes data","raw_activemode_bike_ref_freqpercentcat3",NA,"percent_field","1-3 days per month",NA,"Enter % of population that fits this category.","1-3 days per month",NA,NA,NA,NA,NA,NA,NA,NA,NA,NA,NA,NA
"276","Active modes data","raw_activemode_bike_cf_freqpercentcat4",NA,"percent_field","Less than once per month",NA,"Enter % of population that fits this category.","Less than once per month",NA,NA,NA,NA,NA,NA,NA,NA,NA,NA,NA,NA
"277","Active modes data","raw_activemode_bike_ref_freqpercentcat4",NA,"percent_field","Less than once per month",NA,"Enter % of population that fits this category.","Less than once per month",NA,NA,NA,NA,NA,NA,NA,NA,NA,NA,NA,NA
"278","Active modes data","raw_activemode_bike_cf_freqpercentcat5",NA,"percent_field","Never",NA,"Enter % of population that fits this category.","Never",NA,NA,NA,NA,NA,NA,NA,NA,NA,NA,NA,NA
"279","Active modes data","raw_activemode_bike_ref_freqpercentcat5",NA,"percent_field","Never",NA,"Enter % of population that fits this category.","Never",NA,NA,NA,NA,NA,NA,NA,NA,NA,NA,NA,NA
"280","Active modes data","raw_activemode_bike_cf_modesharepercent",NA,"percent_field","#tmpl#
{% if ""[activemode]"" == ""walk"" %} Walking 
{% elseif ""[activemode]"" == ""bike"" %} Cycling 
{% elseif ""[activemode]"" == ""ebike"" %} E-biking
{% elseif ""[activemode]"" == ""ebike25"" %} Slow e-biking (<25 km/h) 
{% elseif ""[activemode]"" == ""ebike45"" %} Fast e-biking (<45 km/h) 
{% elseif ""[activemode]"" == ""bikeshare"" %} Bike-sharing 
{% elseif ""[activemode]"" == ""run"" %} Running 
{% endif %} 
mode share (%)","Mode share is a %-figure of total travel (by all modes). Provide the total travel volume further below.",NA,"Mode share percentage",NA,NA,NA,NA,NA,NA,NA,NA,NA,NA,NA,NA
"281","Active modes data","raw_activemode_bike_ref_modesharepercent",NA,"percent_field","#tmpl#
{% if ""[activemode]"" == ""walk"" %} Walking 
{% elseif ""[activemode]"" == ""bike"" %} Cycling 
{% elseif ""[activemode]"" == ""ebike"" %} E-biking
{% elseif ""[activemode]"" == ""ebike25"" %} Slow e-biking (<25 km/h) 
{% elseif ""[activemode]"" == ""ebike45"" %} Fast e-biking (<45 km/h) 
{% elseif ""[activemode]"" == ""bikeshare"" %} Bike-sharing 
{% elseif ""[activemode]"" == ""run"" %} Running 
{% endif %} 
mode share (%)","Mode share is a %-figure of total travel (by all modes). Provide the total travel volume further below.",NA,"Mode share percentage",NA,NA,NA,NA,NA,NA,NA,NA,NA,NA,NA,NA
"282","Active modes data","raw_activemode_bike_cf_number",NA,"number_field_only_positive","<b>Amount</b>","Must be in specified unit <b>per person, per day</b>.",NA,NA,NA,NA,NA,NA,NA,NA,NA,NA,NA,NA,NA,NA
"283","Active modes data","raw_activemode_bike_ref_number",NA,"number_field_only_positive","<b>Amount</b>","Must be in specified unit <b>per person, per day</b>.",NA,NA,NA,NA,NA,NA,NA,NA,NA,NA,NA,NA,NA,NA
"284","Active modes data","raw_activemode_bike_cf_source","app","single_choice_dropdown_dependent_condition","Data source",NA,NA,"App-based data",NA,NA,NA,NA,NA,NA,NA,NA,NA,NA,NA,NA
"285","Active modes data","raw_activemode_bike_ref_source","app","single_choice_dropdown_dependent_condition","Data source",NA,NA,"App-based data",NA,NA,NA,NA,NA,NA,NA,NA,NA,NA,NA,NA
"286","Active modes data","raw_activemode_bike_cf_source","bikeshare","single_choice_dropdown_dependent_condition","Data source",NA,NA,"Bike share data",NA,NA,NA,NA,NA,NA,NA,NA,NA,NA,NA,NA
"287","Active modes data","raw_activemode_bike_ref_source","bikeshare","single_choice_dropdown_dependent_condition","Data source",NA,NA,"Bike share data",NA,NA,NA,NA,NA,NA,NA,NA,NA,NA,NA,NA
"288","Active modes data","raw_activemode_bike_cf_source","counts","single_choice_dropdown_dependent_condition","Data source",NA,NA,"Count data",NA,NA,NA,NA,NA,NA,NA,NA,NA,NA,NA,NA
"289","Active modes data","raw_activemode_bike_ref_source","counts","single_choice_dropdown_dependent_condition","Data source",NA,NA,"Count data",NA,NA,NA,NA,NA,NA,NA,NA,NA,NA,NA,NA
"290","Active modes data","raw_activemode_bike_cf_source","intercept","single_choice_dropdown_dependent_condition","Data source",NA,NA,"Intercept survey",NA,NA,NA,NA,NA,NA,NA,NA,NA,NA,NA,NA
"291","Active modes data","raw_activemode_bike_ref_source","intercept","single_choice_dropdown_dependent_condition","Data source",NA,NA,"Intercept survey",NA,NA,NA,NA,NA,NA,NA,NA,NA,NA,NA,NA
"292","Active modes data","raw_activemode_bike_cf_source","model","single_choice_dropdown_dependent_condition","Data source",NA,NA,"Modeled data",NA,NA,NA,NA,NA,NA,NA,NA,NA,NA,NA,NA
"293","Active modes data","raw_activemode_bike_ref_source","model","single_choice_dropdown_dependent_condition","Data source",NA,NA,"Modeled data",NA,NA,NA,NA,NA,NA,NA,NA,NA,NA,NA,NA
"294","Active modes data","raw_activemode_bike_cf_source","popsurvey","single_choice_dropdown_dependent_condition","Data source",NA,NA,"Population survey",NA,NA,NA,NA,NA,NA,NA,NA,NA,NA,NA,NA
"295","Active modes data","raw_activemode_bike_ref_source","popsurvey","single_choice_dropdown_dependent_condition","Data source",NA,NA,"Population survey",NA,NA,NA,NA,NA,NA,NA,NA,NA,NA,NA,NA
"296","Active modes data","raw_activemode_bike_cf_source","scenario","single_choice_dropdown_dependent_condition","Data source",NA,NA,"Hypothetical scenario",NA,NA,NA,NA,NA,NA,NA,NA,NA,NA,NA,NA
"297","Active modes data","raw_activemode_bike_ref_source","scenario","single_choice_dropdown_dependent_condition","Data source",NA,NA,"Hypothetical scenario",NA,NA,NA,NA,NA,NA,NA,NA,NA,NA,NA,NA
"298","Active modes data","raw_activemode_bike_cf_tripkm",NA,"number_field_only_positive","Trip length","#tmpl#
Specify average length of 
{% if ""[activemode]"" == ""walk"" %} walking 
{% elseif ""[activemode]"" == ""bike"" %} cycling 
{% elseif ""[activemode]"" == ""ebike"" %} e-biking
{% elseif ""[activemode]"" == ""ebike25"" %} slow e-biking (<25 km/h) 
{% elseif ""[activemode]"" == ""ebike45"" %} fast e-biking (<45 km/h) 
{% elseif ""[activemode]"" == ""bikeshare"" %} bike-sharing 
{% elseif ""[activemode]"" == ""run"" %} running 
{% endif %} 
trips in km, or use the default value provided below.",NA,NA,NA,"raw_activemode_[activemode]_[comparisoncase]_tripkm","Default distance assigned to a bike trip (km)","ui_default_value","double",4.1,"km","c('raw_activemode_bike_cf_source') %in% names(input) & c('raw_activemode_bike_cf_unit') %in% names(input) & all(c('raw_activemode_bike_cf_alltripsunit') %in% names(input)) &  (any(c('bikeshare') %in% input[['raw_activemode_bike_cf_source']]) | any(c('trips', 'freq', 'modeshare') %in% input[['raw_activemode_bike_cf_unit']]) | any(c('trips') %in% input[[' raw_activemode_bike_cf _alltripsunit']]) )",NA,NA,NA,NA
"299","Active modes data","raw_activemode_bike_ref_tripkm",NA,"number_field_only_positive","Trip length","#tmpl#
Specify average length of 
{% if ""[activemode]"" == ""walk"" %} walking 
{% elseif ""[activemode]"" == ""bike"" %} cycling 
{% elseif ""[activemode]"" == ""ebike"" %} e-biking
{% elseif ""[activemode]"" == ""ebike25"" %} slow e-biking (<25 km/h) 
{% elseif ""[activemode]"" == ""ebike45"" %} fast e-biking (<45 km/h) 
{% elseif ""[activemode]"" == ""bikeshare"" %} bike-sharing 
{% elseif ""[activemode]"" == ""run"" %} running 
{% endif %} 
trips in km, or use the default value provided below.",NA,NA,NA,"raw_activemode_[activemode]_[comparisoncase]_tripkm","Default distance assigned to a bike trip (km)","ui_default_value","double",4.1,"km","c('raw_activemode_bike_ref_source') %in% names(input) & c('raw_activemode_bike_ref_unit') %in% names(input) & all(c('raw_activemode_bike_ref_alltripsunit') %in% names(input)) &  (any(c('bikeshare') %in% input[['raw_activemode_bike_ref_source']]) | any(c('trips', 'freq', 'modeshare') %in% input[['raw_activemode_bike_ref_unit']]) | any(c('trips') %in% input[[' raw_activemode_bike_ref _alltripsunit']]) )",NA,NA,NA,NA
"300","Active modes data","raw_activemode_bike_cf_tripsperday",NA,"number_field_only_positive","Number of trips per day","#tmpl#
Specify the average number of 
{% if ""[activemode]"" == ""walk"" %} walking 
{% elseif ""[activemode]"" == ""bike"" %} cycling 
{% elseif ""[activemode]"" == ""ebike"" %} e-biking
{% elseif ""[activemode]"" == ""ebike25"" %} slow e-biking (<25 km/h) 
{% elseif ""[activemode]"" == ""ebike45"" %} fast e-biking (<45 km/h) 
{% elseif ""[activemode]"" == ""bikeshare"" %} bike-sharing 
{% elseif ""[activemode]"" == ""run"" %} running 
{% endif %} 
trips per day, or use the default value provided.",NA,NA,NA,"raw_activemode_[activemode]_[comparisoncase]_tripsperday","Default number of bike trips taken by an average person on an average travel day (i.e. averaged over days when bike is actually used)","ui_default_value","double",2,"trips","c('raw_activemode_bike_cf_unit') %in% names(input)  & any(c('freq') %in% input[['raw_activemode_bike_cf_unit']])",NA,NA,NA,NA
"301","Active modes data","raw_activemode_bike_ref_tripsperday",NA,"number_field_only_positive","Number of trips per day","#tmpl#
Specify the average number of 
{% if ""[activemode]"" == ""walk"" %} walking 
{% elseif ""[activemode]"" == ""bike"" %} cycling 
{% elseif ""[activemode]"" == ""ebike"" %} e-biking
{% elseif ""[activemode]"" == ""ebike25"" %} slow e-biking (<25 km/h) 
{% elseif ""[activemode]"" == ""ebike45"" %} fast e-biking (<45 km/h) 
{% elseif ""[activemode]"" == ""bikeshare"" %} bike-sharing 
{% elseif ""[activemode]"" == ""run"" %} running 
{% endif %} 
trips per day, or use the default value provided.",NA,NA,NA,"raw_activemode_[activemode]_[comparisoncase]_tripsperday","Default number of bike trips taken by an average person on an average travel day (i.e. averaged over days when bike is actually used)","ui_default_value","double",2,"trips","c('raw_activemode_bike_ref_unit') %in% names(input)  & any(c('freq') %in% input[['raw_activemode_bike_ref_unit']])",NA,NA,NA,NA
"302","Active modes data","raw_activemode_bike_cf_unit","change","single_choice_dropdown_dependent_condition","Data unit or type",NA,NA,"Percent change",NA,NA,NA,NA,NA,NA,NA,NA,NA,NA,NA,NA
"303","Active modes data","raw_activemode_bike_ref_unit","change","single_choice_dropdown_dependent_condition","Data unit or type",NA,NA,"Percent change",NA,NA,NA,NA,NA,NA,NA,NA,NA,NA,NA,NA
"304","Active modes data","raw_activemode_bike_cf_unit","contcounts","single_choice_dropdown_dependent_condition","Data unit or type",NA,NA,"Continuous counts",NA,NA,NA,NA,NA,NA,NA,NA,NA,NA,NA,NA
"305","Active modes data","raw_activemode_bike_ref_unit","contcounts","single_choice_dropdown_dependent_condition","Data unit or type",NA,NA,"Continuous counts",NA,NA,NA,NA,NA,NA,NA,NA,NA,NA,NA,NA
"306","Active modes data","raw_activemode_bike_cf_unit","freq","single_choice_dropdown_dependent_condition","Data unit or type",NA,NA,"Frequency categories",NA,NA,NA,NA,NA,NA,NA,NA,NA,NA,NA,NA
"307","Active modes data","raw_activemode_bike_ref_unit","freq","single_choice_dropdown_dependent_condition","Data unit or type",NA,NA,"Frequency categories",NA,NA,NA,NA,NA,NA,NA,NA,NA,NA,NA,NA
"308","Active modes data","raw_activemode_bike_cf_unit","hrs","single_choice_dropdown_dependent_condition","Data unit or type",NA,NA,"Hours",NA,NA,NA,NA,NA,NA,NA,NA,NA,NA,NA,NA
"309","Active modes data","raw_activemode_bike_ref_unit","hrs","single_choice_dropdown_dependent_condition","Data unit or type",NA,NA,"Hours",NA,NA,NA,NA,NA,NA,NA,NA,NA,NA,NA,NA
"310","Active modes data","raw_activemode_bike_cf_unit","km","single_choice_dropdown_dependent_condition","Data unit or type",NA,NA,"Km",NA,NA,NA,NA,NA,NA,NA,NA,NA,NA,NA,NA
"311","Active modes data","raw_activemode_bike_ref_unit","km","single_choice_dropdown_dependent_condition","Data unit or type",NA,NA,"Km",NA,NA,NA,NA,NA,NA,NA,NA,NA,NA,NA,NA
"312","Active modes data","raw_activemode_bike_cf_unit","min","single_choice_dropdown_dependent_condition","Data unit or type",NA,NA,"Minutes",NA,NA,NA,NA,NA,NA,NA,NA,NA,NA,NA,NA
"313","Active modes data","raw_activemode_bike_ref_unit","min","single_choice_dropdown_dependent_condition","Data unit or type",NA,NA,"Minutes",NA,NA,NA,NA,NA,NA,NA,NA,NA,NA,NA,NA
"314","Active modes data","raw_activemode_bike_cf_unit","mls","single_choice_dropdown_dependent_condition","Data unit or type",NA,NA,"Miles",NA,NA,NA,NA,NA,NA,NA,NA,NA,NA,NA,NA
"315","Active modes data","raw_activemode_bike_ref_unit","mls","single_choice_dropdown_dependent_condition","Data unit or type",NA,NA,"Miles",NA,NA,NA,NA,NA,NA,NA,NA,NA,NA,NA,NA
"316","Active modes data","raw_activemode_bike_cf_unit","modeshare","single_choice_dropdown_dependent_condition","Data unit or type",NA,NA,"Mode share",NA,NA,NA,NA,NA,NA,NA,NA,NA,NA,NA,NA
"317","Active modes data","raw_activemode_bike_ref_unit","modeshare","single_choice_dropdown_dependent_condition","Data unit or type",NA,NA,"Mode share",NA,NA,NA,NA,NA,NA,NA,NA,NA,NA,NA,NA
"318","Active modes data","raw_activemode_bike_cf_unit","shortcounts","single_choice_dropdown_dependent_condition","Data unit or type",NA,NA,"Short term counts",NA,NA,NA,NA,NA,NA,NA,NA,NA,NA,NA,NA
"319","Active modes data","raw_activemode_bike_ref_unit","shortcounts","single_choice_dropdown_dependent_condition","Data unit or type",NA,NA,"Short term counts",NA,NA,NA,NA,NA,NA,NA,NA,NA,NA,NA,NA
"320","Active modes data","raw_activemode_bike_cf_unit","steps","single_choice_dropdown_dependent_condition","Data unit or type",NA,NA,"Steps",NA,NA,NA,NA,NA,NA,NA,NA,NA,NA,NA,NA
"321","Active modes data","raw_activemode_bike_ref_unit","steps","single_choice_dropdown_dependent_condition","Data unit or type",NA,NA,"Steps",NA,NA,NA,NA,NA,NA,NA,NA,NA,NA,NA,NA
"322","Active modes data","raw_activemode_bike_cf_unit","trips","single_choice_dropdown_dependent_condition","Data unit or type",NA,NA,"Trips",NA,NA,NA,NA,NA,NA,NA,NA,NA,NA,NA,NA
"323","Active modes data","raw_activemode_bike_ref_unit","trips","single_choice_dropdown_dependent_condition","Data unit or type",NA,NA,"Trips",NA,NA,NA,NA,NA,NA,NA,NA,NA,NA,NA,NA
"324","Active modes data","raw_activemode_bikeshare_cf_aadt",NA,"number_field_only_positive","Average daily travelers","Counts ideally reflect longterm averages (i.e. Annual Average Daily Travelers (AADT)). If using ""short term counts"", consider adjustment for seasonality in the ""Data adjustment module"". The count number must be ""per location, per day.""",NA,"AADT",NA,NA,NA,NA,NA,NA,NA,NA,NA,NA,NA,NA
"325","Active modes data","raw_activemode_bikeshare_ref_aadt",NA,"number_field_only_positive","Average daily travelers","Counts ideally reflect longterm averages (i.e. Annual Average Daily Travelers (AADT)). If using ""short term counts"", consider adjustment for seasonality in the ""Data adjustment module"". The count number must be ""per location, per day.""",NA,"AADT",NA,NA,NA,NA,NA,NA,NA,NA,NA,NA,NA,NA
"326","Active modes data","raw_activemode_bikeshare_cf_agerange","2044","single_choice_dropdown_dependent_condition","Age range of the assessed population","If the walking or cycling assessed stems predominantely from younger or from older subjects, select the age range accordingly.","The impact calculation by default excludes children and elderly because the underlying evidence and assumptions are not adequate for these age groups. 
Older persons benefit more from the same amount of active travel due to their higher mortality risk.","Younger adult population (20-44 years)",NA,NA,NA,NA,NA,NA,NA,NA,NA,NA,NA,NA
"327","Active modes data","raw_activemode_bikeshare_ref_agerange","2044","single_choice_dropdown_dependent_condition","Age range of the assessed population","If the walking or cycling assessed stems predominantely from younger or from older subjects, select the age range accordingly.","The impact calculation by default excludes children and elderly because the underlying evidence and assumptions are not adequate for these age groups. 
Older persons benefit more from the same amount of active travel due to their higher mortality risk.","Younger adult population (20-44 years)",NA,NA,NA,NA,NA,NA,NA,NA,NA,NA,NA,NA
"328","Active modes data","raw_activemode_bikeshare_cf_agerange","2064","single_choice_dropdown_dependent_condition","Age range of the assessed population","If the walking or cycling assessed stems predominantely from younger or from older subjects, select the age range accordingly.","The impact calculation by default excludes children and elderly because the underlying evidence and assumptions are not adequate for these age groups. 
Older persons benefit more from the same amount of active travel due to their higher mortality risk.","Adult population (20-64 years)",NA,NA,NA,NA,NA,NA,NA,NA,NA,NA,NA,NA
"329","Active modes data","raw_activemode_bikeshare_ref_agerange","2064","single_choice_dropdown_dependent_condition","Age range of the assessed population","If the walking or cycling assessed stems predominantely from younger or from older subjects, select the age range accordingly.","The impact calculation by default excludes children and elderly because the underlying evidence and assumptions are not adequate for these age groups. 
Older persons benefit more from the same amount of active travel due to their higher mortality risk.","Adult population (20-64 years)",NA,NA,NA,NA,NA,NA,NA,NA,NA,NA,NA,NA
"330","Active modes data","raw_activemode_bikeshare_cf_agerange","2074","single_choice_dropdown_dependent_condition","Age range of the assessed population","If the walking or cycling assessed stems predominantely from younger or from older subjects, select the age range accordingly.","The impact calculation by default excludes children and elderly because the underlying evidence and assumptions are not adequate for these age groups. 
Older persons benefit more from the same amount of active travel due to their higher mortality risk.","Adult population (20-74 years)",NA,NA,NA,NA,NA,NA,NA,NA,NA,NA,NA,NA
"331","Active modes data","raw_activemode_bikeshare_ref_agerange","2074","single_choice_dropdown_dependent_condition","Age range of the assessed population","If the walking or cycling assessed stems predominantely from younger or from older subjects, select the age range accordingly.","The impact calculation by default excludes children and elderly because the underlying evidence and assumptions are not adequate for these age groups. 
Older persons benefit more from the same amount of active travel due to their higher mortality risk.","Adult population (20-74 years)",NA,NA,NA,NA,NA,NA,NA,NA,NA,NA,NA,NA
"332","Active modes data","raw_activemode_bikeshare_cf_agerange","4564","single_choice_dropdown_dependent_condition","Age range of the assessed population","If the walking or cycling assessed stems predominantely from younger or from older subjects, select the age range accordingly.","The impact calculation by default excludes children and elderly because the underlying evidence and assumptions are not adequate for these age groups. 
Older persons benefit more from the same amount of active travel due to their higher mortality risk.","Older adult population (45-64 years)",NA,NA,NA,NA,NA,NA,NA,NA,NA,NA,NA,NA
"333","Active modes data","raw_activemode_bikeshare_ref_agerange","4564","single_choice_dropdown_dependent_condition","Age range of the assessed population","If the walking or cycling assessed stems predominantely from younger or from older subjects, select the age range accordingly.","The impact calculation by default excludes children and elderly because the underlying evidence and assumptions are not adequate for these age groups. 
Older persons benefit more from the same amount of active travel due to their higher mortality risk.","Older adult population (45-64 years)",NA,NA,NA,NA,NA,NA,NA,NA,NA,NA,NA,NA
"334","Active modes data","raw_activemode_bikeshare_cf_agerange","4574","single_choice_dropdown_dependent_condition","Age range of the assessed population","If the walking or cycling assessed stems predominantely from younger or from older subjects, select the age range accordingly.","The impact calculation by default excludes children and elderly because the underlying evidence and assumptions are not adequate for these age groups. 
Older persons benefit more from the same amount of active travel due to their higher mortality risk.","Older adult population (45-74 years)",NA,NA,NA,NA,NA,NA,NA,NA,NA,NA,NA,NA
"335","Active modes data","raw_activemode_bikeshare_ref_agerange","4574","single_choice_dropdown_dependent_condition","Age range of the assessed population","If the walking or cycling assessed stems predominantely from younger or from older subjects, select the age range accordingly.","The impact calculation by default excludes children and elderly because the underlying evidence and assumptions are not adequate for these age groups. 
Older persons benefit more from the same amount of active travel due to their higher mortality risk.","Older adult population (45-74 years)",NA,NA,NA,NA,NA,NA,NA,NA,NA,NA,NA,NA
"336","Active modes data","raw_activemode_bikeshare_cf_alltrips",NA,"number_field_only_positive","What is the total amount of travel by all modes per person, per day?","The unit (trips, duration, or distance) should correspond with the %-figure provided above.","Note that this is amount is per person, per day!","Total amount of travel",NA,NA,NA,NA,NA,NA,NA,NA,NA,NA,NA,NA
"337","Active modes data","raw_activemode_bikeshare_ref_alltrips",NA,"number_field_only_positive","What is the total amount of travel by all modes per person, per day?","The unit (trips, duration, or distance) should correspond with the %-figure provided above.","Note that this is amount is per person, per day!","Total amount of travel",NA,NA,NA,NA,NA,NA,NA,NA,NA,NA,NA,NA
"338","Active modes data","raw_activemode_bikeshare_cf_alltripsunit","distance","single_choice_radio","What is the unit of the travel volume specified above?",NA,NA,"Distance (km)","Total sum of travel times in minutes by all modes, per person, per day",NA,NA,NA,NA,NA,NA,NA,NA,NA,NA,NA
"339","Active modes data","raw_activemode_bikeshare_ref_alltripsunit","distance","single_choice_radio","What is the unit of the travel volume specified above?",NA,NA,"Distance (km)","Total sum of travel times in minutes by all modes, per person, per day",NA,NA,NA,NA,NA,NA,NA,NA,NA,NA,NA
"340","Active modes data","raw_activemode_bikeshare_cf_alltripsunit","duration","single_choice_radio","What is the unit of the travel volume specified above?",NA,NA,"Duration (min.)","Total sum of travel distances in kilometres by all modes, per person, per day",NA,NA,NA,NA,NA,NA,NA,NA,NA,NA,NA
"341","Active modes data","raw_activemode_bikeshare_ref_alltripsunit","duration","single_choice_radio","What is the unit of the travel volume specified above?",NA,NA,"Duration (min.)","Total sum of travel distances in kilometres by all modes, per person, per day",NA,NA,NA,NA,NA,NA,NA,NA,NA,NA,NA
"342","Active modes data","raw_activemode_bikeshare_cf_alltripsunit","trips","single_choice_radio","What is the unit of the travel volume specified above?",NA,NA,"Trips","Total number of trips by all modes, per person, per day",NA,NA,NA,NA,NA,NA,NA,NA,NA,NA,NA
"343","Active modes data","raw_activemode_bikeshare_ref_alltripsunit","trips","single_choice_radio","What is the unit of the travel volume specified above?",NA,NA,"Trips","Total number of trips by all modes, per person, per day",NA,NA,NA,NA,NA,NA,NA,NA,NA,NA,NA
"344","Active modes data","raw_activemode_bikeshare_cf_bstripdur",NA,"number_field_only_positive","Trip duration","Average riding time per trip (min.)",NA,NA,NA,"raw_activemode_bikeshare_[comparisoncase]_bstripdur","Default bikeshare trip duration (min.)","ui_default_value","double",18,"min","c('raw_activemode_bikeshare_cf_source') %in% names(input) & c('raw_activemode_bikeshare_cf_unit') %in% names(input) & any(c('bikeshare') %in% input[['raw_activemode_bikeshare_cf_source']]) & any(c('trips') %in% input[['raw_activemode_bikeshare_cf_unit']])",NA,NA,NA,NA
"345","Active modes data","raw_activemode_bikeshare_ref_bstripdur",NA,"number_field_only_positive","Trip duration","Average riding time per trip (min.)",NA,NA,NA,"raw_activemode_bikeshare_[comparisoncase]_bstripdur","Default bikeshare trip duration (min.)","ui_default_value","double",18,"min","c('raw_activemode_bikeshare_ref_source') %in% names(input) & c('raw_activemode_bikeshare_ref_unit') %in% names(input) & any(c('bikeshare') %in% input[['raw_activemode_bikeshare_ref_source']]) & any(c('trips') %in% input[['raw_activemode_bikeshare_ref_unit']])",NA,NA,NA,NA
"346","Active modes data","raw_activemode_bikeshare_cf_bstrips",NA,"number_field_only_positive","Trips per day","Average number of trips within the entire bike sharing system",NA,NA,NA,NA,NA,NA,NA,NA,NA,NA,NA,NA,NA,NA
"347","Active modes data","raw_activemode_bikeshare_ref_bstrips",NA,"number_field_only_positive","Trips per day","Average number of trips within the entire bike sharing system",NA,NA,NA,NA,NA,NA,NA,NA,NA,NA,NA,NA,NA,NA
"348","Active modes data","raw_activemode_bikeshare_cf_changepercent",NA,"slider_percent_m1001000","#tmpl#
<b>
By how much did 
{% if ""[activemode]"" == ""walk"" %} walking 
{% elseif ""[activemode]"" == ""bike"" %} cycling 
{% elseif ""[activemode]"" == ""ebike"" %} e-biking
{% elseif ""[activemode]"" == ""ebike25"" %} slow e-biking (<25 km/h) 
{% elseif ""[activemode]"" == ""ebike45"" %} fast e-biking (<45 km/h) 
{% elseif ""[activemode]"" == ""bikeshare"" %} bike-sharing 
{% elseif ""[activemode]"" == ""run"" %} running 
{% endif %} 
change? 
</b>","Enter as %-change relative to the reference case.","Note: a change by +100% reflects a doubling. An increase from 10 min. to 30 min is equivalent to a change of +200%. Fine tune slider with keyboard arrows.",NA,NA,NA,NA,NA,NA,NA,NA,NA,NA,NA,NA,NA
"349","Active modes data","raw_activemode_bikeshare_ref_changepercent",NA,"slider_percent_m1001000","#tmpl#
<b>
By how much did 
{% if ""[activemode]"" == ""walk"" %} walking 
{% elseif ""[activemode]"" == ""bike"" %} cycling 
{% elseif ""[activemode]"" == ""ebike"" %} e-biking
{% elseif ""[activemode]"" == ""ebike25"" %} slow e-biking (<25 km/h) 
{% elseif ""[activemode]"" == ""ebike45"" %} fast e-biking (<45 km/h) 
{% elseif ""[activemode]"" == ""bikeshare"" %} bike-sharing 
{% elseif ""[activemode]"" == ""run"" %} running 
{% endif %} 
change? 
</b>","Enter as %-change relative to the reference case.","Note: a change by +100% reflects a doubling. An increase from 10 min. to 30 min is equivalent to a change of +200%. Fine tune slider with keyboard arrows.",NA,NA,NA,NA,NA,NA,NA,NA,NA,NA,NA,NA,NA
"350","Active modes data","raw_activemode_bikeshare_cf_countkm",NA,"number_field_only_positive","Distance travelled ""per count"" (km)","#tmpl#
This information may be obtained through an intercept survey of active travelers at the count location, or estimated otherwise. Consider the length of the assessed facility and whether the count is bi-directional and may include ""return trips."" Or use the HEAT default value for
{% if ""[activemode]"" == ""walk"" %}  walking 
{% elseif ""[activemode]"" == ""bike"" %}  cycling
{% elseif ""[activemode]"" == ""ebike"" %}  e-biking
{% endif %}
trip distance provided below.",NA,"countlength",NA,"raw_activemode_[activemode]_[comparisoncase]_countkm","Default distance assigned to a bikeshare count unit (km)","ui_default_value","double",4.1,"km","c('raw_activemode_bikeshare_cf_source') %in% names(input)  & any(c('counts') %in% input[['raw_activemode_bikeshare_cf_source']]) ",NA,NA,NA,NA
"351","Active modes data","raw_activemode_bikeshare_ref_countkm",NA,"number_field_only_positive","Distance travelled ""per count"" (km)","#tmpl#
This information may be obtained through an intercept survey of active travelers at the count location, or estimated otherwise. Consider the length of the assessed facility and whether the count is bi-directional and may include ""return trips."" Or use the HEAT default value for
{% if ""[activemode]"" == ""walk"" %}  walking 
{% elseif ""[activemode]"" == ""bike"" %}  cycling
{% elseif ""[activemode]"" == ""ebike"" %}  e-biking
{% endif %}
trip distance provided below.",NA,"countlength",NA,"raw_activemode_[activemode]_[comparisoncase]_countkm","Default distance assigned to a bikeshare count unit (km)","ui_default_value","double",4.1,"km","c('raw_activemode_bikeshare_ref_source') %in% names(input)  & any(c('counts') %in% input[['raw_activemode_bikeshare_ref_source']]) ",NA,NA,NA,NA
"352","Active modes data","raw_activemode_bikeshare_cf_denominator","cyclist","single_choice_dropdown_dependent_condition","Population type","This specifies what type of population the volume data is based on.",NA,"Cyclists",NA,NA,NA,NA,NA,NA,NA,NA,NA,NA,NA,NA
"353","Active modes data","raw_activemode_bikeshare_ref_denominator","cyclist","single_choice_dropdown_dependent_condition","Population type","This specifies what type of population the volume data is based on.",NA,"Cyclists",NA,NA,NA,NA,NA,NA,NA,NA,NA,NA,NA,NA
"354","Active modes data","raw_activemode_bikeshare_cf_denominator","pedestrian","single_choice_dropdown_dependent_condition","Population type","This specifies what type of population the volume data is based on.",NA,"Pedestrians",NA,NA,NA,NA,NA,NA,NA,NA,NA,NA,NA,NA
"355","Active modes data","raw_activemode_bikeshare_ref_denominator","pedestrian","single_choice_dropdown_dependent_condition","Population type","This specifies what type of population the volume data is based on.",NA,"Pedestrians",NA,NA,NA,NA,NA,NA,NA,NA,NA,NA,NA,NA
"356","Active modes data","raw_activemode_bikeshare_cf_denominator","person","single_choice_dropdown_dependent_condition","Population type","This specifies what type of population the volume data is based on.",NA,"General population",NA,NA,NA,NA,NA,NA,NA,NA,NA,NA,NA,NA
"357","Active modes data","raw_activemode_bikeshare_ref_denominator","person","single_choice_dropdown_dependent_condition","Population type","This specifies what type of population the volume data is based on.",NA,"General population",NA,NA,NA,NA,NA,NA,NA,NA,NA,NA,NA,NA
"358","Active modes data","raw_activemode_bikeshare_cf_freqpercentcat1",NA,"percent_field","Daily or almost daily",NA,"Enter % of population that fits this category.","Daily or almost daily",NA,NA,NA,NA,NA,NA,NA,NA,NA,NA,NA,NA
"359","Active modes data","raw_activemode_bikeshare_ref_freqpercentcat1",NA,"percent_field","Daily or almost daily",NA,"Enter % of population that fits this category.","Daily or almost daily",NA,NA,NA,NA,NA,NA,NA,NA,NA,NA,NA,NA
"360","Active modes data","raw_activemode_bikeshare_cf_freqpercentcat2",NA,"percent_field","1-3 days per week",NA,"Enter % of population that fits this category.","1-3 days per week",NA,NA,NA,NA,NA,NA,NA,NA,NA,NA,NA,NA
"361","Active modes data","raw_activemode_bikeshare_ref_freqpercentcat2",NA,"percent_field","1-3 days per week",NA,"Enter % of population that fits this category.","1-3 days per week",NA,NA,NA,NA,NA,NA,NA,NA,NA,NA,NA,NA
"362","Active modes data","raw_activemode_bikeshare_cf_freqpercentcat3",NA,"percent_field","1-3 days per month",NA,"Enter % of population that fits this category.","1-3 days per month",NA,NA,NA,NA,NA,NA,NA,NA,NA,NA,NA,NA
"363","Active modes data","raw_activemode_bikeshare_ref_freqpercentcat3",NA,"percent_field","1-3 days per month",NA,"Enter % of population that fits this category.","1-3 days per month",NA,NA,NA,NA,NA,NA,NA,NA,NA,NA,NA,NA
"364","Active modes data","raw_activemode_bikeshare_cf_freqpercentcat4",NA,"percent_field","Less than once per month",NA,"Enter % of population that fits this category.","Less than once per month",NA,NA,NA,NA,NA,NA,NA,NA,NA,NA,NA,NA
"365","Active modes data","raw_activemode_bikeshare_ref_freqpercentcat4",NA,"percent_field","Less than once per month",NA,"Enter % of population that fits this category.","Less than once per month",NA,NA,NA,NA,NA,NA,NA,NA,NA,NA,NA,NA
"366","Active modes data","raw_activemode_bikeshare_cf_freqpercentcat5",NA,"percent_field","Never",NA,"Enter % of population that fits this category.","Never",NA,NA,NA,NA,NA,NA,NA,NA,NA,NA,NA,NA
"367","Active modes data","raw_activemode_bikeshare_ref_freqpercentcat5",NA,"percent_field","Never",NA,"Enter % of population that fits this category.","Never",NA,NA,NA,NA,NA,NA,NA,NA,NA,NA,NA,NA
"368","Active modes data","raw_activemode_bikeshare_cf_modesharepercent",NA,"percent_field","#tmpl#
{% if ""[activemode]"" == ""walk"" %} Walking 
{% elseif ""[activemode]"" == ""bike"" %} Cycling 
{% elseif ""[activemode]"" == ""ebike"" %} E-biking
{% elseif ""[activemode]"" == ""ebike25"" %} Slow e-biking (<25 km/h) 
{% elseif ""[activemode]"" == ""ebike45"" %} Fast e-biking (<45 km/h) 
{% elseif ""[activemode]"" == ""bikeshare"" %} Bike-sharing 
{% elseif ""[activemode]"" == ""run"" %} Running 
{% endif %} 
mode share (%)","Mode share is a %-figure of total travel (by all modes). Provide the total travel volume further below.",NA,"Mode share percentage",NA,NA,NA,NA,NA,NA,NA,NA,NA,NA,NA,NA
"369","Active modes data","raw_activemode_bikeshare_ref_modesharepercent",NA,"percent_field","#tmpl#
{% if ""[activemode]"" == ""walk"" %} Walking 
{% elseif ""[activemode]"" == ""bike"" %} Cycling 
{% elseif ""[activemode]"" == ""ebike"" %} E-biking
{% elseif ""[activemode]"" == ""ebike25"" %} Slow e-biking (<25 km/h) 
{% elseif ""[activemode]"" == ""ebike45"" %} Fast e-biking (<45 km/h) 
{% elseif ""[activemode]"" == ""bikeshare"" %} Bike-sharing 
{% elseif ""[activemode]"" == ""run"" %} Running 
{% endif %} 
mode share (%)","Mode share is a %-figure of total travel (by all modes). Provide the total travel volume further below.",NA,"Mode share percentage",NA,NA,NA,NA,NA,NA,NA,NA,NA,NA,NA,NA
"370","Active modes data","raw_activemode_bikeshare_cf_number",NA,"number_field_only_positive","<b>Amount</b>","Must be in specified unit <b>per person, per day</b>.",NA,NA,NA,NA,NA,NA,NA,NA,NA,NA,NA,NA,NA,NA
"371","Active modes data","raw_activemode_bikeshare_ref_number",NA,"number_field_only_positive","<b>Amount</b>","Must be in specified unit <b>per person, per day</b>.",NA,NA,NA,NA,NA,NA,NA,NA,NA,NA,NA,NA,NA,NA
"372","Active modes data","raw_activemode_bikeshare_cf_source","app","single_choice_dropdown_dependent_condition","Data source",NA,NA,"App-based data",NA,NA,NA,NA,NA,NA,NA,NA,NA,NA,NA,NA
"373","Active modes data","raw_activemode_bikeshare_ref_source","app","single_choice_dropdown_dependent_condition","Data source",NA,NA,"App-based data",NA,NA,NA,NA,NA,NA,NA,NA,NA,NA,NA,NA
"374","Active modes data","raw_activemode_bikeshare_cf_source","bikeshare","single_choice_dropdown_dependent_condition","Data source",NA,NA,"Bike share data",NA,NA,NA,NA,NA,NA,NA,NA,NA,NA,NA,NA
"375","Active modes data","raw_activemode_bikeshare_ref_source","bikeshare","single_choice_dropdown_dependent_condition","Data source",NA,NA,"Bike share data",NA,NA,NA,NA,NA,NA,NA,NA,NA,NA,NA,NA
"376","Active modes data","raw_activemode_bikeshare_cf_source","counts","single_choice_dropdown_dependent_condition","Data source",NA,NA,"Count data",NA,NA,NA,NA,NA,NA,NA,NA,NA,NA,NA,NA
"377","Active modes data","raw_activemode_bikeshare_ref_source","counts","single_choice_dropdown_dependent_condition","Data source",NA,NA,"Count data",NA,NA,NA,NA,NA,NA,NA,NA,NA,NA,NA,NA
"378","Active modes data","raw_activemode_bikeshare_cf_source","intercept","single_choice_dropdown_dependent_condition","Data source",NA,NA,"Intercept survey",NA,NA,NA,NA,NA,NA,NA,NA,NA,NA,NA,NA
"379","Active modes data","raw_activemode_bikeshare_ref_source","intercept","single_choice_dropdown_dependent_condition","Data source",NA,NA,"Intercept survey",NA,NA,NA,NA,NA,NA,NA,NA,NA,NA,NA,NA
"380","Active modes data","raw_activemode_bikeshare_cf_source","model","single_choice_dropdown_dependent_condition","Data source",NA,NA,"Modeled data",NA,NA,NA,NA,NA,NA,NA,NA,NA,NA,NA,NA
"381","Active modes data","raw_activemode_bikeshare_ref_source","model","single_choice_dropdown_dependent_condition","Data source",NA,NA,"Modeled data",NA,NA,NA,NA,NA,NA,NA,NA,NA,NA,NA,NA
"382","Active modes data","raw_activemode_bikeshare_cf_source","popsurvey","single_choice_dropdown_dependent_condition","Data source",NA,NA,"Population survey",NA,NA,NA,NA,NA,NA,NA,NA,NA,NA,NA,NA
"383","Active modes data","raw_activemode_bikeshare_ref_source","popsurvey","single_choice_dropdown_dependent_condition","Data source",NA,NA,"Population survey",NA,NA,NA,NA,NA,NA,NA,NA,NA,NA,NA,NA
"384","Active modes data","raw_activemode_bikeshare_cf_source","scenario","single_choice_dropdown_dependent_condition","Data source",NA,NA,"Hypothetical scenario",NA,NA,NA,NA,NA,NA,NA,NA,NA,NA,NA,NA
"385","Active modes data","raw_activemode_bikeshare_ref_source","scenario","single_choice_dropdown_dependent_condition","Data source",NA,NA,"Hypothetical scenario",NA,NA,NA,NA,NA,NA,NA,NA,NA,NA,NA,NA
"386","Active modes data","raw_activemode_bikeshare_cf_tripkm",NA,"number_field_only_positive","Trip length","#tmpl#
Specify average length of 
{% if ""[activemode]"" == ""walk"" %} walking 
{% elseif ""[activemode]"" == ""bike"" %} cycling 
{% elseif ""[activemode]"" == ""ebike"" %} e-biking
{% elseif ""[activemode]"" == ""ebike25"" %} slow e-biking (<25 km/h) 
{% elseif ""[activemode]"" == ""ebike45"" %} fast e-biking (<45 km/h) 
{% elseif ""[activemode]"" == ""bikeshare"" %} bike-sharing 
{% elseif ""[activemode]"" == ""run"" %} running 
{% endif %} 
trips in km, or use the default value provided below.",NA,NA,NA,"raw_activemode_[activemode]_[comparisoncase]_tripkm","Default distance assigned to a bikeshare trip (km)","ui_default_value","double",4.1,"km","c('raw_activemode_bikeshare_cf_source') %in% names(input) & c('raw_activemode_bikeshare_cf_unit') %in% names(input) & all(c('raw_activemode_bikeshare_cf_alltripsunit') %in% names(input)) &  (any(c('bikeshare') %in% input[['raw_activemode_bikeshare_cf_source']]) | any(c('trips', 'freq', 'modeshare') %in% input[['raw_activemode_bikeshare_cf_unit']]) | any(c('trips') %in% input[[' raw_activemode_bikeshare_cf _alltripsunit']]) )",NA,NA,NA,NA
"387","Active modes data","raw_activemode_bikeshare_ref_tripkm",NA,"number_field_only_positive","Trip length","#tmpl#
Specify average length of 
{% if ""[activemode]"" == ""walk"" %} walking 
{% elseif ""[activemode]"" == ""bike"" %} cycling 
{% elseif ""[activemode]"" == ""ebike"" %} e-biking
{% elseif ""[activemode]"" == ""ebike25"" %} slow e-biking (<25 km/h) 
{% elseif ""[activemode]"" == ""ebike45"" %} fast e-biking (<45 km/h) 
{% elseif ""[activemode]"" == ""bikeshare"" %} bike-sharing 
{% elseif ""[activemode]"" == ""run"" %} running 
{% endif %} 
trips in km, or use the default value provided below.",NA,NA,NA,"raw_activemode_[activemode]_[comparisoncase]_tripkm","Default distance assigned to a bikeshare trip (km)","ui_default_value","double",4.1,"km","c('raw_activemode_bikeshare_ref_source') %in% names(input) & c('raw_activemode_bikeshare_ref_unit') %in% names(input) & all(c('raw_activemode_bikeshare_ref_alltripsunit') %in% names(input)) &  (any(c('bikeshare') %in% input[['raw_activemode_bikeshare_ref_source']]) | any(c('trips', 'freq', 'modeshare') %in% input[['raw_activemode_bikeshare_ref_unit']]) | any(c('trips') %in% input[[' raw_activemode_bikeshare_ref _alltripsunit']]) )",NA,NA,NA,NA
"388","Active modes data","raw_activemode_bikeshare_cf_tripsperday",NA,"number_field_only_positive","Number of trips per day","#tmpl#
Specify the average number of 
{% if ""[activemode]"" == ""walk"" %} walking 
{% elseif ""[activemode]"" == ""bike"" %} cycling 
{% elseif ""[activemode]"" == ""ebike"" %} e-biking
{% elseif ""[activemode]"" == ""ebike25"" %} slow e-biking (<25 km/h) 
{% elseif ""[activemode]"" == ""ebike45"" %} fast e-biking (<45 km/h) 
{% elseif ""[activemode]"" == ""bikeshare"" %} bike-sharing 
{% elseif ""[activemode]"" == ""run"" %} running 
{% endif %} 
trips per day, or use the default value provided.",NA,NA,NA,"raw_activemode_[activemode]_[comparisoncase]_tripsperday","Default number of bikeshare trips taken by an average person on an average travel day (i.e. averaged over days when bikeshare is actually used)","ui_default_value","double",2,"trips","c('raw_activemode_bikeshare_cf_unit') %in% names(input)  & any(c('freq') %in% input[['raw_activemode_bikeshare_cf_unit']])",NA,NA,NA,NA
"389","Active modes data","raw_activemode_bikeshare_ref_tripsperday",NA,"number_field_only_positive","Number of trips per day","#tmpl#
Specify the average number of 
{% if ""[activemode]"" == ""walk"" %} walking 
{% elseif ""[activemode]"" == ""bike"" %} cycling 
{% elseif ""[activemode]"" == ""ebike"" %} e-biking
{% elseif ""[activemode]"" == ""ebike25"" %} slow e-biking (<25 km/h) 
{% elseif ""[activemode]"" == ""ebike45"" %} fast e-biking (<45 km/h) 
{% elseif ""[activemode]"" == ""bikeshare"" %} bike-sharing 
{% elseif ""[activemode]"" == ""run"" %} running 
{% endif %} 
trips per day, or use the default value provided.",NA,NA,NA,"raw_activemode_[activemode]_[comparisoncase]_tripsperday","Default number of bikeshare trips taken by an average person on an average travel day (i.e. averaged over days when bikeshare is actually used)","ui_default_value","double",2,"trips","c('raw_activemode_bikeshare_ref_unit') %in% names(input)  & any(c('freq') %in% input[['raw_activemode_bikeshare_ref_unit']])",NA,NA,NA,NA
"390","Active modes data","raw_activemode_bikeshare_cf_unit","change","single_choice_dropdown_dependent_condition","Data unit or type",NA,NA,"Percent change",NA,NA,NA,NA,NA,NA,NA,NA,NA,NA,NA,NA
"391","Active modes data","raw_activemode_bikeshare_ref_unit","change","single_choice_dropdown_dependent_condition","Data unit or type",NA,NA,"Percent change",NA,NA,NA,NA,NA,NA,NA,NA,NA,NA,NA,NA
"392","Active modes data","raw_activemode_bikeshare_cf_unit","contcounts","single_choice_dropdown_dependent_condition","Data unit or type",NA,NA,"Continuous counts",NA,NA,NA,NA,NA,NA,NA,NA,NA,NA,NA,NA
"393","Active modes data","raw_activemode_bikeshare_ref_unit","contcounts","single_choice_dropdown_dependent_condition","Data unit or type",NA,NA,"Continuous counts",NA,NA,NA,NA,NA,NA,NA,NA,NA,NA,NA,NA
"394","Active modes data","raw_activemode_bikeshare_cf_unit","freq","single_choice_dropdown_dependent_condition","Data unit or type",NA,NA,"Frequency categories",NA,NA,NA,NA,NA,NA,NA,NA,NA,NA,NA,NA
"395","Active modes data","raw_activemode_bikeshare_ref_unit","freq","single_choice_dropdown_dependent_condition","Data unit or type",NA,NA,"Frequency categories",NA,NA,NA,NA,NA,NA,NA,NA,NA,NA,NA,NA
"396","Active modes data","raw_activemode_bikeshare_cf_unit","hrs","single_choice_dropdown_dependent_condition","Data unit or type",NA,NA,"Hours",NA,NA,NA,NA,NA,NA,NA,NA,NA,NA,NA,NA
"397","Active modes data","raw_activemode_bikeshare_ref_unit","hrs","single_choice_dropdown_dependent_condition","Data unit or type",NA,NA,"Hours",NA,NA,NA,NA,NA,NA,NA,NA,NA,NA,NA,NA
"398","Active modes data","raw_activemode_bikeshare_cf_unit","km","single_choice_dropdown_dependent_condition","Data unit or type",NA,NA,"Km",NA,NA,NA,NA,NA,NA,NA,NA,NA,NA,NA,NA
"399","Active modes data","raw_activemode_bikeshare_ref_unit","km","single_choice_dropdown_dependent_condition","Data unit or type",NA,NA,"Km",NA,NA,NA,NA,NA,NA,NA,NA,NA,NA,NA,NA
"400","Active modes data","raw_activemode_bikeshare_cf_unit","min","single_choice_dropdown_dependent_condition","Data unit or type",NA,NA,"Minutes",NA,NA,NA,NA,NA,NA,NA,NA,NA,NA,NA,NA
"401","Active modes data","raw_activemode_bikeshare_ref_unit","min","single_choice_dropdown_dependent_condition","Data unit or type",NA,NA,"Minutes",NA,NA,NA,NA,NA,NA,NA,NA,NA,NA,NA,NA
"402","Active modes data","raw_activemode_bikeshare_cf_unit","mls","single_choice_dropdown_dependent_condition","Data unit or type",NA,NA,"Miles",NA,NA,NA,NA,NA,NA,NA,NA,NA,NA,NA,NA
"403","Active modes data","raw_activemode_bikeshare_ref_unit","mls","single_choice_dropdown_dependent_condition","Data unit or type",NA,NA,"Miles",NA,NA,NA,NA,NA,NA,NA,NA,NA,NA,NA,NA
"404","Active modes data","raw_activemode_bikeshare_cf_unit","modeshare","single_choice_dropdown_dependent_condition","Data unit or type",NA,NA,"Mode share",NA,NA,NA,NA,NA,NA,NA,NA,NA,NA,NA,NA
"405","Active modes data","raw_activemode_bikeshare_ref_unit","modeshare","single_choice_dropdown_dependent_condition","Data unit or type",NA,NA,"Mode share",NA,NA,NA,NA,NA,NA,NA,NA,NA,NA,NA,NA
"406","Active modes data","raw_activemode_bikeshare_cf_unit","shortcounts","single_choice_dropdown_dependent_condition","Data unit or type",NA,NA,"Short term counts",NA,NA,NA,NA,NA,NA,NA,NA,NA,NA,NA,NA
"407","Active modes data","raw_activemode_bikeshare_ref_unit","shortcounts","single_choice_dropdown_dependent_condition","Data unit or type",NA,NA,"Short term counts",NA,NA,NA,NA,NA,NA,NA,NA,NA,NA,NA,NA
"408","Active modes data","raw_activemode_bikeshare_cf_unit","steps","single_choice_dropdown_dependent_condition","Data unit or type",NA,NA,"Steps",NA,NA,NA,NA,NA,NA,NA,NA,NA,NA,NA,NA
"409","Active modes data","raw_activemode_bikeshare_ref_unit","steps","single_choice_dropdown_dependent_condition","Data unit or type",NA,NA,"Steps",NA,NA,NA,NA,NA,NA,NA,NA,NA,NA,NA,NA
"410","Active modes data","raw_activemode_bikeshare_cf_unit","trips","single_choice_dropdown_dependent_condition","Data unit or type",NA,NA,"Trips",NA,NA,NA,NA,NA,NA,NA,NA,NA,NA,NA,NA
"411","Active modes data","raw_activemode_bikeshare_ref_unit","trips","single_choice_dropdown_dependent_condition","Data unit or type",NA,NA,"Trips",NA,NA,NA,NA,NA,NA,NA,NA,NA,NA,NA,NA
"412","Active modes data","raw_activemode_ebike_cf_aadt",NA,"number_field_only_positive","Average daily travelers","Counts ideally reflect longterm averages (i.e. Annual Average Daily Travelers (AADT)). If using ""short term counts"", consider adjustment for seasonality in the ""Data adjustment module"". The count number must be ""per location, per day.""",NA,"AADT",NA,NA,NA,NA,NA,NA,NA,NA,NA,NA,NA,NA
"413","Active modes data","raw_activemode_ebike_ref_aadt",NA,"number_field_only_positive","Average daily travelers","Counts ideally reflect longterm averages (i.e. Annual Average Daily Travelers (AADT)). If using ""short term counts"", consider adjustment for seasonality in the ""Data adjustment module"". The count number must be ""per location, per day.""",NA,"AADT",NA,NA,NA,NA,NA,NA,NA,NA,NA,NA,NA,NA
"414","Active modes data","raw_activemode_ebike_cf_agerange","2044","single_choice_dropdown_dependent_condition","Age range of the assessed population","If the walking or cycling assessed stems predominantely from younger or from older subjects, select the age range accordingly.","The impact calculation by default excludes children and elderly because the underlying evidence and assumptions are not adequate for these age groups. 
Older persons benefit more from the same amount of active travel due to their higher mortality risk.","Younger adult population (20-44 years)",NA,NA,NA,NA,NA,NA,NA,NA,NA,NA,NA,NA
"415","Active modes data","raw_activemode_ebike_ref_agerange","2044","single_choice_dropdown_dependent_condition","Age range of the assessed population","If the walking or cycling assessed stems predominantely from younger or from older subjects, select the age range accordingly.","The impact calculation by default excludes children and elderly because the underlying evidence and assumptions are not adequate for these age groups. 
Older persons benefit more from the same amount of active travel due to their higher mortality risk.","Younger adult population (20-44 years)",NA,NA,NA,NA,NA,NA,NA,NA,NA,NA,NA,NA
"416","Active modes data","raw_activemode_ebike_cf_agerange","2064","single_choice_dropdown_dependent_condition","Age range of the assessed population","If the walking or cycling assessed stems predominantely from younger or from older subjects, select the age range accordingly.","The impact calculation by default excludes children and elderly because the underlying evidence and assumptions are not adequate for these age groups. 
Older persons benefit more from the same amount of active travel due to their higher mortality risk.","Adult population (20-64 years)",NA,NA,NA,NA,NA,NA,NA,NA,NA,NA,NA,NA
"417","Active modes data","raw_activemode_ebike_ref_agerange","2064","single_choice_dropdown_dependent_condition","Age range of the assessed population","If the walking or cycling assessed stems predominantely from younger or from older subjects, select the age range accordingly.","The impact calculation by default excludes children and elderly because the underlying evidence and assumptions are not adequate for these age groups. 
Older persons benefit more from the same amount of active travel due to their higher mortality risk.","Adult population (20-64 years)",NA,NA,NA,NA,NA,NA,NA,NA,NA,NA,NA,NA
"418","Active modes data","raw_activemode_ebike_cf_agerange","2074","single_choice_dropdown_dependent_condition","Age range of the assessed population","If the walking or cycling assessed stems predominantely from younger or from older subjects, select the age range accordingly.","The impact calculation by default excludes children and elderly because the underlying evidence and assumptions are not adequate for these age groups. 
Older persons benefit more from the same amount of active travel due to their higher mortality risk.","Adult population (20-74 years)",NA,NA,NA,NA,NA,NA,NA,NA,NA,NA,NA,NA
"419","Active modes data","raw_activemode_ebike_ref_agerange","2074","single_choice_dropdown_dependent_condition","Age range of the assessed population","If the walking or cycling assessed stems predominantely from younger or from older subjects, select the age range accordingly.","The impact calculation by default excludes children and elderly because the underlying evidence and assumptions are not adequate for these age groups. 
Older persons benefit more from the same amount of active travel due to their higher mortality risk.","Adult population (20-74 years)",NA,NA,NA,NA,NA,NA,NA,NA,NA,NA,NA,NA
"420","Active modes data","raw_activemode_ebike_cf_agerange","4564","single_choice_dropdown_dependent_condition","Age range of the assessed population","If the walking or cycling assessed stems predominantely from younger or from older subjects, select the age range accordingly.","The impact calculation by default excludes children and elderly because the underlying evidence and assumptions are not adequate for these age groups. 
Older persons benefit more from the same amount of active travel due to their higher mortality risk.","Older adult population (45-64 years)",NA,NA,NA,NA,NA,NA,NA,NA,NA,NA,NA,NA
"421","Active modes data","raw_activemode_ebike_ref_agerange","4564","single_choice_dropdown_dependent_condition","Age range of the assessed population","If the walking or cycling assessed stems predominantely from younger or from older subjects, select the age range accordingly.","The impact calculation by default excludes children and elderly because the underlying evidence and assumptions are not adequate for these age groups. 
Older persons benefit more from the same amount of active travel due to their higher mortality risk.","Older adult population (45-64 years)",NA,NA,NA,NA,NA,NA,NA,NA,NA,NA,NA,NA
"422","Active modes data","raw_activemode_ebike_cf_agerange","4574","single_choice_dropdown_dependent_condition","Age range of the assessed population","If the walking or cycling assessed stems predominantely from younger or from older subjects, select the age range accordingly.","The impact calculation by default excludes children and elderly because the underlying evidence and assumptions are not adequate for these age groups. 
Older persons benefit more from the same amount of active travel due to their higher mortality risk.","Older adult population (45-74 years)",NA,NA,NA,NA,NA,NA,NA,NA,NA,NA,NA,NA
"423","Active modes data","raw_activemode_ebike_ref_agerange","4574","single_choice_dropdown_dependent_condition","Age range of the assessed population","If the walking or cycling assessed stems predominantely from younger or from older subjects, select the age range accordingly.","The impact calculation by default excludes children and elderly because the underlying evidence and assumptions are not adequate for these age groups. 
Older persons benefit more from the same amount of active travel due to their higher mortality risk.","Older adult population (45-74 years)",NA,NA,NA,NA,NA,NA,NA,NA,NA,NA,NA,NA
"424","Active modes data","raw_activemode_ebike_cf_alltrips",NA,"number_field_only_positive","What is the total amount of travel by all modes per person, per day?","The unit (trips, duration, or distance) should correspond with the %-figure provided above.","Note that this is amount is per person, per day!","Total amount of travel",NA,NA,NA,NA,NA,NA,NA,NA,NA,NA,NA,NA
"425","Active modes data","raw_activemode_ebike_ref_alltrips",NA,"number_field_only_positive","What is the total amount of travel by all modes per person, per day?","The unit (trips, duration, or distance) should correspond with the %-figure provided above.","Note that this is amount is per person, per day!","Total amount of travel",NA,NA,NA,NA,NA,NA,NA,NA,NA,NA,NA,NA
"426","Active modes data","raw_activemode_ebike_cf_alltripsunit","distance","single_choice_radio","What is the unit of the travel volume specified above?",NA,NA,"Distance (km)","Total sum of travel times in minutes by all modes, per person, per day",NA,NA,NA,NA,NA,NA,NA,NA,NA,NA,NA
"427","Active modes data","raw_activemode_ebike_ref_alltripsunit","distance","single_choice_radio","What is the unit of the travel volume specified above?",NA,NA,"Distance (km)","Total sum of travel times in minutes by all modes, per person, per day",NA,NA,NA,NA,NA,NA,NA,NA,NA,NA,NA
"428","Active modes data","raw_activemode_ebike_cf_alltripsunit","duration","single_choice_radio","What is the unit of the travel volume specified above?",NA,NA,"Duration (min.)","Total sum of travel distances in kilometres by all modes, per person, per day",NA,NA,NA,NA,NA,NA,NA,NA,NA,NA,NA
"429","Active modes data","raw_activemode_ebike_ref_alltripsunit","duration","single_choice_radio","What is the unit of the travel volume specified above?",NA,NA,"Duration (min.)","Total sum of travel distances in kilometres by all modes, per person, per day",NA,NA,NA,NA,NA,NA,NA,NA,NA,NA,NA
"430","Active modes data","raw_activemode_ebike_cf_alltripsunit","trips","single_choice_radio","What is the unit of the travel volume specified above?",NA,NA,"Trips","Total number of trips by all modes, per person, per day",NA,NA,NA,NA,NA,NA,NA,NA,NA,NA,NA
"431","Active modes data","raw_activemode_ebike_ref_alltripsunit","trips","single_choice_radio","What is the unit of the travel volume specified above?",NA,NA,"Trips","Total number of trips by all modes, per person, per day",NA,NA,NA,NA,NA,NA,NA,NA,NA,NA,NA
"432","Active modes data","raw_activemode_ebike_cf_bstripdur",NA,"number_field_only_positive","Trip duration","Average riding time per trip (min.)",NA,NA,NA,"raw_activemode_bikeshare_[comparisoncase]_bstripdur",NA,NA,NA,NA,NA,NA,NA,NA,NA,NA
"433","Active modes data","raw_activemode_ebike_ref_bstripdur",NA,"number_field_only_positive","Trip duration","Average riding time per trip (min.)",NA,NA,NA,"raw_activemode_bikeshare_[comparisoncase]_bstripdur",NA,NA,NA,NA,NA,NA,NA,NA,NA,NA
"434","Active modes data","raw_activemode_ebike_cf_bstrips",NA,"number_field_only_positive","Trips per day","Average number of trips within the entire bike sharing system",NA,NA,NA,NA,NA,NA,NA,NA,NA,NA,NA,NA,NA,NA
"435","Active modes data","raw_activemode_ebike_ref_bstrips",NA,"number_field_only_positive","Trips per day","Average number of trips within the entire bike sharing system",NA,NA,NA,NA,NA,NA,NA,NA,NA,NA,NA,NA,NA,NA
"436","Active modes data","raw_activemode_ebike_cf_changepercent",NA,"slider_percent_m1001000","#tmpl#
<b>
By how much did 
{% if ""[activemode]"" == ""walk"" %} walking 
{% elseif ""[activemode]"" == ""bike"" %} cycling 
{% elseif ""[activemode]"" == ""ebike"" %} e-biking
{% elseif ""[activemode]"" == ""ebike25"" %} slow e-biking (<25 km/h) 
{% elseif ""[activemode]"" == ""ebike45"" %} fast e-biking (<45 km/h) 
{% elseif ""[activemode]"" == ""bikeshare"" %} bike-sharing 
{% elseif ""[activemode]"" == ""run"" %} running 
{% endif %} 
change? 
</b>","Enter as %-change relative to the reference case.","Note: a change by +100% reflects a doubling. An increase from 10 min. to 30 min is equivalent to a change of +200%. Fine tune slider with keyboard arrows.",NA,NA,NA,NA,NA,NA,NA,NA,NA,NA,NA,NA,NA
"437","Active modes data","raw_activemode_ebike_ref_changepercent",NA,"slider_percent_m1001000","#tmpl#
<b>
By how much did 
{% if ""[activemode]"" == ""walk"" %} walking 
{% elseif ""[activemode]"" == ""bike"" %} cycling 
{% elseif ""[activemode]"" == ""ebike"" %} e-biking
{% elseif ""[activemode]"" == ""ebike25"" %} slow e-biking (<25 km/h) 
{% elseif ""[activemode]"" == ""ebike45"" %} fast e-biking (<45 km/h) 
{% elseif ""[activemode]"" == ""bikeshare"" %} bike-sharing 
{% elseif ""[activemode]"" == ""run"" %} running 
{% endif %} 
change? 
</b>","Enter as %-change relative to the reference case.","Note: a change by +100% reflects a doubling. An increase from 10 min. to 30 min is equivalent to a change of +200%. Fine tune slider with keyboard arrows.",NA,NA,NA,NA,NA,NA,NA,NA,NA,NA,NA,NA,NA
"438","Active modes data","raw_activemode_ebike_cf_countkm",NA,"number_field_only_positive","Distance travelled ""per count"" (km)","#tmpl#
This information may be obtained through an intercept survey of active travelers at the count location, or estimated otherwise. Consider the length of the assessed facility and whether the count is bi-directional and may include ""return trips."" Or use the HEAT default value for
{% if ""[activemode]"" == ""walk"" %}  walking 
{% elseif ""[activemode]"" == ""bike"" %}  cycling
{% elseif ""[activemode]"" == ""ebike"" %}  e-biking
{% endif %}
trip distance provided below.",NA,"countlength",NA,"raw_activemode_[activemode]_[comparisoncase]_countkm","Default distance assigned to a ebike count unit (km)","ui_default_value","double",6,"km","c('raw_activemode_ebike_cf_source') %in% names(input)  & any(c('counts') %in% input[['raw_activemode_ebike_cf_source']]) ",NA,NA,NA,NA
"439","Active modes data","raw_activemode_ebike_ref_countkm",NA,"number_field_only_positive","Distance travelled ""per count"" (km)","#tmpl#
This information may be obtained through an intercept survey of active travelers at the count location, or estimated otherwise. Consider the length of the assessed facility and whether the count is bi-directional and may include ""return trips."" Or use the HEAT default value for
{% if ""[activemode]"" == ""walk"" %}  walking 
{% elseif ""[activemode]"" == ""bike"" %}  cycling
{% elseif ""[activemode]"" == ""ebike"" %}  e-biking
{% endif %}
trip distance provided below.",NA,"countlength",NA,"raw_activemode_[activemode]_[comparisoncase]_countkm","Default distance assigned to a ebike count unit (km)","ui_default_value","double",6,"km","c('raw_activemode_ebike_ref_source') %in% names(input)  & any(c('counts') %in% input[['raw_activemode_ebike_ref_source']]) ",NA,NA,NA,NA
"440","Active modes data","raw_activemode_ebike_cf_denominator","cyclist","single_choice_dropdown_dependent_condition","Population type","This specifies what type of population the volume data is based on.",NA,"Cyclists",NA,NA,NA,NA,NA,NA,NA,NA,NA,NA,NA,NA
"441","Active modes data","raw_activemode_ebike_ref_denominator","cyclist","single_choice_dropdown_dependent_condition","Population type","This specifies what type of population the volume data is based on.",NA,"Cyclists",NA,NA,NA,NA,NA,NA,NA,NA,NA,NA,NA,NA
"442","Active modes data","raw_activemode_ebike_cf_denominator","pedestrian","single_choice_dropdown_dependent_condition","Population type","This specifies what type of population the volume data is based on.",NA,"Pedestrians",NA,NA,NA,NA,NA,NA,NA,NA,NA,NA,NA,NA
"443","Active modes data","raw_activemode_ebike_ref_denominator","pedestrian","single_choice_dropdown_dependent_condition","Population type","This specifies what type of population the volume data is based on.",NA,"Pedestrians",NA,NA,NA,NA,NA,NA,NA,NA,NA,NA,NA,NA
"444","Active modes data","raw_activemode_ebike_cf_denominator","person","single_choice_dropdown_dependent_condition","Population type","This specifies what type of population the volume data is based on.",NA,"General population",NA,NA,NA,NA,NA,NA,NA,NA,NA,NA,NA,NA
"445","Active modes data","raw_activemode_ebike_ref_denominator","person","single_choice_dropdown_dependent_condition","Population type","This specifies what type of population the volume data is based on.",NA,"General population",NA,NA,NA,NA,NA,NA,NA,NA,NA,NA,NA,NA
"446","Active modes data","raw_activemode_ebike_cf_freqpercentcat1",NA,"percent_field","Daily or almost daily",NA,"Enter % of population that fits this category.","Daily or almost daily",NA,NA,NA,NA,NA,NA,NA,NA,NA,NA,NA,NA
"447","Active modes data","raw_activemode_ebike_ref_freqpercentcat1",NA,"percent_field","Daily or almost daily",NA,"Enter % of population that fits this category.","Daily or almost daily",NA,NA,NA,NA,NA,NA,NA,NA,NA,NA,NA,NA
"448","Active modes data","raw_activemode_ebike_cf_freqpercentcat2",NA,"percent_field","1-3 days per week",NA,"Enter % of population that fits this category.","1-3 days per week",NA,NA,NA,NA,NA,NA,NA,NA,NA,NA,NA,NA
"449","Active modes data","raw_activemode_ebike_ref_freqpercentcat2",NA,"percent_field","1-3 days per week",NA,"Enter % of population that fits this category.","1-3 days per week",NA,NA,NA,NA,NA,NA,NA,NA,NA,NA,NA,NA
"450","Active modes data","raw_activemode_ebike_cf_freqpercentcat3",NA,"percent_field","1-3 days per month",NA,"Enter % of population that fits this category.","1-3 days per month",NA,NA,NA,NA,NA,NA,NA,NA,NA,NA,NA,NA
"451","Active modes data","raw_activemode_ebike_ref_freqpercentcat3",NA,"percent_field","1-3 days per month",NA,"Enter % of population that fits this category.","1-3 days per month",NA,NA,NA,NA,NA,NA,NA,NA,NA,NA,NA,NA
"452","Active modes data","raw_activemode_ebike_cf_freqpercentcat4",NA,"percent_field","Less than once per month",NA,"Enter % of population that fits this category.","Less than once per month",NA,NA,NA,NA,NA,NA,NA,NA,NA,NA,NA,NA
"453","Active modes data","raw_activemode_ebike_ref_freqpercentcat4",NA,"percent_field","Less than once per month",NA,"Enter % of population that fits this category.","Less than once per month",NA,NA,NA,NA,NA,NA,NA,NA,NA,NA,NA,NA
"454","Active modes data","raw_activemode_ebike_cf_freqpercentcat5",NA,"percent_field","Never",NA,"Enter % of population that fits this category.","Never",NA,NA,NA,NA,NA,NA,NA,NA,NA,NA,NA,NA
"455","Active modes data","raw_activemode_ebike_ref_freqpercentcat5",NA,"percent_field","Never",NA,"Enter % of population that fits this category.","Never",NA,NA,NA,NA,NA,NA,NA,NA,NA,NA,NA,NA
"456","Active modes data","raw_activemode_ebike_cf_modesharepercent",NA,"percent_field","#tmpl#
{% if ""[activemode]"" == ""walk"" %} Walking 
{% elseif ""[activemode]"" == ""bike"" %} Cycling 
{% elseif ""[activemode]"" == ""ebike"" %} E-biking
{% elseif ""[activemode]"" == ""ebike25"" %} Slow e-biking (<25 km/h) 
{% elseif ""[activemode]"" == ""ebike45"" %} Fast e-biking (<45 km/h) 
{% elseif ""[activemode]"" == ""bikeshare"" %} Bike-sharing 
{% elseif ""[activemode]"" == ""run"" %} Running 
{% endif %} 
mode share (%)","Mode share is a %-figure of total travel (by all modes). Provide the total travel volume further below.",NA,"Mode share percentage",NA,NA,NA,NA,NA,NA,NA,NA,NA,NA,NA,NA
"457","Active modes data","raw_activemode_ebike_ref_modesharepercent",NA,"percent_field","#tmpl#
{% if ""[activemode]"" == ""walk"" %} Walking 
{% elseif ""[activemode]"" == ""bike"" %} Cycling 
{% elseif ""[activemode]"" == ""ebike"" %} E-biking
{% elseif ""[activemode]"" == ""ebike25"" %} Slow e-biking (<25 km/h) 
{% elseif ""[activemode]"" == ""ebike45"" %} Fast e-biking (<45 km/h) 
{% elseif ""[activemode]"" == ""bikeshare"" %} Bike-sharing 
{% elseif ""[activemode]"" == ""run"" %} Running 
{% endif %} 
mode share (%)","Mode share is a %-figure of total travel (by all modes). Provide the total travel volume further below.",NA,"Mode share percentage",NA,NA,NA,NA,NA,NA,NA,NA,NA,NA,NA,NA
"458","Active modes data","raw_activemode_ebike_cf_number",NA,"number_field_only_positive","<b>Amount</b>","Must be in specified unit <b>per person, per day</b>.",NA,NA,NA,NA,NA,NA,NA,NA,NA,NA,NA,NA,NA,NA
"459","Active modes data","raw_activemode_ebike_ref_number",NA,"number_field_only_positive","<b>Amount</b>","Must be in specified unit <b>per person, per day</b>.",NA,NA,NA,NA,NA,NA,NA,NA,NA,NA,NA,NA,NA,NA
"460","Active modes data","raw_activemode_ebike_cf_source","app","single_choice_dropdown_dependent_condition","Data source",NA,NA,"App-based data",NA,NA,NA,NA,NA,NA,NA,NA,NA,NA,NA,NA
"461","Active modes data","raw_activemode_ebike_ref_source","app","single_choice_dropdown_dependent_condition","Data source",NA,NA,"App-based data",NA,NA,NA,NA,NA,NA,NA,NA,NA,NA,NA,NA
"462","Active modes data","raw_activemode_ebike_cf_source","bikeshare","single_choice_dropdown_dependent_condition","Data source",NA,NA,"Bike share data",NA,NA,NA,NA,NA,NA,NA,NA,NA,NA,NA,NA
"463","Active modes data","raw_activemode_ebike_ref_source","bikeshare","single_choice_dropdown_dependent_condition","Data source",NA,NA,"Bike share data",NA,NA,NA,NA,NA,NA,NA,NA,NA,NA,NA,NA
"464","Active modes data","raw_activemode_ebike_cf_source","counts","single_choice_dropdown_dependent_condition","Data source",NA,NA,"Count data",NA,NA,NA,NA,NA,NA,NA,NA,NA,NA,NA,NA
"465","Active modes data","raw_activemode_ebike_ref_source","counts","single_choice_dropdown_dependent_condition","Data source",NA,NA,"Count data",NA,NA,NA,NA,NA,NA,NA,NA,NA,NA,NA,NA
"466","Active modes data","raw_activemode_ebike_cf_source","intercept","single_choice_dropdown_dependent_condition","Data source",NA,NA,"Intercept survey",NA,NA,NA,NA,NA,NA,NA,NA,NA,NA,NA,NA
"467","Active modes data","raw_activemode_ebike_ref_source","intercept","single_choice_dropdown_dependent_condition","Data source",NA,NA,"Intercept survey",NA,NA,NA,NA,NA,NA,NA,NA,NA,NA,NA,NA
"468","Active modes data","raw_activemode_ebike_cf_source","model","single_choice_dropdown_dependent_condition","Data source",NA,NA,"Modeled data",NA,NA,NA,NA,NA,NA,NA,NA,NA,NA,NA,NA
"469","Active modes data","raw_activemode_ebike_ref_source","model","single_choice_dropdown_dependent_condition","Data source",NA,NA,"Modeled data",NA,NA,NA,NA,NA,NA,NA,NA,NA,NA,NA,NA
"470","Active modes data","raw_activemode_ebike_cf_source","popsurvey","single_choice_dropdown_dependent_condition","Data source",NA,NA,"Population survey",NA,NA,NA,NA,NA,NA,NA,NA,NA,NA,NA,NA
"471","Active modes data","raw_activemode_ebike_ref_source","popsurvey","single_choice_dropdown_dependent_condition","Data source",NA,NA,"Population survey",NA,NA,NA,NA,NA,NA,NA,NA,NA,NA,NA,NA
"472","Active modes data","raw_activemode_ebike_cf_source","scenario","single_choice_dropdown_dependent_condition","Data source",NA,NA,"Hypothetical scenario",NA,NA,NA,NA,NA,NA,NA,NA,NA,NA,NA,NA
"473","Active modes data","raw_activemode_ebike_ref_source","scenario","single_choice_dropdown_dependent_condition","Data source",NA,NA,"Hypothetical scenario",NA,NA,NA,NA,NA,NA,NA,NA,NA,NA,NA,NA
"474","Active modes data","raw_activemode_ebike_cf_tripkm",NA,"number_field_only_positive","Trip length","#tmpl#
Specify average length of 
{% if ""[activemode]"" == ""walk"" %} walking 
{% elseif ""[activemode]"" == ""bike"" %} cycling 
{% elseif ""[activemode]"" == ""ebike"" %} e-biking
{% elseif ""[activemode]"" == ""ebike25"" %} slow e-biking (<25 km/h) 
{% elseif ""[activemode]"" == ""ebike45"" %} fast e-biking (<45 km/h) 
{% elseif ""[activemode]"" == ""bikeshare"" %} bike-sharing 
{% elseif ""[activemode]"" == ""run"" %} running 
{% endif %} 
trips in km, or use the default value provided below.",NA,NA,NA,"raw_activemode_[activemode]_[comparisoncase]_tripkm","Default distance assigned to a ebike trip (km)","ui_default_value","double",6,"km","c('raw_activemode_ebike_cf_source') %in% names(input) & c('raw_activemode_ebike_cf_unit') %in% names(input) & all(c('raw_activemode_ebike_cf_alltripsunit') %in% names(input)) &  (any(c('bikeshare') %in% input[['raw_activemode_ebike_cf_source']]) | any(c('trips', 'freq', 'modeshare') %in% input[['raw_activemode_ebike_cf_unit']]) | any(c('trips') %in% input[[' raw_activemode_ebike_cf _alltripsunit']]) )",NA,NA,NA,NA
"475","Active modes data","raw_activemode_ebike_ref_tripkm",NA,"number_field_only_positive","Trip length","#tmpl#
Specify average length of 
{% if ""[activemode]"" == ""walk"" %} walking 
{% elseif ""[activemode]"" == ""bike"" %} cycling 
{% elseif ""[activemode]"" == ""ebike"" %} e-biking
{% elseif ""[activemode]"" == ""ebike25"" %} slow e-biking (<25 km/h) 
{% elseif ""[activemode]"" == ""ebike45"" %} fast e-biking (<45 km/h) 
{% elseif ""[activemode]"" == ""bikeshare"" %} bike-sharing 
{% elseif ""[activemode]"" == ""run"" %} running 
{% endif %} 
trips in km, or use the default value provided below.",NA,NA,NA,"raw_activemode_[activemode]_[comparisoncase]_tripkm","Default distance assigned to a ebike trip (km)","ui_default_value","double",6,"km","c('raw_activemode_ebike_ref_source') %in% names(input) & c('raw_activemode_ebike_ref_unit') %in% names(input) & all(c('raw_activemode_ebike_ref_alltripsunit') %in% names(input)) &  (any(c('bikeshare') %in% input[['raw_activemode_ebike_ref_source']]) | any(c('trips', 'freq', 'modeshare') %in% input[['raw_activemode_ebike_ref_unit']]) | any(c('trips') %in% input[[' raw_activemode_ebike_ref _alltripsunit']]) )",NA,NA,NA,NA
"476","Active modes data","raw_activemode_ebike_cf_tripsperday",NA,"number_field_only_positive","Number of trips per day","#tmpl#
Specify the average number of 
{% if ""[activemode]"" == ""walk"" %} walking 
{% elseif ""[activemode]"" == ""bike"" %} cycling 
{% elseif ""[activemode]"" == ""ebike"" %} e-biking
{% elseif ""[activemode]"" == ""ebike25"" %} slow e-biking (<25 km/h) 
{% elseif ""[activemode]"" == ""ebike45"" %} fast e-biking (<45 km/h) 
{% elseif ""[activemode]"" == ""bikeshare"" %} bike-sharing 
{% elseif ""[activemode]"" == ""run"" %} running 
{% endif %} 
trips per day, or use the default value provided.",NA,NA,NA,"raw_activemode_[activemode]_[comparisoncase]_tripsperday","Default number of ebike trips taken by an average person on an average travel day (i.e. averaged over days when ebike is actually used)","ui_default_value","double",2,"trips","c('raw_activemode_ebike_cf_unit') %in% names(input)  & any(c('freq') %in% input[['raw_activemode_ebike_cf_unit']])",NA,NA,NA,NA
"477","Active modes data","raw_activemode_ebike_ref_tripsperday",NA,"number_field_only_positive","Number of trips per day","#tmpl#
Specify the average number of 
{% if ""[activemode]"" == ""walk"" %} walking 
{% elseif ""[activemode]"" == ""bike"" %} cycling 
{% elseif ""[activemode]"" == ""ebike"" %} e-biking
{% elseif ""[activemode]"" == ""ebike25"" %} slow e-biking (<25 km/h) 
{% elseif ""[activemode]"" == ""ebike45"" %} fast e-biking (<45 km/h) 
{% elseif ""[activemode]"" == ""bikeshare"" %} bike-sharing 
{% elseif ""[activemode]"" == ""run"" %} running 
{% endif %} 
trips per day, or use the default value provided.",NA,NA,NA,"raw_activemode_[activemode]_[comparisoncase]_tripsperday","Default number of ebike trips taken by an average person on an average travel day (i.e. averaged over days when ebike is actually used)","ui_default_value","double",2,"trips","c('raw_activemode_ebike_ref_unit') %in% names(input)  & any(c('freq') %in% input[['raw_activemode_ebike_ref_unit']])",NA,NA,NA,NA
"478","Active modes data","raw_activemode_ebike_cf_unit","change","single_choice_dropdown_dependent_condition","Data unit or type",NA,NA,"Percent change",NA,NA,NA,NA,NA,NA,NA,NA,NA,NA,NA,NA
"479","Active modes data","raw_activemode_ebike_ref_unit","change","single_choice_dropdown_dependent_condition","Data unit or type",NA,NA,"Percent change",NA,NA,NA,NA,NA,NA,NA,NA,NA,NA,NA,NA
"480","Active modes data","raw_activemode_ebike_cf_unit","contcounts","single_choice_dropdown_dependent_condition","Data unit or type",NA,NA,"Continuous counts",NA,NA,NA,NA,NA,NA,NA,NA,NA,NA,NA,NA
"481","Active modes data","raw_activemode_ebike_ref_unit","contcounts","single_choice_dropdown_dependent_condition","Data unit or type",NA,NA,"Continuous counts",NA,NA,NA,NA,NA,NA,NA,NA,NA,NA,NA,NA
"482","Active modes data","raw_activemode_ebike_cf_unit","freq","single_choice_dropdown_dependent_condition","Data unit or type",NA,NA,"Frequency categories",NA,NA,NA,NA,NA,NA,NA,NA,NA,NA,NA,NA
"483","Active modes data","raw_activemode_ebike_ref_unit","freq","single_choice_dropdown_dependent_condition","Data unit or type",NA,NA,"Frequency categories",NA,NA,NA,NA,NA,NA,NA,NA,NA,NA,NA,NA
"484","Active modes data","raw_activemode_ebike_cf_unit","hrs","single_choice_dropdown_dependent_condition","Data unit or type",NA,NA,"Hours",NA,NA,NA,NA,NA,NA,NA,NA,NA,NA,NA,NA
"485","Active modes data","raw_activemode_ebike_ref_unit","hrs","single_choice_dropdown_dependent_condition","Data unit or type",NA,NA,"Hours",NA,NA,NA,NA,NA,NA,NA,NA,NA,NA,NA,NA
"486","Active modes data","raw_activemode_ebike_cf_unit","km","single_choice_dropdown_dependent_condition","Data unit or type",NA,NA,"Km",NA,NA,NA,NA,NA,NA,NA,NA,NA,NA,NA,NA
"487","Active modes data","raw_activemode_ebike_ref_unit","km","single_choice_dropdown_dependent_condition","Data unit or type",NA,NA,"Km",NA,NA,NA,NA,NA,NA,NA,NA,NA,NA,NA,NA
"488","Active modes data","raw_activemode_ebike_cf_unit","min","single_choice_dropdown_dependent_condition","Data unit or type",NA,NA,"Minutes",NA,NA,NA,NA,NA,NA,NA,NA,NA,NA,NA,NA
"489","Active modes data","raw_activemode_ebike_ref_unit","min","single_choice_dropdown_dependent_condition","Data unit or type",NA,NA,"Minutes",NA,NA,NA,NA,NA,NA,NA,NA,NA,NA,NA,NA
"490","Active modes data","raw_activemode_ebike_cf_unit","mls","single_choice_dropdown_dependent_condition","Data unit or type",NA,NA,"Miles",NA,NA,NA,NA,NA,NA,NA,NA,NA,NA,NA,NA
"491","Active modes data","raw_activemode_ebike_ref_unit","mls","single_choice_dropdown_dependent_condition","Data unit or type",NA,NA,"Miles",NA,NA,NA,NA,NA,NA,NA,NA,NA,NA,NA,NA
"492","Active modes data","raw_activemode_ebike_cf_unit","modeshare","single_choice_dropdown_dependent_condition","Data unit or type",NA,NA,"Mode share",NA,NA,NA,NA,NA,NA,NA,NA,NA,NA,NA,NA
"493","Active modes data","raw_activemode_ebike_ref_unit","modeshare","single_choice_dropdown_dependent_condition","Data unit or type",NA,NA,"Mode share",NA,NA,NA,NA,NA,NA,NA,NA,NA,NA,NA,NA
"494","Active modes data","raw_activemode_ebike_cf_unit","shortcounts","single_choice_dropdown_dependent_condition","Data unit or type",NA,NA,"Short term counts",NA,NA,NA,NA,NA,NA,NA,NA,NA,NA,NA,NA
"495","Active modes data","raw_activemode_ebike_ref_unit","shortcounts","single_choice_dropdown_dependent_condition","Data unit or type",NA,NA,"Short term counts",NA,NA,NA,NA,NA,NA,NA,NA,NA,NA,NA,NA
"496","Active modes data","raw_activemode_ebike_cf_unit","steps","single_choice_dropdown_dependent_condition","Data unit or type",NA,NA,"Steps",NA,NA,NA,NA,NA,NA,NA,NA,NA,NA,NA,NA
"497","Active modes data","raw_activemode_ebike_ref_unit","steps","single_choice_dropdown_dependent_condition","Data unit or type",NA,NA,"Steps",NA,NA,NA,NA,NA,NA,NA,NA,NA,NA,NA,NA
"498","Active modes data","raw_activemode_ebike_cf_unit","trips","single_choice_dropdown_dependent_condition","Data unit or type",NA,NA,"Trips",NA,NA,NA,NA,NA,NA,NA,NA,NA,NA,NA,NA
"499","Active modes data","raw_activemode_ebike_ref_unit","trips","single_choice_dropdown_dependent_condition","Data unit or type",NA,NA,"Trips",NA,NA,NA,NA,NA,NA,NA,NA,NA,NA,NA,NA
"500","Active modes data","raw_activemode_ebike25_cf_aadt",NA,"number_field_only_positive","Average daily travelers","Counts ideally reflect longterm averages (i.e. Annual Average Daily Travelers (AADT)). If using ""short term counts"", consider adjustment for seasonality in the ""Data adjustment module"". The count number must be ""per location, per day.""",NA,"AADT",NA,NA,NA,NA,NA,NA,NA,NA,NA,NA,NA,NA
"501","Active modes data","raw_activemode_ebike25_ref_aadt",NA,"number_field_only_positive","Average daily travelers","Counts ideally reflect longterm averages (i.e. Annual Average Daily Travelers (AADT)). If using ""short term counts"", consider adjustment for seasonality in the ""Data adjustment module"". The count number must be ""per location, per day.""",NA,"AADT",NA,NA,NA,NA,NA,NA,NA,NA,NA,NA,NA,NA
"502","Active modes data","raw_activemode_ebike25_cf_agerange","2044","single_choice_dropdown_dependent_condition","Age range of the assessed population","If the walking or cycling assessed stems predominantely from younger or from older subjects, select the age range accordingly.","The impact calculation by default excludes children and elderly because the underlying evidence and assumptions are not adequate for these age groups. 
Older persons benefit more from the same amount of active travel due to their higher mortality risk.","Younger adult population (20-44 years)",NA,NA,NA,NA,NA,NA,NA,NA,NA,NA,NA,NA
"503","Active modes data","raw_activemode_ebike25_ref_agerange","2044","single_choice_dropdown_dependent_condition","Age range of the assessed population","If the walking or cycling assessed stems predominantely from younger or from older subjects, select the age range accordingly.","The impact calculation by default excludes children and elderly because the underlying evidence and assumptions are not adequate for these age groups. 
Older persons benefit more from the same amount of active travel due to their higher mortality risk.","Younger adult population (20-44 years)",NA,NA,NA,NA,NA,NA,NA,NA,NA,NA,NA,NA
"504","Active modes data","raw_activemode_ebike25_cf_agerange","2064","single_choice_dropdown_dependent_condition","Age range of the assessed population","If the walking or cycling assessed stems predominantely from younger or from older subjects, select the age range accordingly.","The impact calculation by default excludes children and elderly because the underlying evidence and assumptions are not adequate for these age groups. 
Older persons benefit more from the same amount of active travel due to their higher mortality risk.","Adult population (20-64 years)",NA,NA,NA,NA,NA,NA,NA,NA,NA,NA,NA,NA
"505","Active modes data","raw_activemode_ebike25_ref_agerange","2064","single_choice_dropdown_dependent_condition","Age range of the assessed population","If the walking or cycling assessed stems predominantely from younger or from older subjects, select the age range accordingly.","The impact calculation by default excludes children and elderly because the underlying evidence and assumptions are not adequate for these age groups. 
Older persons benefit more from the same amount of active travel due to their higher mortality risk.","Adult population (20-64 years)",NA,NA,NA,NA,NA,NA,NA,NA,NA,NA,NA,NA
"506","Active modes data","raw_activemode_ebike25_cf_agerange","2074","single_choice_dropdown_dependent_condition","Age range of the assessed population","If the walking or cycling assessed stems predominantely from younger or from older subjects, select the age range accordingly.","The impact calculation by default excludes children and elderly because the underlying evidence and assumptions are not adequate for these age groups. 
Older persons benefit more from the same amount of active travel due to their higher mortality risk.","Adult population (20-74 years)",NA,NA,NA,NA,NA,NA,NA,NA,NA,NA,NA,NA
"507","Active modes data","raw_activemode_ebike25_ref_agerange","2074","single_choice_dropdown_dependent_condition","Age range of the assessed population","If the walking or cycling assessed stems predominantely from younger or from older subjects, select the age range accordingly.","The impact calculation by default excludes children and elderly because the underlying evidence and assumptions are not adequate for these age groups. 
Older persons benefit more from the same amount of active travel due to their higher mortality risk.","Adult population (20-74 years)",NA,NA,NA,NA,NA,NA,NA,NA,NA,NA,NA,NA
"508","Active modes data","raw_activemode_ebike25_cf_agerange","4564","single_choice_dropdown_dependent_condition","Age range of the assessed population","If the walking or cycling assessed stems predominantely from younger or from older subjects, select the age range accordingly.","The impact calculation by default excludes children and elderly because the underlying evidence and assumptions are not adequate for these age groups. 
Older persons benefit more from the same amount of active travel due to their higher mortality risk.","Older adult population (45-64 years)",NA,NA,NA,NA,NA,NA,NA,NA,NA,NA,NA,NA
"509","Active modes data","raw_activemode_ebike25_ref_agerange","4564","single_choice_dropdown_dependent_condition","Age range of the assessed population","If the walking or cycling assessed stems predominantely from younger or from older subjects, select the age range accordingly.","The impact calculation by default excludes children and elderly because the underlying evidence and assumptions are not adequate for these age groups. 
Older persons benefit more from the same amount of active travel due to their higher mortality risk.","Older adult population (45-64 years)",NA,NA,NA,NA,NA,NA,NA,NA,NA,NA,NA,NA
"510","Active modes data","raw_activemode_ebike25_cf_agerange","4574","single_choice_dropdown_dependent_condition","Age range of the assessed population","If the walking or cycling assessed stems predominantely from younger or from older subjects, select the age range accordingly.","The impact calculation by default excludes children and elderly because the underlying evidence and assumptions are not adequate for these age groups. 
Older persons benefit more from the same amount of active travel due to their higher mortality risk.","Older adult population (45-74 years)",NA,NA,NA,NA,NA,NA,NA,NA,NA,NA,NA,NA
"511","Active modes data","raw_activemode_ebike25_ref_agerange","4574","single_choice_dropdown_dependent_condition","Age range of the assessed population","If the walking or cycling assessed stems predominantely from younger or from older subjects, select the age range accordingly.","The impact calculation by default excludes children and elderly because the underlying evidence and assumptions are not adequate for these age groups. 
Older persons benefit more from the same amount of active travel due to their higher mortality risk.","Older adult population (45-74 years)",NA,NA,NA,NA,NA,NA,NA,NA,NA,NA,NA,NA
"512","Active modes data","raw_activemode_ebike25_cf_alltrips",NA,"number_field_only_positive","What is the total amount of travel by all modes per person, per day?","The unit (trips, duration, or distance) should correspond with the %-figure provided above.","Note that this is amount is per person, per day!","Total amount of travel",NA,NA,NA,NA,NA,NA,NA,NA,NA,NA,NA,NA
"513","Active modes data","raw_activemode_ebike25_ref_alltrips",NA,"number_field_only_positive","What is the total amount of travel by all modes per person, per day?","The unit (trips, duration, or distance) should correspond with the %-figure provided above.","Note that this is amount is per person, per day!","Total amount of travel",NA,NA,NA,NA,NA,NA,NA,NA,NA,NA,NA,NA
"514","Active modes data","raw_activemode_ebike25_cf_alltripsunit","distance","single_choice_radio","What is the unit of the travel volume specified above?",NA,NA,"Distance (km)","Total sum of travel times in minutes by all modes, per person, per day",NA,NA,NA,NA,NA,NA,NA,NA,NA,NA,NA
"515","Active modes data","raw_activemode_ebike25_ref_alltripsunit","distance","single_choice_radio","What is the unit of the travel volume specified above?",NA,NA,"Distance (km)","Total sum of travel times in minutes by all modes, per person, per day",NA,NA,NA,NA,NA,NA,NA,NA,NA,NA,NA
"516","Active modes data","raw_activemode_ebike25_cf_alltripsunit","duration","single_choice_radio","What is the unit of the travel volume specified above?",NA,NA,"Duration (min.)","Total sum of travel distances in kilometres by all modes, per person, per day",NA,NA,NA,NA,NA,NA,NA,NA,NA,NA,NA
"517","Active modes data","raw_activemode_ebike25_ref_alltripsunit","duration","single_choice_radio","What is the unit of the travel volume specified above?",NA,NA,"Duration (min.)","Total sum of travel distances in kilometres by all modes, per person, per day",NA,NA,NA,NA,NA,NA,NA,NA,NA,NA,NA
"518","Active modes data","raw_activemode_ebike25_cf_alltripsunit","trips","single_choice_radio","What is the unit of the travel volume specified above?",NA,NA,"Trips","Total number of trips by all modes, per person, per day",NA,NA,NA,NA,NA,NA,NA,NA,NA,NA,NA
"519","Active modes data","raw_activemode_ebike25_ref_alltripsunit","trips","single_choice_radio","What is the unit of the travel volume specified above?",NA,NA,"Trips","Total number of trips by all modes, per person, per day",NA,NA,NA,NA,NA,NA,NA,NA,NA,NA,NA
"520","Active modes data","raw_activemode_ebike25_cf_bstripdur",NA,"number_field_only_positive","Trip duration","Average riding time per trip (min.)",NA,NA,NA,"raw_activemode_bikeshare_[comparisoncase]_bstripdur",NA,NA,NA,NA,NA,NA,NA,NA,NA,NA
"521","Active modes data","raw_activemode_ebike25_ref_bstripdur",NA,"number_field_only_positive","Trip duration","Average riding time per trip (min.)",NA,NA,NA,"raw_activemode_bikeshare_[comparisoncase]_bstripdur",NA,NA,NA,NA,NA,NA,NA,NA,NA,NA
"522","Active modes data","raw_activemode_ebike25_cf_bstrips",NA,"number_field_only_positive","Trips per day","Average number of trips within the entire bike sharing system",NA,NA,NA,NA,NA,NA,NA,NA,NA,NA,NA,NA,NA,NA
"523","Active modes data","raw_activemode_ebike25_ref_bstrips",NA,"number_field_only_positive","Trips per day","Average number of trips within the entire bike sharing system",NA,NA,NA,NA,NA,NA,NA,NA,NA,NA,NA,NA,NA,NA
"524","Active modes data","raw_activemode_ebike25_cf_changepercent",NA,"slider_percent_m1001000","#tmpl#
<b>
By how much did 
{% if ""[activemode]"" == ""walk"" %} walking 
{% elseif ""[activemode]"" == ""bike"" %} cycling 
{% elseif ""[activemode]"" == ""ebike"" %} e-biking
{% elseif ""[activemode]"" == ""ebike25"" %} slow e-biking (<25 km/h) 
{% elseif ""[activemode]"" == ""ebike45"" %} fast e-biking (<45 km/h) 
{% elseif ""[activemode]"" == ""bikeshare"" %} bike-sharing 
{% elseif ""[activemode]"" == ""run"" %} running 
{% endif %} 
change? 
</b>","Enter as %-change relative to the reference case.","Note: a change by +100% reflects a doubling. An increase from 10 min. to 30 min is equivalent to a change of +200%. Fine tune slider with keyboard arrows.",NA,NA,NA,NA,NA,NA,NA,NA,NA,NA,NA,NA,NA
"525","Active modes data","raw_activemode_ebike25_ref_changepercent",NA,"slider_percent_m1001000","#tmpl#
<b>
By how much did 
{% if ""[activemode]"" == ""walk"" %} walking 
{% elseif ""[activemode]"" == ""bike"" %} cycling 
{% elseif ""[activemode]"" == ""ebike"" %} e-biking
{% elseif ""[activemode]"" == ""ebike25"" %} slow e-biking (<25 km/h) 
{% elseif ""[activemode]"" == ""ebike45"" %} fast e-biking (<45 km/h) 
{% elseif ""[activemode]"" == ""bikeshare"" %} bike-sharing 
{% elseif ""[activemode]"" == ""run"" %} running 
{% endif %} 
change? 
</b>","Enter as %-change relative to the reference case.","Note: a change by +100% reflects a doubling. An increase from 10 min. to 30 min is equivalent to a change of +200%. Fine tune slider with keyboard arrows.",NA,NA,NA,NA,NA,NA,NA,NA,NA,NA,NA,NA,NA
"526","Active modes data","raw_activemode_ebike25_cf_countkm",NA,"number_field_only_positive","Distance travelled ""per count"" (km)","#tmpl#
This information may be obtained through an intercept survey of active travelers at the count location, or estimated otherwise. Consider the length of the assessed facility and whether the count is bi-directional and may include ""return trips."" Or use the HEAT default value for
{% if ""[activemode]"" == ""walk"" %}  walking 
{% elseif ""[activemode]"" == ""bike"" %}  cycling
{% elseif ""[activemode]"" == ""ebike"" %}  e-biking
{% endif %}
trip distance provided below.",NA,"countlength",NA,"raw_activemode_[activemode]_[comparisoncase]_countkm","Default distance assigned to a ebike25 count unit (km)","ui_default_value","double",5,"km","c('raw_activemode_ebike25_cf_source') %in% names(input)  & any(c('counts') %in% input[['raw_activemode_ebike25_cf_source']]) ",NA,NA,NA,NA
"527","Active modes data","raw_activemode_ebike25_ref_countkm",NA,"number_field_only_positive","Distance travelled ""per count"" (km)","#tmpl#
This information may be obtained through an intercept survey of active travelers at the count location, or estimated otherwise. Consider the length of the assessed facility and whether the count is bi-directional and may include ""return trips."" Or use the HEAT default value for
{% if ""[activemode]"" == ""walk"" %}  walking 
{% elseif ""[activemode]"" == ""bike"" %}  cycling
{% elseif ""[activemode]"" == ""ebike"" %}  e-biking
{% endif %}
trip distance provided below.",NA,"countlength",NA,"raw_activemode_[activemode]_[comparisoncase]_countkm","Default distance assigned to a ebike25 count unit (km)","ui_default_value","double",5,"km","c('raw_activemode_ebike25_ref_source') %in% names(input)  & any(c('counts') %in% input[['raw_activemode_ebike25_ref_source']]) ",NA,NA,NA,NA
"528","Active modes data","raw_activemode_ebike25_cf_denominator","cyclist","single_choice_dropdown_dependent_condition","Population type","This specifies what type of population the volume data is based on.",NA,"Cyclists",NA,NA,NA,NA,NA,NA,NA,NA,NA,NA,NA,NA
"529","Active modes data","raw_activemode_ebike25_ref_denominator","cyclist","single_choice_dropdown_dependent_condition","Population type","This specifies what type of population the volume data is based on.",NA,"Cyclists",NA,NA,NA,NA,NA,NA,NA,NA,NA,NA,NA,NA
"530","Active modes data","raw_activemode_ebike25_cf_denominator","pedestrian","single_choice_dropdown_dependent_condition","Population type","This specifies what type of population the volume data is based on.",NA,"Pedestrians",NA,NA,NA,NA,NA,NA,NA,NA,NA,NA,NA,NA
"531","Active modes data","raw_activemode_ebike25_ref_denominator","pedestrian","single_choice_dropdown_dependent_condition","Population type","This specifies what type of population the volume data is based on.",NA,"Pedestrians",NA,NA,NA,NA,NA,NA,NA,NA,NA,NA,NA,NA
"532","Active modes data","raw_activemode_ebike25_cf_denominator","person","single_choice_dropdown_dependent_condition","Population type","This specifies what type of population the volume data is based on.",NA,"General population",NA,NA,NA,NA,NA,NA,NA,NA,NA,NA,NA,NA
"533","Active modes data","raw_activemode_ebike25_ref_denominator","person","single_choice_dropdown_dependent_condition","Population type","This specifies what type of population the volume data is based on.",NA,"General population",NA,NA,NA,NA,NA,NA,NA,NA,NA,NA,NA,NA
"534","Active modes data","raw_activemode_ebike25_cf_freqpercentcat1",NA,"percent_field","Daily or almost daily",NA,"Enter % of population that fits this category.","Daily or almost daily",NA,NA,NA,NA,NA,NA,NA,NA,NA,NA,NA,NA
"535","Active modes data","raw_activemode_ebike25_ref_freqpercentcat1",NA,"percent_field","Daily or almost daily",NA,"Enter % of population that fits this category.","Daily or almost daily",NA,NA,NA,NA,NA,NA,NA,NA,NA,NA,NA,NA
"536","Active modes data","raw_activemode_ebike25_cf_freqpercentcat2",NA,"percent_field","1-3 days per week",NA,"Enter % of population that fits this category.","1-3 days per week",NA,NA,NA,NA,NA,NA,NA,NA,NA,NA,NA,NA
"537","Active modes data","raw_activemode_ebike25_ref_freqpercentcat2",NA,"percent_field","1-3 days per week",NA,"Enter % of population that fits this category.","1-3 days per week",NA,NA,NA,NA,NA,NA,NA,NA,NA,NA,NA,NA
"538","Active modes data","raw_activemode_ebike25_cf_freqpercentcat3",NA,"percent_field","1-3 days per month",NA,"Enter % of population that fits this category.","1-3 days per month",NA,NA,NA,NA,NA,NA,NA,NA,NA,NA,NA,NA
"539","Active modes data","raw_activemode_ebike25_ref_freqpercentcat3",NA,"percent_field","1-3 days per month",NA,"Enter % of population that fits this category.","1-3 days per month",NA,NA,NA,NA,NA,NA,NA,NA,NA,NA,NA,NA
"540","Active modes data","raw_activemode_ebike25_cf_freqpercentcat4",NA,"percent_field","Less than once per month",NA,"Enter % of population that fits this category.","Less than once per month",NA,NA,NA,NA,NA,NA,NA,NA,NA,NA,NA,NA
"541","Active modes data","raw_activemode_ebike25_ref_freqpercentcat4",NA,"percent_field","Less than once per month",NA,"Enter % of population that fits this category.","Less than once per month",NA,NA,NA,NA,NA,NA,NA,NA,NA,NA,NA,NA
"542","Active modes data","raw_activemode_ebike25_cf_freqpercentcat5",NA,"percent_field","Never",NA,"Enter % of population that fits this category.","Never",NA,NA,NA,NA,NA,NA,NA,NA,NA,NA,NA,NA
"543","Active modes data","raw_activemode_ebike25_ref_freqpercentcat5",NA,"percent_field","Never",NA,"Enter % of population that fits this category.","Never",NA,NA,NA,NA,NA,NA,NA,NA,NA,NA,NA,NA
"544","Active modes data","raw_activemode_ebike25_cf_modesharepercent",NA,"percent_field","#tmpl#
{% if ""[activemode]"" == ""walk"" %} Walking 
{% elseif ""[activemode]"" == ""bike"" %} Cycling 
{% elseif ""[activemode]"" == ""ebike"" %} E-biking
{% elseif ""[activemode]"" == ""ebike25"" %} Slow e-biking (<25 km/h) 
{% elseif ""[activemode]"" == ""ebike45"" %} Fast e-biking (<45 km/h) 
{% elseif ""[activemode]"" == ""bikeshare"" %} Bike-sharing 
{% elseif ""[activemode]"" == ""run"" %} Running 
{% endif %} 
mode share (%)","Mode share is a %-figure of total travel (by all modes). Provide the total travel volume further below.",NA,"Mode share percentage",NA,NA,NA,NA,NA,NA,NA,NA,NA,NA,NA,NA
"545","Active modes data","raw_activemode_ebike25_ref_modesharepercent",NA,"percent_field","#tmpl#
{% if ""[activemode]"" == ""walk"" %} Walking 
{% elseif ""[activemode]"" == ""bike"" %} Cycling 
{% elseif ""[activemode]"" == ""ebike"" %} E-biking
{% elseif ""[activemode]"" == ""ebike25"" %} Slow e-biking (<25 km/h) 
{% elseif ""[activemode]"" == ""ebike45"" %} Fast e-biking (<45 km/h) 
{% elseif ""[activemode]"" == ""bikeshare"" %} Bike-sharing 
{% elseif ""[activemode]"" == ""run"" %} Running 
{% endif %} 
mode share (%)","Mode share is a %-figure of total travel (by all modes). Provide the total travel volume further below.",NA,"Mode share percentage",NA,NA,NA,NA,NA,NA,NA,NA,NA,NA,NA,NA
"546","Active modes data","raw_activemode_ebike25_cf_number",NA,"number_field_only_positive","<b>Amount</b>","Must be in specified unit <b>per person, per day</b>.",NA,NA,NA,NA,NA,NA,NA,NA,NA,NA,NA,NA,NA,NA
"547","Active modes data","raw_activemode_ebike25_ref_number",NA,"number_field_only_positive","<b>Amount</b>","Must be in specified unit <b>per person, per day</b>.",NA,NA,NA,NA,NA,NA,NA,NA,NA,NA,NA,NA,NA,NA
"548","Active modes data","raw_activemode_ebike25_cf_source","app","single_choice_dropdown_dependent_condition","Data source",NA,NA,"App-based data",NA,NA,NA,NA,NA,NA,NA,NA,NA,NA,NA,NA
"549","Active modes data","raw_activemode_ebike25_ref_source","app","single_choice_dropdown_dependent_condition","Data source",NA,NA,"App-based data",NA,NA,NA,NA,NA,NA,NA,NA,NA,NA,NA,NA
"550","Active modes data","raw_activemode_ebike25_cf_source","bikeshare","single_choice_dropdown_dependent_condition","Data source",NA,NA,"Bike share data",NA,NA,NA,NA,NA,NA,NA,NA,NA,NA,NA,NA
"551","Active modes data","raw_activemode_ebike25_ref_source","bikeshare","single_choice_dropdown_dependent_condition","Data source",NA,NA,"Bike share data",NA,NA,NA,NA,NA,NA,NA,NA,NA,NA,NA,NA
"552","Active modes data","raw_activemode_ebike25_cf_source","counts","single_choice_dropdown_dependent_condition","Data source",NA,NA,"Count data",NA,NA,NA,NA,NA,NA,NA,NA,NA,NA,NA,NA
"553","Active modes data","raw_activemode_ebike25_ref_source","counts","single_choice_dropdown_dependent_condition","Data source",NA,NA,"Count data",NA,NA,NA,NA,NA,NA,NA,NA,NA,NA,NA,NA
"554","Active modes data","raw_activemode_ebike25_cf_source","intercept","single_choice_dropdown_dependent_condition","Data source",NA,NA,"Intercept survey",NA,NA,NA,NA,NA,NA,NA,NA,NA,NA,NA,NA
"555","Active modes data","raw_activemode_ebike25_ref_source","intercept","single_choice_dropdown_dependent_condition","Data source",NA,NA,"Intercept survey",NA,NA,NA,NA,NA,NA,NA,NA,NA,NA,NA,NA
"556","Active modes data","raw_activemode_ebike25_cf_source","model","single_choice_dropdown_dependent_condition","Data source",NA,NA,"Modeled data",NA,NA,NA,NA,NA,NA,NA,NA,NA,NA,NA,NA
"557","Active modes data","raw_activemode_ebike25_ref_source","model","single_choice_dropdown_dependent_condition","Data source",NA,NA,"Modeled data",NA,NA,NA,NA,NA,NA,NA,NA,NA,NA,NA,NA
"558","Active modes data","raw_activemode_ebike25_cf_source","popsurvey","single_choice_dropdown_dependent_condition","Data source",NA,NA,"Population survey",NA,NA,NA,NA,NA,NA,NA,NA,NA,NA,NA,NA
"559","Active modes data","raw_activemode_ebike25_ref_source","popsurvey","single_choice_dropdown_dependent_condition","Data source",NA,NA,"Population survey",NA,NA,NA,NA,NA,NA,NA,NA,NA,NA,NA,NA
"560","Active modes data","raw_activemode_ebike25_cf_source","scenario","single_choice_dropdown_dependent_condition","Data source",NA,NA,"Hypothetical scenario",NA,NA,NA,NA,NA,NA,NA,NA,NA,NA,NA,NA
"561","Active modes data","raw_activemode_ebike25_ref_source","scenario","single_choice_dropdown_dependent_condition","Data source",NA,NA,"Hypothetical scenario",NA,NA,NA,NA,NA,NA,NA,NA,NA,NA,NA,NA
"562","Active modes data","raw_activemode_ebike25_cf_tripkm",NA,"number_field_only_positive","Trip length","#tmpl#
Specify average length of 
{% if ""[activemode]"" == ""walk"" %} walking 
{% elseif ""[activemode]"" == ""bike"" %} cycling 
{% elseif ""[activemode]"" == ""ebike"" %} e-biking
{% elseif ""[activemode]"" == ""ebike25"" %} slow e-biking (<25 km/h) 
{% elseif ""[activemode]"" == ""ebike45"" %} fast e-biking (<45 km/h) 
{% elseif ""[activemode]"" == ""bikeshare"" %} bike-sharing 
{% elseif ""[activemode]"" == ""run"" %} running 
{% endif %} 
trips in km, or use the default value provided below.",NA,NA,NA,"raw_activemode_[activemode]_[comparisoncase]_tripkm","Default distance assigned to a ebike25 trip (km)","ui_default_value","double",5,"km","c('raw_activemode_ebike25_cf_source') %in% names(input) & c('raw_activemode_ebike25_cf_unit') %in% names(input) & all(c('raw_activemode_ebike25_cf_alltripsunit') %in% names(input)) &  (any(c('bikeshare') %in% input[['raw_activemode_ebike25_cf_source']]) | any(c('trips', 'freq', 'modeshare') %in% input[['raw_activemode_ebike25_cf_unit']]) | any(c('trips') %in% input[[' raw_activemode_ebike25_cf _alltripsunit']]) )",NA,NA,NA,NA
"563","Active modes data","raw_activemode_ebike25_ref_tripkm",NA,"number_field_only_positive","Trip length","#tmpl#
Specify average length of 
{% if ""[activemode]"" == ""walk"" %} walking 
{% elseif ""[activemode]"" == ""bike"" %} cycling 
{% elseif ""[activemode]"" == ""ebike"" %} e-biking
{% elseif ""[activemode]"" == ""ebike25"" %} slow e-biking (<25 km/h) 
{% elseif ""[activemode]"" == ""ebike45"" %} fast e-biking (<45 km/h) 
{% elseif ""[activemode]"" == ""bikeshare"" %} bike-sharing 
{% elseif ""[activemode]"" == ""run"" %} running 
{% endif %} 
trips in km, or use the default value provided below.",NA,NA,NA,"raw_activemode_[activemode]_[comparisoncase]_tripkm","Default distance assigned to a ebike25 trip (km)","ui_default_value","double",5,"km","c('raw_activemode_ebike25_ref_source') %in% names(input) & c('raw_activemode_ebike25_ref_unit') %in% names(input) & all(c('raw_activemode_ebike25_ref_alltripsunit') %in% names(input)) &  (any(c('bikeshare') %in% input[['raw_activemode_ebike25_ref_source']]) | any(c('trips', 'freq', 'modeshare') %in% input[['raw_activemode_ebike25_ref_unit']]) | any(c('trips') %in% input[[' raw_activemode_ebike25_ref _alltripsunit']]) )",NA,NA,NA,NA
"564","Active modes data","raw_activemode_ebike25_cf_tripsperday",NA,"number_field_only_positive","Number of trips per day","#tmpl#
Specify the average number of 
{% if ""[activemode]"" == ""walk"" %} walking 
{% elseif ""[activemode]"" == ""bike"" %} cycling 
{% elseif ""[activemode]"" == ""ebike"" %} e-biking
{% elseif ""[activemode]"" == ""ebike25"" %} slow e-biking (<25 km/h) 
{% elseif ""[activemode]"" == ""ebike45"" %} fast e-biking (<45 km/h) 
{% elseif ""[activemode]"" == ""bikeshare"" %} bike-sharing 
{% elseif ""[activemode]"" == ""run"" %} running 
{% endif %} 
trips per day, or use the default value provided.",NA,NA,NA,"raw_activemode_[activemode]_[comparisoncase]_tripsperday","Default number of ebike25 trips taken by an average person on an average travel day (i.e. averaged over days when ebike25 is actually used)","ui_default_value","double",2,"trips","c('raw_activemode_ebike25_cf_unit') %in% names(input)  & any(c('freq') %in% input[['raw_activemode_ebike25_cf_unit']])",NA,NA,NA,NA
"565","Active modes data","raw_activemode_ebike25_ref_tripsperday",NA,"number_field_only_positive","Number of trips per day","#tmpl#
Specify the average number of 
{% if ""[activemode]"" == ""walk"" %} walking 
{% elseif ""[activemode]"" == ""bike"" %} cycling 
{% elseif ""[activemode]"" == ""ebike"" %} e-biking
{% elseif ""[activemode]"" == ""ebike25"" %} slow e-biking (<25 km/h) 
{% elseif ""[activemode]"" == ""ebike45"" %} fast e-biking (<45 km/h) 
{% elseif ""[activemode]"" == ""bikeshare"" %} bike-sharing 
{% elseif ""[activemode]"" == ""run"" %} running 
{% endif %} 
trips per day, or use the default value provided.",NA,NA,NA,"raw_activemode_[activemode]_[comparisoncase]_tripsperday","Default number of ebike25 trips taken by an average person on an average travel day (i.e. averaged over days when ebike25 is actually used)","ui_default_value","double",2,"trips","c('raw_activemode_ebike25_ref_unit') %in% names(input)  & any(c('freq') %in% input[['raw_activemode_ebike25_ref_unit']])",NA,NA,NA,NA
"566","Active modes data","raw_activemode_ebike25_cf_unit","change","single_choice_dropdown_dependent_condition","Data unit or type",NA,NA,"Percent change",NA,NA,NA,NA,NA,NA,NA,NA,NA,NA,NA,NA
"567","Active modes data","raw_activemode_ebike25_ref_unit","change","single_choice_dropdown_dependent_condition","Data unit or type",NA,NA,"Percent change",NA,NA,NA,NA,NA,NA,NA,NA,NA,NA,NA,NA
"568","Active modes data","raw_activemode_ebike25_cf_unit","contcounts","single_choice_dropdown_dependent_condition","Data unit or type",NA,NA,"Continuous counts",NA,NA,NA,NA,NA,NA,NA,NA,NA,NA,NA,NA
"569","Active modes data","raw_activemode_ebike25_ref_unit","contcounts","single_choice_dropdown_dependent_condition","Data unit or type",NA,NA,"Continuous counts",NA,NA,NA,NA,NA,NA,NA,NA,NA,NA,NA,NA
"570","Active modes data","raw_activemode_ebike25_cf_unit","freq","single_choice_dropdown_dependent_condition","Data unit or type",NA,NA,"Frequency categories",NA,NA,NA,NA,NA,NA,NA,NA,NA,NA,NA,NA
"571","Active modes data","raw_activemode_ebike25_ref_unit","freq","single_choice_dropdown_dependent_condition","Data unit or type",NA,NA,"Frequency categories",NA,NA,NA,NA,NA,NA,NA,NA,NA,NA,NA,NA
"572","Active modes data","raw_activemode_ebike25_cf_unit","hrs","single_choice_dropdown_dependent_condition","Data unit or type",NA,NA,"Hours",NA,NA,NA,NA,NA,NA,NA,NA,NA,NA,NA,NA
"573","Active modes data","raw_activemode_ebike25_ref_unit","hrs","single_choice_dropdown_dependent_condition","Data unit or type",NA,NA,"Hours",NA,NA,NA,NA,NA,NA,NA,NA,NA,NA,NA,NA
"574","Active modes data","raw_activemode_ebike25_cf_unit","km","single_choice_dropdown_dependent_condition","Data unit or type",NA,NA,"Km",NA,NA,NA,NA,NA,NA,NA,NA,NA,NA,NA,NA
"575","Active modes data","raw_activemode_ebike25_ref_unit","km","single_choice_dropdown_dependent_condition","Data unit or type",NA,NA,"Km",NA,NA,NA,NA,NA,NA,NA,NA,NA,NA,NA,NA
"576","Active modes data","raw_activemode_ebike25_cf_unit","min","single_choice_dropdown_dependent_condition","Data unit or type",NA,NA,"Minutes",NA,NA,NA,NA,NA,NA,NA,NA,NA,NA,NA,NA
"577","Active modes data","raw_activemode_ebike25_ref_unit","min","single_choice_dropdown_dependent_condition","Data unit or type",NA,NA,"Minutes",NA,NA,NA,NA,NA,NA,NA,NA,NA,NA,NA,NA
"578","Active modes data","raw_activemode_ebike25_cf_unit","mls","single_choice_dropdown_dependent_condition","Data unit or type",NA,NA,"Miles",NA,NA,NA,NA,NA,NA,NA,NA,NA,NA,NA,NA
"579","Active modes data","raw_activemode_ebike25_ref_unit","mls","single_choice_dropdown_dependent_condition","Data unit or type",NA,NA,"Miles",NA,NA,NA,NA,NA,NA,NA,NA,NA,NA,NA,NA
"580","Active modes data","raw_activemode_ebike25_cf_unit","modeshare","single_choice_dropdown_dependent_condition","Data unit or type",NA,NA,"Mode share",NA,NA,NA,NA,NA,NA,NA,NA,NA,NA,NA,NA
"581","Active modes data","raw_activemode_ebike25_ref_unit","modeshare","single_choice_dropdown_dependent_condition","Data unit or type",NA,NA,"Mode share",NA,NA,NA,NA,NA,NA,NA,NA,NA,NA,NA,NA
"582","Active modes data","raw_activemode_ebike25_cf_unit","shortcounts","single_choice_dropdown_dependent_condition","Data unit or type",NA,NA,"Short term counts",NA,NA,NA,NA,NA,NA,NA,NA,NA,NA,NA,NA
"583","Active modes data","raw_activemode_ebike25_ref_unit","shortcounts","single_choice_dropdown_dependent_condition","Data unit or type",NA,NA,"Short term counts",NA,NA,NA,NA,NA,NA,NA,NA,NA,NA,NA,NA
"584","Active modes data","raw_activemode_ebike25_cf_unit","steps","single_choice_dropdown_dependent_condition","Data unit or type",NA,NA,"Steps",NA,NA,NA,NA,NA,NA,NA,NA,NA,NA,NA,NA
"585","Active modes data","raw_activemode_ebike25_ref_unit","steps","single_choice_dropdown_dependent_condition","Data unit or type",NA,NA,"Steps",NA,NA,NA,NA,NA,NA,NA,NA,NA,NA,NA,NA
"586","Active modes data","raw_activemode_ebike25_cf_unit","trips","single_choice_dropdown_dependent_condition","Data unit or type",NA,NA,"Trips",NA,NA,NA,NA,NA,NA,NA,NA,NA,NA,NA,NA
"587","Active modes data","raw_activemode_ebike25_ref_unit","trips","single_choice_dropdown_dependent_condition","Data unit or type",NA,NA,"Trips",NA,NA,NA,NA,NA,NA,NA,NA,NA,NA,NA,NA
"588","Active modes data","raw_activemode_ebike45_cf_aadt",NA,"number_field_only_positive","Average daily travelers","Counts ideally reflect longterm averages (i.e. Annual Average Daily Travelers (AADT)). If using ""short term counts"", consider adjustment for seasonality in the ""Data adjustment module"". The count number must be ""per location, per day.""",NA,"AADT",NA,NA,NA,NA,NA,NA,NA,NA,NA,NA,NA,NA
"589","Active modes data","raw_activemode_ebike45_ref_aadt",NA,"number_field_only_positive","Average daily travelers","Counts ideally reflect longterm averages (i.e. Annual Average Daily Travelers (AADT)). If using ""short term counts"", consider adjustment for seasonality in the ""Data adjustment module"". The count number must be ""per location, per day.""",NA,"AADT",NA,NA,NA,NA,NA,NA,NA,NA,NA,NA,NA,NA
"590","Active modes data","raw_activemode_ebike45_cf_agerange","2044","single_choice_dropdown_dependent_condition","Age range of the assessed population","If the walking or cycling assessed stems predominantely from younger or from older subjects, select the age range accordingly.","The impact calculation by default excludes children and elderly because the underlying evidence and assumptions are not adequate for these age groups. 
Older persons benefit more from the same amount of active travel due to their higher mortality risk.","Younger adult population (20-44 years)",NA,NA,NA,NA,NA,NA,NA,NA,NA,NA,NA,NA
"591","Active modes data","raw_activemode_ebike45_ref_agerange","2044","single_choice_dropdown_dependent_condition","Age range of the assessed population","If the walking or cycling assessed stems predominantely from younger or from older subjects, select the age range accordingly.","The impact calculation by default excludes children and elderly because the underlying evidence and assumptions are not adequate for these age groups. 
Older persons benefit more from the same amount of active travel due to their higher mortality risk.","Younger adult population (20-44 years)",NA,NA,NA,NA,NA,NA,NA,NA,NA,NA,NA,NA
"592","Active modes data","raw_activemode_ebike45_cf_agerange","2064","single_choice_dropdown_dependent_condition","Age range of the assessed population","If the walking or cycling assessed stems predominantely from younger or from older subjects, select the age range accordingly.","The impact calculation by default excludes children and elderly because the underlying evidence and assumptions are not adequate for these age groups. 
Older persons benefit more from the same amount of active travel due to their higher mortality risk.","Adult population (20-64 years)",NA,NA,NA,NA,NA,NA,NA,NA,NA,NA,NA,NA
"593","Active modes data","raw_activemode_ebike45_ref_agerange","2064","single_choice_dropdown_dependent_condition","Age range of the assessed population","If the walking or cycling assessed stems predominantely from younger or from older subjects, select the age range accordingly.","The impact calculation by default excludes children and elderly because the underlying evidence and assumptions are not adequate for these age groups. 
Older persons benefit more from the same amount of active travel due to their higher mortality risk.","Adult population (20-64 years)",NA,NA,NA,NA,NA,NA,NA,NA,NA,NA,NA,NA
"594","Active modes data","raw_activemode_ebike45_cf_agerange","2074","single_choice_dropdown_dependent_condition","Age range of the assessed population","If the walking or cycling assessed stems predominantely from younger or from older subjects, select the age range accordingly.","The impact calculation by default excludes children and elderly because the underlying evidence and assumptions are not adequate for these age groups. 
Older persons benefit more from the same amount of active travel due to their higher mortality risk.","Adult population (20-74 years)",NA,NA,NA,NA,NA,NA,NA,NA,NA,NA,NA,NA
"595","Active modes data","raw_activemode_ebike45_ref_agerange","2074","single_choice_dropdown_dependent_condition","Age range of the assessed population","If the walking or cycling assessed stems predominantely from younger or from older subjects, select the age range accordingly.","The impact calculation by default excludes children and elderly because the underlying evidence and assumptions are not adequate for these age groups. 
Older persons benefit more from the same amount of active travel due to their higher mortality risk.","Adult population (20-74 years)",NA,NA,NA,NA,NA,NA,NA,NA,NA,NA,NA,NA
"596","Active modes data","raw_activemode_ebike45_cf_agerange","4564","single_choice_dropdown_dependent_condition","Age range of the assessed population","If the walking or cycling assessed stems predominantely from younger or from older subjects, select the age range accordingly.","The impact calculation by default excludes children and elderly because the underlying evidence and assumptions are not adequate for these age groups. 
Older persons benefit more from the same amount of active travel due to their higher mortality risk.","Older adult population (45-64 years)",NA,NA,NA,NA,NA,NA,NA,NA,NA,NA,NA,NA
"597","Active modes data","raw_activemode_ebike45_ref_agerange","4564","single_choice_dropdown_dependent_condition","Age range of the assessed population","If the walking or cycling assessed stems predominantely from younger or from older subjects, select the age range accordingly.","The impact calculation by default excludes children and elderly because the underlying evidence and assumptions are not adequate for these age groups. 
Older persons benefit more from the same amount of active travel due to their higher mortality risk.","Older adult population (45-64 years)",NA,NA,NA,NA,NA,NA,NA,NA,NA,NA,NA,NA
"598","Active modes data","raw_activemode_ebike45_cf_agerange","4574","single_choice_dropdown_dependent_condition","Age range of the assessed population","If the walking or cycling assessed stems predominantely from younger or from older subjects, select the age range accordingly.","The impact calculation by default excludes children and elderly because the underlying evidence and assumptions are not adequate for these age groups. 
Older persons benefit more from the same amount of active travel due to their higher mortality risk.","Older adult population (45-74 years)",NA,NA,NA,NA,NA,NA,NA,NA,NA,NA,NA,NA
"599","Active modes data","raw_activemode_ebike45_ref_agerange","4574","single_choice_dropdown_dependent_condition","Age range of the assessed population","If the walking or cycling assessed stems predominantely from younger or from older subjects, select the age range accordingly.","The impact calculation by default excludes children and elderly because the underlying evidence and assumptions are not adequate for these age groups. 
Older persons benefit more from the same amount of active travel due to their higher mortality risk.","Older adult population (45-74 years)",NA,NA,NA,NA,NA,NA,NA,NA,NA,NA,NA,NA
"600","Active modes data","raw_activemode_ebike45_cf_alltrips",NA,"number_field_only_positive","What is the total amount of travel by all modes per person, per day?","The unit (trips, duration, or distance) should correspond with the %-figure provided above.","Note that this is amount is per person, per day!","Total amount of travel",NA,NA,NA,NA,NA,NA,NA,NA,NA,NA,NA,NA
"601","Active modes data","raw_activemode_ebike45_ref_alltrips",NA,"number_field_only_positive","What is the total amount of travel by all modes per person, per day?","The unit (trips, duration, or distance) should correspond with the %-figure provided above.","Note that this is amount is per person, per day!","Total amount of travel",NA,NA,NA,NA,NA,NA,NA,NA,NA,NA,NA,NA
"602","Active modes data","raw_activemode_ebike45_cf_alltripsunit","distance","single_choice_radio","What is the unit of the travel volume specified above?",NA,NA,"Distance (km)","Total sum of travel times in minutes by all modes, per person, per day",NA,NA,NA,NA,NA,NA,NA,NA,NA,NA,NA
"603","Active modes data","raw_activemode_ebike45_ref_alltripsunit","distance","single_choice_radio","What is the unit of the travel volume specified above?",NA,NA,"Distance (km)","Total sum of travel times in minutes by all modes, per person, per day",NA,NA,NA,NA,NA,NA,NA,NA,NA,NA,NA
"604","Active modes data","raw_activemode_ebike45_cf_alltripsunit","duration","single_choice_radio","What is the unit of the travel volume specified above?",NA,NA,"Duration (min.)","Total sum of travel distances in kilometres by all modes, per person, per day",NA,NA,NA,NA,NA,NA,NA,NA,NA,NA,NA
"605","Active modes data","raw_activemode_ebike45_ref_alltripsunit","duration","single_choice_radio","What is the unit of the travel volume specified above?",NA,NA,"Duration (min.)","Total sum of travel distances in kilometres by all modes, per person, per day",NA,NA,NA,NA,NA,NA,NA,NA,NA,NA,NA
"606","Active modes data","raw_activemode_ebike45_cf_alltripsunit","trips","single_choice_radio","What is the unit of the travel volume specified above?",NA,NA,"Trips","Total number of trips by all modes, per person, per day",NA,NA,NA,NA,NA,NA,NA,NA,NA,NA,NA
"607","Active modes data","raw_activemode_ebike45_ref_alltripsunit","trips","single_choice_radio","What is the unit of the travel volume specified above?",NA,NA,"Trips","Total number of trips by all modes, per person, per day",NA,NA,NA,NA,NA,NA,NA,NA,NA,NA,NA
"608","Active modes data","raw_activemode_ebike45_cf_bstripdur",NA,"number_field_only_positive","Trip duration","Average riding time per trip (min.)",NA,NA,NA,"raw_activemode_bikeshare_[comparisoncase]_bstripdur",NA,NA,NA,NA,NA,NA,NA,NA,NA,NA
"609","Active modes data","raw_activemode_ebike45_ref_bstripdur",NA,"number_field_only_positive","Trip duration","Average riding time per trip (min.)",NA,NA,NA,"raw_activemode_bikeshare_[comparisoncase]_bstripdur",NA,NA,NA,NA,NA,NA,NA,NA,NA,NA
"610","Active modes data","raw_activemode_ebike45_cf_bstrips",NA,"number_field_only_positive","Trips per day","Average number of trips within the entire bike sharing system",NA,NA,NA,NA,NA,NA,NA,NA,NA,NA,NA,NA,NA,NA
"611","Active modes data","raw_activemode_ebike45_ref_bstrips",NA,"number_field_only_positive","Trips per day","Average number of trips within the entire bike sharing system",NA,NA,NA,NA,NA,NA,NA,NA,NA,NA,NA,NA,NA,NA
"612","Active modes data","raw_activemode_ebike45_cf_changepercent",NA,"slider_percent_m1001000","#tmpl#
<b>
By how much did 
{% if ""[activemode]"" == ""walk"" %} walking 
{% elseif ""[activemode]"" == ""bike"" %} cycling 
{% elseif ""[activemode]"" == ""ebike"" %} e-biking
{% elseif ""[activemode]"" == ""ebike25"" %} slow e-biking (<25 km/h) 
{% elseif ""[activemode]"" == ""ebike45"" %} fast e-biking (<45 km/h) 
{% elseif ""[activemode]"" == ""bikeshare"" %} bike-sharing 
{% elseif ""[activemode]"" == ""run"" %} running 
{% endif %} 
change? 
</b>","Enter as %-change relative to the reference case.","Note: a change by +100% reflects a doubling. An increase from 10 min. to 30 min is equivalent to a change of +200%. Fine tune slider with keyboard arrows.",NA,NA,NA,NA,NA,NA,NA,NA,NA,NA,NA,NA,NA
"613","Active modes data","raw_activemode_ebike45_ref_changepercent",NA,"slider_percent_m1001000","#tmpl#
<b>
By how much did 
{% if ""[activemode]"" == ""walk"" %} walking 
{% elseif ""[activemode]"" == ""bike"" %} cycling 
{% elseif ""[activemode]"" == ""ebike"" %} e-biking
{% elseif ""[activemode]"" == ""ebike25"" %} slow e-biking (<25 km/h) 
{% elseif ""[activemode]"" == ""ebike45"" %} fast e-biking (<45 km/h) 
{% elseif ""[activemode]"" == ""bikeshare"" %} bike-sharing 
{% elseif ""[activemode]"" == ""run"" %} running 
{% endif %} 
change? 
</b>","Enter as %-change relative to the reference case.","Note: a change by +100% reflects a doubling. An increase from 10 min. to 30 min is equivalent to a change of +200%. Fine tune slider with keyboard arrows.",NA,NA,NA,NA,NA,NA,NA,NA,NA,NA,NA,NA,NA
"614","Active modes data","raw_activemode_ebike45_cf_countkm",NA,"number_field_only_positive","Distance travelled ""per count"" (km)","#tmpl#
This information may be obtained through an intercept survey of active travelers at the count location, or estimated otherwise. Consider the length of the assessed facility and whether the count is bi-directional and may include ""return trips."" Or use the HEAT default value for
{% if ""[activemode]"" == ""walk"" %}  walking 
{% elseif ""[activemode]"" == ""bike"" %}  cycling
{% elseif ""[activemode]"" == ""ebike"" %}  e-biking
{% endif %}
trip distance provided below.",NA,"countlength",NA,"raw_activemode_[activemode]_[comparisoncase]_countkm","Default distance assigned to a ebike45 count unit (km)","ui_default_value","double",8,"km","c('raw_activemode_ebike45_cf_source') %in% names(input)  & any(c('counts') %in% input[['raw_activemode_ebike45_cf_source']]) ",NA,NA,NA,NA
"615","Active modes data","raw_activemode_ebike45_ref_countkm",NA,"number_field_only_positive","Distance travelled ""per count"" (km)","#tmpl#
This information may be obtained through an intercept survey of active travelers at the count location, or estimated otherwise. Consider the length of the assessed facility and whether the count is bi-directional and may include ""return trips."" Or use the HEAT default value for
{% if ""[activemode]"" == ""walk"" %}  walking 
{% elseif ""[activemode]"" == ""bike"" %}  cycling
{% elseif ""[activemode]"" == ""ebike"" %}  e-biking
{% endif %}
trip distance provided below.",NA,"countlength",NA,"raw_activemode_[activemode]_[comparisoncase]_countkm","Default distance assigned to a ebike45 count unit (km)","ui_default_value","double",8,"km","c('raw_activemode_ebike45_ref_source') %in% names(input)  & any(c('counts') %in% input[['raw_activemode_ebike45_ref_source']]) ",NA,NA,NA,NA
"616","Active modes data","raw_activemode_ebike45_cf_denominator","cyclist","single_choice_dropdown_dependent_condition","Population type","This specifies what type of population the volume data is based on.",NA,"Cyclists",NA,NA,NA,NA,NA,NA,NA,NA,NA,NA,NA,NA
"617","Active modes data","raw_activemode_ebike45_ref_denominator","cyclist","single_choice_dropdown_dependent_condition","Population type","This specifies what type of population the volume data is based on.",NA,"Cyclists",NA,NA,NA,NA,NA,NA,NA,NA,NA,NA,NA,NA
"618","Active modes data","raw_activemode_ebike45_cf_denominator","pedestrian","single_choice_dropdown_dependent_condition","Population type","This specifies what type of population the volume data is based on.",NA,"Pedestrians",NA,NA,NA,NA,NA,NA,NA,NA,NA,NA,NA,NA
"619","Active modes data","raw_activemode_ebike45_ref_denominator","pedestrian","single_choice_dropdown_dependent_condition","Population type","This specifies what type of population the volume data is based on.",NA,"Pedestrians",NA,NA,NA,NA,NA,NA,NA,NA,NA,NA,NA,NA
"620","Active modes data","raw_activemode_ebike45_cf_denominator","person","single_choice_dropdown_dependent_condition","Population type","This specifies what type of population the volume data is based on.",NA,"General population",NA,NA,NA,NA,NA,NA,NA,NA,NA,NA,NA,NA
"621","Active modes data","raw_activemode_ebike45_ref_denominator","person","single_choice_dropdown_dependent_condition","Population type","This specifies what type of population the volume data is based on.",NA,"General population",NA,NA,NA,NA,NA,NA,NA,NA,NA,NA,NA,NA
"622","Active modes data","raw_activemode_ebike45_cf_freqpercentcat1",NA,"percent_field","Daily or almost daily",NA,"Enter % of population that fits this category.","Daily or almost daily",NA,NA,NA,NA,NA,NA,NA,NA,NA,NA,NA,NA
"623","Active modes data","raw_activemode_ebike45_ref_freqpercentcat1",NA,"percent_field","Daily or almost daily",NA,"Enter % of population that fits this category.","Daily or almost daily",NA,NA,NA,NA,NA,NA,NA,NA,NA,NA,NA,NA
"624","Active modes data","raw_activemode_ebike45_cf_freqpercentcat2",NA,"percent_field","1-3 days per week",NA,"Enter % of population that fits this category.","1-3 days per week",NA,NA,NA,NA,NA,NA,NA,NA,NA,NA,NA,NA
"625","Active modes data","raw_activemode_ebike45_ref_freqpercentcat2",NA,"percent_field","1-3 days per week",NA,"Enter % of population that fits this category.","1-3 days per week",NA,NA,NA,NA,NA,NA,NA,NA,NA,NA,NA,NA
"626","Active modes data","raw_activemode_ebike45_cf_freqpercentcat3",NA,"percent_field","1-3 days per month",NA,"Enter % of population that fits this category.","1-3 days per month",NA,NA,NA,NA,NA,NA,NA,NA,NA,NA,NA,NA
"627","Active modes data","raw_activemode_ebike45_ref_freqpercentcat3",NA,"percent_field","1-3 days per month",NA,"Enter % of population that fits this category.","1-3 days per month",NA,NA,NA,NA,NA,NA,NA,NA,NA,NA,NA,NA
"628","Active modes data","raw_activemode_ebike45_cf_freqpercentcat4",NA,"percent_field","Less than once per month",NA,"Enter % of population that fits this category.","Less than once per month",NA,NA,NA,NA,NA,NA,NA,NA,NA,NA,NA,NA
"629","Active modes data","raw_activemode_ebike45_ref_freqpercentcat4",NA,"percent_field","Less than once per month",NA,"Enter % of population that fits this category.","Less than once per month",NA,NA,NA,NA,NA,NA,NA,NA,NA,NA,NA,NA
"630","Active modes data","raw_activemode_ebike45_cf_freqpercentcat5",NA,"percent_field","Never",NA,"Enter % of population that fits this category.","Never",NA,NA,NA,NA,NA,NA,NA,NA,NA,NA,NA,NA
"631","Active modes data","raw_activemode_ebike45_ref_freqpercentcat5",NA,"percent_field","Never",NA,"Enter % of population that fits this category.","Never",NA,NA,NA,NA,NA,NA,NA,NA,NA,NA,NA,NA
"632","Active modes data","raw_activemode_ebike45_cf_modesharepercent",NA,"percent_field","#tmpl#
{% if ""[activemode]"" == ""walk"" %} Walking 
{% elseif ""[activemode]"" == ""bike"" %} Cycling 
{% elseif ""[activemode]"" == ""ebike"" %} E-biking
{% elseif ""[activemode]"" == ""ebike25"" %} Slow e-biking (<25 km/h) 
{% elseif ""[activemode]"" == ""ebike45"" %} Fast e-biking (<45 km/h) 
{% elseif ""[activemode]"" == ""bikeshare"" %} Bike-sharing 
{% elseif ""[activemode]"" == ""run"" %} Running 
{% endif %} 
mode share (%)","Mode share is a %-figure of total travel (by all modes). Provide the total travel volume further below.",NA,"Mode share percentage",NA,NA,NA,NA,NA,NA,NA,NA,NA,NA,NA,NA
"633","Active modes data","raw_activemode_ebike45_ref_modesharepercent",NA,"percent_field","#tmpl#
{% if ""[activemode]"" == ""walk"" %} Walking 
{% elseif ""[activemode]"" == ""bike"" %} Cycling 
{% elseif ""[activemode]"" == ""ebike"" %} E-biking
{% elseif ""[activemode]"" == ""ebike25"" %} Slow e-biking (<25 km/h) 
{% elseif ""[activemode]"" == ""ebike45"" %} Fast e-biking (<45 km/h) 
{% elseif ""[activemode]"" == ""bikeshare"" %} Bike-sharing 
{% elseif ""[activemode]"" == ""run"" %} Running 
{% endif %} 
mode share (%)","Mode share is a %-figure of total travel (by all modes). Provide the total travel volume further below.",NA,"Mode share percentage",NA,NA,NA,NA,NA,NA,NA,NA,NA,NA,NA,NA
"634","Active modes data","raw_activemode_ebike45_cf_number",NA,"number_field_only_positive","<b>Amount</b>","Must be in specified unit <b>per person, per day</b>.",NA,NA,NA,NA,NA,NA,NA,NA,NA,NA,NA,NA,NA,NA
"635","Active modes data","raw_activemode_ebike45_ref_number",NA,"number_field_only_positive","<b>Amount</b>","Must be in specified unit <b>per person, per day</b>.",NA,NA,NA,NA,NA,NA,NA,NA,NA,NA,NA,NA,NA,NA
"636","Active modes data","raw_activemode_ebike45_cf_source","app","single_choice_dropdown_dependent_condition","Data source",NA,NA,"App-based data",NA,NA,NA,NA,NA,NA,NA,NA,NA,NA,NA,NA
"637","Active modes data","raw_activemode_ebike45_ref_source","app","single_choice_dropdown_dependent_condition","Data source",NA,NA,"App-based data",NA,NA,NA,NA,NA,NA,NA,NA,NA,NA,NA,NA
"638","Active modes data","raw_activemode_ebike45_cf_source","bikeshare","single_choice_dropdown_dependent_condition","Data source",NA,NA,"Bike share data",NA,NA,NA,NA,NA,NA,NA,NA,NA,NA,NA,NA
"639","Active modes data","raw_activemode_ebike45_ref_source","bikeshare","single_choice_dropdown_dependent_condition","Data source",NA,NA,"Bike share data",NA,NA,NA,NA,NA,NA,NA,NA,NA,NA,NA,NA
"640","Active modes data","raw_activemode_ebike45_cf_source","counts","single_choice_dropdown_dependent_condition","Data source",NA,NA,"Count data",NA,NA,NA,NA,NA,NA,NA,NA,NA,NA,NA,NA
"641","Active modes data","raw_activemode_ebike45_ref_source","counts","single_choice_dropdown_dependent_condition","Data source",NA,NA,"Count data",NA,NA,NA,NA,NA,NA,NA,NA,NA,NA,NA,NA
"642","Active modes data","raw_activemode_ebike45_cf_source","intercept","single_choice_dropdown_dependent_condition","Data source",NA,NA,"Intercept survey",NA,NA,NA,NA,NA,NA,NA,NA,NA,NA,NA,NA
"643","Active modes data","raw_activemode_ebike45_ref_source","intercept","single_choice_dropdown_dependent_condition","Data source",NA,NA,"Intercept survey",NA,NA,NA,NA,NA,NA,NA,NA,NA,NA,NA,NA
"644","Active modes data","raw_activemode_ebike45_cf_source","model","single_choice_dropdown_dependent_condition","Data source",NA,NA,"Modeled data",NA,NA,NA,NA,NA,NA,NA,NA,NA,NA,NA,NA
"645","Active modes data","raw_activemode_ebike45_ref_source","model","single_choice_dropdown_dependent_condition","Data source",NA,NA,"Modeled data",NA,NA,NA,NA,NA,NA,NA,NA,NA,NA,NA,NA
"646","Active modes data","raw_activemode_ebike45_cf_source","popsurvey","single_choice_dropdown_dependent_condition","Data source",NA,NA,"Population survey",NA,NA,NA,NA,NA,NA,NA,NA,NA,NA,NA,NA
"647","Active modes data","raw_activemode_ebike45_ref_source","popsurvey","single_choice_dropdown_dependent_condition","Data source",NA,NA,"Population survey",NA,NA,NA,NA,NA,NA,NA,NA,NA,NA,NA,NA
"648","Active modes data","raw_activemode_ebike45_cf_source","scenario","single_choice_dropdown_dependent_condition","Data source",NA,NA,"Hypothetical scenario",NA,NA,NA,NA,NA,NA,NA,NA,NA,NA,NA,NA
"649","Active modes data","raw_activemode_ebike45_ref_source","scenario","single_choice_dropdown_dependent_condition","Data source",NA,NA,"Hypothetical scenario",NA,NA,NA,NA,NA,NA,NA,NA,NA,NA,NA,NA
"650","Active modes data","raw_activemode_ebike45_cf_tripkm",NA,"number_field_only_positive","Trip length","#tmpl#
Specify average length of 
{% if ""[activemode]"" == ""walk"" %} walking 
{% elseif ""[activemode]"" == ""bike"" %} cycling 
{% elseif ""[activemode]"" == ""ebike"" %} e-biking
{% elseif ""[activemode]"" == ""ebike25"" %} slow e-biking (<25 km/h) 
{% elseif ""[activemode]"" == ""ebike45"" %} fast e-biking (<45 km/h) 
{% elseif ""[activemode]"" == ""bikeshare"" %} bike-sharing 
{% elseif ""[activemode]"" == ""run"" %} running 
{% endif %} 
trips in km, or use the default value provided below.",NA,NA,NA,"raw_activemode_[activemode]_[comparisoncase]_tripkm","Default distance assigned to a ebike45 trip (km)","ui_default_value","double",8,"km","c('raw_activemode_ebike45_cf_source') %in% names(input) & c('raw_activemode_ebike45_cf_unit') %in% names(input) & all(c('raw_activemode_ebike45_cf_alltripsunit') %in% names(input)) &  (any(c('bikeshare') %in% input[['raw_activemode_ebike45_cf_source']]) | any(c('trips', 'freq', 'modeshare') %in% input[['raw_activemode_ebike45_cf_unit']]) | any(c('trips') %in% input[[' raw_activemode_ebike45_cf _alltripsunit']]) )",NA,NA,NA,NA
"651","Active modes data","raw_activemode_ebike45_ref_tripkm",NA,"number_field_only_positive","Trip length","#tmpl#
Specify average length of 
{% if ""[activemode]"" == ""walk"" %} walking 
{% elseif ""[activemode]"" == ""bike"" %} cycling 
{% elseif ""[activemode]"" == ""ebike"" %} e-biking
{% elseif ""[activemode]"" == ""ebike25"" %} slow e-biking (<25 km/h) 
{% elseif ""[activemode]"" == ""ebike45"" %} fast e-biking (<45 km/h) 
{% elseif ""[activemode]"" == ""bikeshare"" %} bike-sharing 
{% elseif ""[activemode]"" == ""run"" %} running 
{% endif %} 
trips in km, or use the default value provided below.",NA,NA,NA,"raw_activemode_[activemode]_[comparisoncase]_tripkm","Default distance assigned to a ebike45 trip (km)","ui_default_value","double",8,"km","c('raw_activemode_ebike45_ref_source') %in% names(input) & c('raw_activemode_ebike45_ref_unit') %in% names(input) & all(c('raw_activemode_ebike45_ref_alltripsunit') %in% names(input)) &  (any(c('bikeshare') %in% input[['raw_activemode_ebike45_ref_source']]) | any(c('trips', 'freq', 'modeshare') %in% input[['raw_activemode_ebike45_ref_unit']]) | any(c('trips') %in% input[[' raw_activemode_ebike45_ref _alltripsunit']]) )",NA,NA,NA,NA
"652","Active modes data","raw_activemode_ebike45_cf_tripsperday",NA,"number_field_only_positive","Number of trips per day","#tmpl#
Specify the average number of 
{% if ""[activemode]"" == ""walk"" %} walking 
{% elseif ""[activemode]"" == ""bike"" %} cycling 
{% elseif ""[activemode]"" == ""ebike"" %} e-biking
{% elseif ""[activemode]"" == ""ebike25"" %} slow e-biking (<25 km/h) 
{% elseif ""[activemode]"" == ""ebike45"" %} fast e-biking (<45 km/h) 
{% elseif ""[activemode]"" == ""bikeshare"" %} bike-sharing 
{% elseif ""[activemode]"" == ""run"" %} running 
{% endif %} 
trips per day, or use the default value provided.",NA,NA,NA,"raw_activemode_[activemode]_[comparisoncase]_tripsperday","Default number of ebike45 trips taken by an average person on an average travel day (i.e. averaged over days when ebike45 is actually used)","ui_default_value","double",2,"trips","c('raw_activemode_ebike45_cf_unit') %in% names(input)  & any(c('freq') %in% input[['raw_activemode_ebike45_cf_unit']])",NA,NA,NA,NA
"653","Active modes data","raw_activemode_ebike45_ref_tripsperday",NA,"number_field_only_positive","Number of trips per day","#tmpl#
Specify the average number of 
{% if ""[activemode]"" == ""walk"" %} walking 
{% elseif ""[activemode]"" == ""bike"" %} cycling 
{% elseif ""[activemode]"" == ""ebike"" %} e-biking
{% elseif ""[activemode]"" == ""ebike25"" %} slow e-biking (<25 km/h) 
{% elseif ""[activemode]"" == ""ebike45"" %} fast e-biking (<45 km/h) 
{% elseif ""[activemode]"" == ""bikeshare"" %} bike-sharing 
{% elseif ""[activemode]"" == ""run"" %} running 
{% endif %} 
trips per day, or use the default value provided.",NA,NA,NA,"raw_activemode_[activemode]_[comparisoncase]_tripsperday","Default number of ebike45 trips taken by an average person on an average travel day (i.e. averaged over days when ebike45 is actually used)","ui_default_value","double",2,"trips","c('raw_activemode_ebike45_ref_unit') %in% names(input)  & any(c('freq') %in% input[['raw_activemode_ebike45_ref_unit']])",NA,NA,NA,NA
"654","Active modes data","raw_activemode_ebike45_cf_unit","change","single_choice_dropdown_dependent_condition","Data unit or type",NA,NA,"Percent change",NA,NA,NA,NA,NA,NA,NA,NA,NA,NA,NA,NA
"655","Active modes data","raw_activemode_ebike45_ref_unit","change","single_choice_dropdown_dependent_condition","Data unit or type",NA,NA,"Percent change",NA,NA,NA,NA,NA,NA,NA,NA,NA,NA,NA,NA
"656","Active modes data","raw_activemode_ebike45_cf_unit","contcounts","single_choice_dropdown_dependent_condition","Data unit or type",NA,NA,"Continuous counts",NA,NA,NA,NA,NA,NA,NA,NA,NA,NA,NA,NA
"657","Active modes data","raw_activemode_ebike45_ref_unit","contcounts","single_choice_dropdown_dependent_condition","Data unit or type",NA,NA,"Continuous counts",NA,NA,NA,NA,NA,NA,NA,NA,NA,NA,NA,NA
"658","Active modes data","raw_activemode_ebike45_cf_unit","freq","single_choice_dropdown_dependent_condition","Data unit or type",NA,NA,"Frequency categories",NA,NA,NA,NA,NA,NA,NA,NA,NA,NA,NA,NA
"659","Active modes data","raw_activemode_ebike45_ref_unit","freq","single_choice_dropdown_dependent_condition","Data unit or type",NA,NA,"Frequency categories",NA,NA,NA,NA,NA,NA,NA,NA,NA,NA,NA,NA
"660","Active modes data","raw_activemode_ebike45_cf_unit","hrs","single_choice_dropdown_dependent_condition","Data unit or type",NA,NA,"Hours",NA,NA,NA,NA,NA,NA,NA,NA,NA,NA,NA,NA
"661","Active modes data","raw_activemode_ebike45_ref_unit","hrs","single_choice_dropdown_dependent_condition","Data unit or type",NA,NA,"Hours",NA,NA,NA,NA,NA,NA,NA,NA,NA,NA,NA,NA
"662","Active modes data","raw_activemode_ebike45_cf_unit","km","single_choice_dropdown_dependent_condition","Data unit or type",NA,NA,"Km",NA,NA,NA,NA,NA,NA,NA,NA,NA,NA,NA,NA
"663","Active modes data","raw_activemode_ebike45_ref_unit","km","single_choice_dropdown_dependent_condition","Data unit or type",NA,NA,"Km",NA,NA,NA,NA,NA,NA,NA,NA,NA,NA,NA,NA
"664","Active modes data","raw_activemode_ebike45_cf_unit","min","single_choice_dropdown_dependent_condition","Data unit or type",NA,NA,"Minutes",NA,NA,NA,NA,NA,NA,NA,NA,NA,NA,NA,NA
"665","Active modes data","raw_activemode_ebike45_ref_unit","min","single_choice_dropdown_dependent_condition","Data unit or type",NA,NA,"Minutes",NA,NA,NA,NA,NA,NA,NA,NA,NA,NA,NA,NA
"666","Active modes data","raw_activemode_ebike45_cf_unit","mls","single_choice_dropdown_dependent_condition","Data unit or type",NA,NA,"Miles",NA,NA,NA,NA,NA,NA,NA,NA,NA,NA,NA,NA
"667","Active modes data","raw_activemode_ebike45_ref_unit","mls","single_choice_dropdown_dependent_condition","Data unit or type",NA,NA,"Miles",NA,NA,NA,NA,NA,NA,NA,NA,NA,NA,NA,NA
"668","Active modes data","raw_activemode_ebike45_cf_unit","modeshare","single_choice_dropdown_dependent_condition","Data unit or type",NA,NA,"Mode share",NA,NA,NA,NA,NA,NA,NA,NA,NA,NA,NA,NA
"669","Active modes data","raw_activemode_ebike45_ref_unit","modeshare","single_choice_dropdown_dependent_condition","Data unit or type",NA,NA,"Mode share",NA,NA,NA,NA,NA,NA,NA,NA,NA,NA,NA,NA
"670","Active modes data","raw_activemode_ebike45_cf_unit","shortcounts","single_choice_dropdown_dependent_condition","Data unit or type",NA,NA,"Short term counts",NA,NA,NA,NA,NA,NA,NA,NA,NA,NA,NA,NA
"671","Active modes data","raw_activemode_ebike45_ref_unit","shortcounts","single_choice_dropdown_dependent_condition","Data unit or type",NA,NA,"Short term counts",NA,NA,NA,NA,NA,NA,NA,NA,NA,NA,NA,NA
"672","Active modes data","raw_activemode_ebike45_cf_unit","steps","single_choice_dropdown_dependent_condition","Data unit or type",NA,NA,"Steps",NA,NA,NA,NA,NA,NA,NA,NA,NA,NA,NA,NA
"673","Active modes data","raw_activemode_ebike45_ref_unit","steps","single_choice_dropdown_dependent_condition","Data unit or type",NA,NA,"Steps",NA,NA,NA,NA,NA,NA,NA,NA,NA,NA,NA,NA
"674","Active modes data","raw_activemode_ebike45_cf_unit","trips","single_choice_dropdown_dependent_condition","Data unit or type",NA,NA,"Trips",NA,NA,NA,NA,NA,NA,NA,NA,NA,NA,NA,NA
"675","Active modes data","raw_activemode_ebike45_ref_unit","trips","single_choice_dropdown_dependent_condition","Data unit or type",NA,NA,"Trips",NA,NA,NA,NA,NA,NA,NA,NA,NA,NA,NA,NA
"676","Active modes data","raw_activemode_run_cf_aadt",NA,"number_field_only_positive","Average daily travelers","Counts ideally reflect longterm averages (i.e. Annual Average Daily Travelers (AADT)). If using ""short term counts"", consider adjustment for seasonality in the ""Data adjustment module"". The count number must be ""per location, per day.""",NA,"AADT",NA,NA,NA,NA,NA,NA,NA,NA,NA,NA,NA,NA
"677","Active modes data","raw_activemode_run_ref_aadt",NA,"number_field_only_positive","Average daily travelers","Counts ideally reflect longterm averages (i.e. Annual Average Daily Travelers (AADT)). If using ""short term counts"", consider adjustment for seasonality in the ""Data adjustment module"". The count number must be ""per location, per day.""",NA,"AADT",NA,NA,NA,NA,NA,NA,NA,NA,NA,NA,NA,NA
"678","Active modes data","raw_activemode_run_cf_agerange","2044","single_choice_dropdown_dependent_condition","Age range of the assessed population","If the walking or cycling assessed stems predominantely from younger or from older subjects, select the age range accordingly.","The impact calculation by default excludes children and elderly because the underlying evidence and assumptions are not adequate for these age groups. 
Older persons benefit more from the same amount of active travel due to their higher mortality risk.","Younger adult population (20-44 years)",NA,NA,NA,NA,NA,NA,NA,NA,NA,NA,NA,NA
"679","Active modes data","raw_activemode_run_ref_agerange","2044","single_choice_dropdown_dependent_condition","Age range of the assessed population","If the walking or cycling assessed stems predominantely from younger or from older subjects, select the age range accordingly.","The impact calculation by default excludes children and elderly because the underlying evidence and assumptions are not adequate for these age groups. 
Older persons benefit more from the same amount of active travel due to their higher mortality risk.","Younger adult population (20-44 years)",NA,NA,NA,NA,NA,NA,NA,NA,NA,NA,NA,NA
"680","Active modes data","raw_activemode_run_cf_agerange","2064","single_choice_dropdown_dependent_condition","Age range of the assessed population","If the walking or cycling assessed stems predominantely from younger or from older subjects, select the age range accordingly.","The impact calculation by default excludes children and elderly because the underlying evidence and assumptions are not adequate for these age groups. 
Older persons benefit more from the same amount of active travel due to their higher mortality risk.","Adult population (20-64 years)",NA,NA,NA,NA,NA,NA,NA,NA,NA,NA,NA,NA
"681","Active modes data","raw_activemode_run_ref_agerange","2064","single_choice_dropdown_dependent_condition","Age range of the assessed population","If the walking or cycling assessed stems predominantely from younger or from older subjects, select the age range accordingly.","The impact calculation by default excludes children and elderly because the underlying evidence and assumptions are not adequate for these age groups. 
Older persons benefit more from the same amount of active travel due to their higher mortality risk.","Adult population (20-64 years)",NA,NA,NA,NA,NA,NA,NA,NA,NA,NA,NA,NA
"682","Active modes data","raw_activemode_run_cf_agerange","2074","single_choice_dropdown_dependent_condition","Age range of the assessed population","If the walking or cycling assessed stems predominantely from younger or from older subjects, select the age range accordingly.","The impact calculation by default excludes children and elderly because the underlying evidence and assumptions are not adequate for these age groups. 
Older persons benefit more from the same amount of active travel due to their higher mortality risk.","Adult population (20-74 years)",NA,NA,NA,NA,NA,NA,NA,NA,NA,NA,NA,NA
"683","Active modes data","raw_activemode_run_ref_agerange","2074","single_choice_dropdown_dependent_condition","Age range of the assessed population","If the walking or cycling assessed stems predominantely from younger or from older subjects, select the age range accordingly.","The impact calculation by default excludes children and elderly because the underlying evidence and assumptions are not adequate for these age groups. 
Older persons benefit more from the same amount of active travel due to their higher mortality risk.","Adult population (20-74 years)",NA,NA,NA,NA,NA,NA,NA,NA,NA,NA,NA,NA
"684","Active modes data","raw_activemode_run_cf_agerange","4564","single_choice_dropdown_dependent_condition","Age range of the assessed population","If the walking or cycling assessed stems predominantely from younger or from older subjects, select the age range accordingly.","The impact calculation by default excludes children and elderly because the underlying evidence and assumptions are not adequate for these age groups. 
Older persons benefit more from the same amount of active travel due to their higher mortality risk.","Older adult population (45-64 years)",NA,NA,NA,NA,NA,NA,NA,NA,NA,NA,NA,NA
"685","Active modes data","raw_activemode_run_ref_agerange","4564","single_choice_dropdown_dependent_condition","Age range of the assessed population","If the walking or cycling assessed stems predominantely from younger or from older subjects, select the age range accordingly.","The impact calculation by default excludes children and elderly because the underlying evidence and assumptions are not adequate for these age groups. 
Older persons benefit more from the same amount of active travel due to their higher mortality risk.","Older adult population (45-64 years)",NA,NA,NA,NA,NA,NA,NA,NA,NA,NA,NA,NA
"686","Active modes data","raw_activemode_run_cf_agerange","4574","single_choice_dropdown_dependent_condition","Age range of the assessed population","If the walking or cycling assessed stems predominantely from younger or from older subjects, select the age range accordingly.","The impact calculation by default excludes children and elderly because the underlying evidence and assumptions are not adequate for these age groups. 
Older persons benefit more from the same amount of active travel due to their higher mortality risk.","Older adult population (45-74 years)",NA,NA,NA,NA,NA,NA,NA,NA,NA,NA,NA,NA
"687","Active modes data","raw_activemode_run_ref_agerange","4574","single_choice_dropdown_dependent_condition","Age range of the assessed population","If the walking or cycling assessed stems predominantely from younger or from older subjects, select the age range accordingly.","The impact calculation by default excludes children and elderly because the underlying evidence and assumptions are not adequate for these age groups. 
Older persons benefit more from the same amount of active travel due to their higher mortality risk.","Older adult population (45-74 years)",NA,NA,NA,NA,NA,NA,NA,NA,NA,NA,NA,NA
"688","Active modes data","raw_activemode_run_cf_alltrips",NA,"number_field_only_positive","What is the total amount of travel by all modes per person, per day?","The unit (trips, duration, or distance) should correspond with the %-figure provided above.","Note that this is amount is per person, per day!","Total amount of travel",NA,NA,NA,NA,NA,NA,NA,NA,NA,NA,NA,NA
"689","Active modes data","raw_activemode_run_ref_alltrips",NA,"number_field_only_positive","What is the total amount of travel by all modes per person, per day?","The unit (trips, duration, or distance) should correspond with the %-figure provided above.","Note that this is amount is per person, per day!","Total amount of travel",NA,NA,NA,NA,NA,NA,NA,NA,NA,NA,NA,NA
"690","Active modes data","raw_activemode_run_cf_alltripsunit","distance","single_choice_radio","What is the unit of the travel volume specified above?",NA,NA,"Distance (km)","Total sum of travel times in minutes by all modes, per person, per day",NA,NA,NA,NA,NA,NA,NA,NA,NA,NA,NA
"691","Active modes data","raw_activemode_run_ref_alltripsunit","distance","single_choice_radio","What is the unit of the travel volume specified above?",NA,NA,"Distance (km)","Total sum of travel times in minutes by all modes, per person, per day",NA,NA,NA,NA,NA,NA,NA,NA,NA,NA,NA
"692","Active modes data","raw_activemode_run_cf_alltripsunit","duration","single_choice_radio","What is the unit of the travel volume specified above?",NA,NA,"Duration (min.)","Total sum of travel distances in kilometres by all modes, per person, per day",NA,NA,NA,NA,NA,NA,NA,NA,NA,NA,NA
"693","Active modes data","raw_activemode_run_ref_alltripsunit","duration","single_choice_radio","What is the unit of the travel volume specified above?",NA,NA,"Duration (min.)","Total sum of travel distances in kilometres by all modes, per person, per day",NA,NA,NA,NA,NA,NA,NA,NA,NA,NA,NA
"694","Active modes data","raw_activemode_run_cf_alltripsunit","trips","single_choice_radio","What is the unit of the travel volume specified above?",NA,NA,"Trips","Total number of trips by all modes, per person, per day",NA,NA,NA,NA,NA,NA,NA,NA,NA,NA,NA
"695","Active modes data","raw_activemode_run_ref_alltripsunit","trips","single_choice_radio","What is the unit of the travel volume specified above?",NA,NA,"Trips","Total number of trips by all modes, per person, per day",NA,NA,NA,NA,NA,NA,NA,NA,NA,NA,NA
"696","Active modes data","raw_activemode_run_cf_bstripdur",NA,"number_field_only_positive","Trip duration","Average riding time per trip (min.)",NA,NA,NA,"raw_activemode_bikeshare_[comparisoncase]_bstripdur",NA,NA,NA,NA,NA,NA,NA,NA,NA,NA
"697","Active modes data","raw_activemode_run_ref_bstripdur",NA,"number_field_only_positive","Trip duration","Average riding time per trip (min.)",NA,NA,NA,"raw_activemode_bikeshare_[comparisoncase]_bstripdur",NA,NA,NA,NA,NA,NA,NA,NA,NA,NA
"698","Active modes data","raw_activemode_run_cf_bstrips",NA,"number_field_only_positive","Trips per day","Average number of trips within the entire bike sharing system",NA,NA,NA,NA,NA,NA,NA,NA,NA,NA,NA,NA,NA,NA
"699","Active modes data","raw_activemode_run_ref_bstrips",NA,"number_field_only_positive","Trips per day","Average number of trips within the entire bike sharing system",NA,NA,NA,NA,NA,NA,NA,NA,NA,NA,NA,NA,NA,NA
"700","Active modes data","raw_activemode_run_cf_changepercent",NA,"slider_percent_m1001000","#tmpl#
<b>
By how much did 
{% if ""[activemode]"" == ""walk"" %} walking 
{% elseif ""[activemode]"" == ""bike"" %} cycling 
{% elseif ""[activemode]"" == ""ebike"" %} e-biking
{% elseif ""[activemode]"" == ""ebike25"" %} slow e-biking (<25 km/h) 
{% elseif ""[activemode]"" == ""ebike45"" %} fast e-biking (<45 km/h) 
{% elseif ""[activemode]"" == ""bikeshare"" %} bike-sharing 
{% elseif ""[activemode]"" == ""run"" %} running 
{% endif %} 
change? 
</b>","Enter as %-change relative to the reference case.","Note: a change by +100% reflects a doubling. An increase from 10 min. to 30 min is equivalent to a change of +200%. Fine tune slider with keyboard arrows.",NA,NA,NA,NA,NA,NA,NA,NA,NA,NA,NA,NA,NA
"701","Active modes data","raw_activemode_run_ref_changepercent",NA,"slider_percent_m1001000","#tmpl#
<b>
By how much did 
{% if ""[activemode]"" == ""walk"" %} walking 
{% elseif ""[activemode]"" == ""bike"" %} cycling 
{% elseif ""[activemode]"" == ""ebike"" %} e-biking
{% elseif ""[activemode]"" == ""ebike25"" %} slow e-biking (<25 km/h) 
{% elseif ""[activemode]"" == ""ebike45"" %} fast e-biking (<45 km/h) 
{% elseif ""[activemode]"" == ""bikeshare"" %} bike-sharing 
{% elseif ""[activemode]"" == ""run"" %} running 
{% endif %} 
change? 
</b>","Enter as %-change relative to the reference case.","Note: a change by +100% reflects a doubling. An increase from 10 min. to 30 min is equivalent to a change of +200%. Fine tune slider with keyboard arrows.",NA,NA,NA,NA,NA,NA,NA,NA,NA,NA,NA,NA,NA
"702","Active modes data","raw_activemode_run_cf_countkm",NA,"number_field_only_positive","Distance travelled ""per count"" (km)","#tmpl#
This information may be obtained through an intercept survey of active travelers at the count location, or estimated otherwise. Consider the length of the assessed facility and whether the count is bi-directional and may include ""return trips."" Or use the HEAT default value for
{% if ""[activemode]"" == ""walk"" %}  walking 
{% elseif ""[activemode]"" == ""bike"" %}  cycling
{% elseif ""[activemode]"" == ""ebike"" %}  e-biking
{% endif %}
trip distance provided below.",NA,"countlength",NA,"raw_activemode_[activemode]_[comparisoncase]_countkm","Default distance assigned to a run count unit (km)","ui_default_value","double",6.7,"km","c('raw_activemode_run_cf_source') %in% names(input)  & any(c('counts') %in% input[['raw_activemode_run_cf_source']]) ",NA,NA,NA,NA
"703","Active modes data","raw_activemode_run_ref_countkm",NA,"number_field_only_positive","Distance travelled ""per count"" (km)","#tmpl#
This information may be obtained through an intercept survey of active travelers at the count location, or estimated otherwise. Consider the length of the assessed facility and whether the count is bi-directional and may include ""return trips."" Or use the HEAT default value for
{% if ""[activemode]"" == ""walk"" %}  walking 
{% elseif ""[activemode]"" == ""bike"" %}  cycling
{% elseif ""[activemode]"" == ""ebike"" %}  e-biking
{% endif %}
trip distance provided below.",NA,"countlength",NA,"raw_activemode_[activemode]_[comparisoncase]_countkm","Default distance assigned to a run count unit (km)","ui_default_value","double",6.7,"km","c('raw_activemode_run_ref_source') %in% names(input)  & any(c('counts') %in% input[['raw_activemode_run_ref_source']]) ",NA,NA,NA,NA
"704","Active modes data","raw_activemode_run_cf_denominator","cyclist","single_choice_dropdown_dependent_condition","Population type","This specifies what type of population the volume data is based on.",NA,"Cyclists",NA,NA,NA,NA,NA,NA,NA,NA,NA,NA,NA,NA
"705","Active modes data","raw_activemode_run_ref_denominator","cyclist","single_choice_dropdown_dependent_condition","Population type","This specifies what type of population the volume data is based on.",NA,"Cyclists",NA,NA,NA,NA,NA,NA,NA,NA,NA,NA,NA,NA
"706","Active modes data","raw_activemode_run_cf_denominator","pedestrian","single_choice_dropdown_dependent_condition","Population type","This specifies what type of population the volume data is based on.",NA,"Pedestrians",NA,NA,NA,NA,NA,NA,NA,NA,NA,NA,NA,NA
"707","Active modes data","raw_activemode_run_ref_denominator","pedestrian","single_choice_dropdown_dependent_condition","Population type","This specifies what type of population the volume data is based on.",NA,"Pedestrians",NA,NA,NA,NA,NA,NA,NA,NA,NA,NA,NA,NA
"708","Active modes data","raw_activemode_run_cf_denominator","person","single_choice_dropdown_dependent_condition","Population type","This specifies what type of population the volume data is based on.",NA,"General population",NA,NA,NA,NA,NA,NA,NA,NA,NA,NA,NA,NA
"709","Active modes data","raw_activemode_run_ref_denominator","person","single_choice_dropdown_dependent_condition","Population type","This specifies what type of population the volume data is based on.",NA,"General population",NA,NA,NA,NA,NA,NA,NA,NA,NA,NA,NA,NA
"710","Active modes data","raw_activemode_run_cf_freqpercentcat1",NA,"percent_field","Daily or almost daily",NA,"Enter % of population that fits this category.","Daily or almost daily",NA,NA,NA,NA,NA,NA,NA,NA,NA,NA,NA,NA
"711","Active modes data","raw_activemode_run_ref_freqpercentcat1",NA,"percent_field","Daily or almost daily",NA,"Enter % of population that fits this category.","Daily or almost daily",NA,NA,NA,NA,NA,NA,NA,NA,NA,NA,NA,NA
"712","Active modes data","raw_activemode_run_cf_freqpercentcat2",NA,"percent_field","1-3 days per week",NA,"Enter % of population that fits this category.","1-3 days per week",NA,NA,NA,NA,NA,NA,NA,NA,NA,NA,NA,NA
"713","Active modes data","raw_activemode_run_ref_freqpercentcat2",NA,"percent_field","1-3 days per week",NA,"Enter % of population that fits this category.","1-3 days per week",NA,NA,NA,NA,NA,NA,NA,NA,NA,NA,NA,NA
"714","Active modes data","raw_activemode_run_cf_freqpercentcat3",NA,"percent_field","1-3 days per month",NA,"Enter % of population that fits this category.","1-3 days per month",NA,NA,NA,NA,NA,NA,NA,NA,NA,NA,NA,NA
"715","Active modes data","raw_activemode_run_ref_freqpercentcat3",NA,"percent_field","1-3 days per month",NA,"Enter % of population that fits this category.","1-3 days per month",NA,NA,NA,NA,NA,NA,NA,NA,NA,NA,NA,NA
"716","Active modes data","raw_activemode_run_cf_freqpercentcat4",NA,"percent_field","Less than once per month",NA,"Enter % of population that fits this category.","Less than once per month",NA,NA,NA,NA,NA,NA,NA,NA,NA,NA,NA,NA
"717","Active modes data","raw_activemode_run_ref_freqpercentcat4",NA,"percent_field","Less than once per month",NA,"Enter % of population that fits this category.","Less than once per month",NA,NA,NA,NA,NA,NA,NA,NA,NA,NA,NA,NA
"718","Active modes data","raw_activemode_run_cf_freqpercentcat5",NA,"percent_field","Never",NA,"Enter % of population that fits this category.","Never",NA,NA,NA,NA,NA,NA,NA,NA,NA,NA,NA,NA
"719","Active modes data","raw_activemode_run_ref_freqpercentcat5",NA,"percent_field","Never",NA,"Enter % of population that fits this category.","Never",NA,NA,NA,NA,NA,NA,NA,NA,NA,NA,NA,NA
"720","Active modes data","raw_activemode_run_cf_modesharepercent",NA,"percent_field","#tmpl#
{% if ""[activemode]"" == ""walk"" %} Walking 
{% elseif ""[activemode]"" == ""bike"" %} Cycling 
{% elseif ""[activemode]"" == ""ebike"" %} E-biking
{% elseif ""[activemode]"" == ""ebike25"" %} Slow e-biking (<25 km/h) 
{% elseif ""[activemode]"" == ""ebike45"" %} Fast e-biking (<45 km/h) 
{% elseif ""[activemode]"" == ""bikeshare"" %} Bike-sharing 
{% elseif ""[activemode]"" == ""run"" %} Running 
{% endif %} 
mode share (%)","Mode share is a %-figure of total travel (by all modes). Provide the total travel volume further below.",NA,"Mode share percentage",NA,NA,NA,NA,NA,NA,NA,NA,NA,NA,NA,NA
"721","Active modes data","raw_activemode_run_ref_modesharepercent",NA,"percent_field","#tmpl#
{% if ""[activemode]"" == ""walk"" %} Walking 
{% elseif ""[activemode]"" == ""bike"" %} Cycling 
{% elseif ""[activemode]"" == ""ebike"" %} E-biking
{% elseif ""[activemode]"" == ""ebike25"" %} Slow e-biking (<25 km/h) 
{% elseif ""[activemode]"" == ""ebike45"" %} Fast e-biking (<45 km/h) 
{% elseif ""[activemode]"" == ""bikeshare"" %} Bike-sharing 
{% elseif ""[activemode]"" == ""run"" %} Running 
{% endif %} 
mode share (%)","Mode share is a %-figure of total travel (by all modes). Provide the total travel volume further below.",NA,"Mode share percentage",NA,NA,NA,NA,NA,NA,NA,NA,NA,NA,NA,NA
"722","Active modes data","raw_activemode_run_cf_number",NA,"number_field_only_positive","<b>Amount</b>","Must be in specified unit <b>per person, per day</b>.",NA,NA,NA,NA,NA,NA,NA,NA,NA,NA,NA,NA,NA,NA
"723","Active modes data","raw_activemode_run_ref_number",NA,"number_field_only_positive","<b>Amount</b>","Must be in specified unit <b>per person, per day</b>.",NA,NA,NA,NA,NA,NA,NA,NA,NA,NA,NA,NA,NA,NA
"724","Active modes data","raw_activemode_run_cf_source","app","single_choice_dropdown_dependent_condition","Data source",NA,NA,"App-based data",NA,NA,NA,NA,NA,NA,NA,NA,NA,NA,NA,NA
"725","Active modes data","raw_activemode_run_ref_source","app","single_choice_dropdown_dependent_condition","Data source",NA,NA,"App-based data",NA,NA,NA,NA,NA,NA,NA,NA,NA,NA,NA,NA
"726","Active modes data","raw_activemode_run_cf_source","bikeshare","single_choice_dropdown_dependent_condition","Data source",NA,NA,"Bike share data",NA,NA,NA,NA,NA,NA,NA,NA,NA,NA,NA,NA
"727","Active modes data","raw_activemode_run_ref_source","bikeshare","single_choice_dropdown_dependent_condition","Data source",NA,NA,"Bike share data",NA,NA,NA,NA,NA,NA,NA,NA,NA,NA,NA,NA
"728","Active modes data","raw_activemode_run_cf_source","counts","single_choice_dropdown_dependent_condition","Data source",NA,NA,"Count data",NA,NA,NA,NA,NA,NA,NA,NA,NA,NA,NA,NA
"729","Active modes data","raw_activemode_run_ref_source","counts","single_choice_dropdown_dependent_condition","Data source",NA,NA,"Count data",NA,NA,NA,NA,NA,NA,NA,NA,NA,NA,NA,NA
"730","Active modes data","raw_activemode_run_cf_source","intercept","single_choice_dropdown_dependent_condition","Data source",NA,NA,"Intercept survey",NA,NA,NA,NA,NA,NA,NA,NA,NA,NA,NA,NA
"731","Active modes data","raw_activemode_run_ref_source","intercept","single_choice_dropdown_dependent_condition","Data source",NA,NA,"Intercept survey",NA,NA,NA,NA,NA,NA,NA,NA,NA,NA,NA,NA
"732","Active modes data","raw_activemode_run_cf_source","model","single_choice_dropdown_dependent_condition","Data source",NA,NA,"Modeled data",NA,NA,NA,NA,NA,NA,NA,NA,NA,NA,NA,NA
"733","Active modes data","raw_activemode_run_ref_source","model","single_choice_dropdown_dependent_condition","Data source",NA,NA,"Modeled data",NA,NA,NA,NA,NA,NA,NA,NA,NA,NA,NA,NA
"734","Active modes data","raw_activemode_run_cf_source","popsurvey","single_choice_dropdown_dependent_condition","Data source",NA,NA,"Population survey",NA,NA,NA,NA,NA,NA,NA,NA,NA,NA,NA,NA
"735","Active modes data","raw_activemode_run_ref_source","popsurvey","single_choice_dropdown_dependent_condition","Data source",NA,NA,"Population survey",NA,NA,NA,NA,NA,NA,NA,NA,NA,NA,NA,NA
"736","Active modes data","raw_activemode_run_cf_source","scenario","single_choice_dropdown_dependent_condition","Data source",NA,NA,"Hypothetical scenario",NA,NA,NA,NA,NA,NA,NA,NA,NA,NA,NA,NA
"737","Active modes data","raw_activemode_run_ref_source","scenario","single_choice_dropdown_dependent_condition","Data source",NA,NA,"Hypothetical scenario",NA,NA,NA,NA,NA,NA,NA,NA,NA,NA,NA,NA
"738","Active modes data","raw_activemode_run_cf_tripkm",NA,"number_field_only_positive","Trip length","#tmpl#
Specify average length of 
{% if ""[activemode]"" == ""walk"" %} walking 
{% elseif ""[activemode]"" == ""bike"" %} cycling 
{% elseif ""[activemode]"" == ""ebike"" %} e-biking
{% elseif ""[activemode]"" == ""ebike25"" %} slow e-biking (<25 km/h) 
{% elseif ""[activemode]"" == ""ebike45"" %} fast e-biking (<45 km/h) 
{% elseif ""[activemode]"" == ""bikeshare"" %} bike-sharing 
{% elseif ""[activemode]"" == ""run"" %} running 
{% endif %} 
trips in km, or use the default value provided below.",NA,NA,NA,"raw_activemode_[activemode]_[comparisoncase]_tripkm","Default distance assigned to a run trip (km)","ui_default_value","double",6.7,"km","c('raw_activemode_run_cf_source') %in% names(input) & c('raw_activemode_run_cf_unit') %in% names(input) & all(c('raw_activemode_run_cf_alltripsunit') %in% names(input)) &  (any(c('bikeshare') %in% input[['raw_activemode_run_cf_source']]) | any(c('trips', 'freq', 'modeshare') %in% input[['raw_activemode_run_cf_unit']]) | any(c('trips') %in% input[[' raw_activemode_run_cf _alltripsunit']]) )",NA,NA,NA,NA
"739","Active modes data","raw_activemode_run_ref_tripkm",NA,"number_field_only_positive","Trip length","#tmpl#
Specify average length of 
{% if ""[activemode]"" == ""walk"" %} walking 
{% elseif ""[activemode]"" == ""bike"" %} cycling 
{% elseif ""[activemode]"" == ""ebike"" %} e-biking
{% elseif ""[activemode]"" == ""ebike25"" %} slow e-biking (<25 km/h) 
{% elseif ""[activemode]"" == ""ebike45"" %} fast e-biking (<45 km/h) 
{% elseif ""[activemode]"" == ""bikeshare"" %} bike-sharing 
{% elseif ""[activemode]"" == ""run"" %} running 
{% endif %} 
trips in km, or use the default value provided below.",NA,NA,NA,"raw_activemode_[activemode]_[comparisoncase]_tripkm","Default distance assigned to a run trip (km)","ui_default_value","double",6.7,"km","c('raw_activemode_run_ref_source') %in% names(input) & c('raw_activemode_run_ref_unit') %in% names(input) & all(c('raw_activemode_run_ref_alltripsunit') %in% names(input)) &  (any(c('bikeshare') %in% input[['raw_activemode_run_ref_source']]) | any(c('trips', 'freq', 'modeshare') %in% input[['raw_activemode_run_ref_unit']]) | any(c('trips') %in% input[[' raw_activemode_run_ref _alltripsunit']]) )",NA,NA,NA,NA
"740","Active modes data","raw_activemode_run_cf_tripsperday",NA,"number_field_only_positive","Number of trips per day","#tmpl#
Specify the average number of 
{% if ""[activemode]"" == ""walk"" %} walking 
{% elseif ""[activemode]"" == ""bike"" %} cycling 
{% elseif ""[activemode]"" == ""ebike"" %} e-biking
{% elseif ""[activemode]"" == ""ebike25"" %} slow e-biking (<25 km/h) 
{% elseif ""[activemode]"" == ""ebike45"" %} fast e-biking (<45 km/h) 
{% elseif ""[activemode]"" == ""bikeshare"" %} bike-sharing 
{% elseif ""[activemode]"" == ""run"" %} running 
{% endif %} 
trips per day, or use the default value provided.",NA,NA,NA,"raw_activemode_[activemode]_[comparisoncase]_tripsperday","Default number of run trips taken by an average person on an average travel day (i.e. averaged over days when run is actually used)","ui_default_value","double",2,"trips","c('raw_activemode_run_cf_unit') %in% names(input)  & any(c('freq') %in% input[['raw_activemode_run_cf_unit']])",NA,NA,NA,NA
"741","Active modes data","raw_activemode_run_ref_tripsperday",NA,"number_field_only_positive","Number of trips per day","#tmpl#
Specify the average number of 
{% if ""[activemode]"" == ""walk"" %} walking 
{% elseif ""[activemode]"" == ""bike"" %} cycling 
{% elseif ""[activemode]"" == ""ebike"" %} e-biking
{% elseif ""[activemode]"" == ""ebike25"" %} slow e-biking (<25 km/h) 
{% elseif ""[activemode]"" == ""ebike45"" %} fast e-biking (<45 km/h) 
{% elseif ""[activemode]"" == ""bikeshare"" %} bike-sharing 
{% elseif ""[activemode]"" == ""run"" %} running 
{% endif %} 
trips per day, or use the default value provided.",NA,NA,NA,"raw_activemode_[activemode]_[comparisoncase]_tripsperday","Default number of run trips taken by an average person on an average travel day (i.e. averaged over days when run is actually used)","ui_default_value","double",2,"trips","c('raw_activemode_run_ref_unit') %in% names(input)  & any(c('freq') %in% input[['raw_activemode_run_ref_unit']])",NA,NA,NA,NA
"742","Active modes data","raw_activemode_run_cf_unit","change","single_choice_dropdown_dependent_condition","Data unit or type",NA,NA,"Percent change",NA,NA,NA,NA,NA,NA,NA,NA,NA,NA,NA,NA
"743","Active modes data","raw_activemode_run_ref_unit","change","single_choice_dropdown_dependent_condition","Data unit or type",NA,NA,"Percent change",NA,NA,NA,NA,NA,NA,NA,NA,NA,NA,NA,NA
"744","Active modes data","raw_activemode_run_cf_unit","contcounts","single_choice_dropdown_dependent_condition","Data unit or type",NA,NA,"Continuous counts",NA,NA,NA,NA,NA,NA,NA,NA,NA,NA,NA,NA
"745","Active modes data","raw_activemode_run_ref_unit","contcounts","single_choice_dropdown_dependent_condition","Data unit or type",NA,NA,"Continuous counts",NA,NA,NA,NA,NA,NA,NA,NA,NA,NA,NA,NA
"746","Active modes data","raw_activemode_run_cf_unit","freq","single_choice_dropdown_dependent_condition","Data unit or type",NA,NA,"Frequency categories",NA,NA,NA,NA,NA,NA,NA,NA,NA,NA,NA,NA
"747","Active modes data","raw_activemode_run_ref_unit","freq","single_choice_dropdown_dependent_condition","Data unit or type",NA,NA,"Frequency categories",NA,NA,NA,NA,NA,NA,NA,NA,NA,NA,NA,NA
"748","Active modes data","raw_activemode_run_cf_unit","hrs","single_choice_dropdown_dependent_condition","Data unit or type",NA,NA,"Hours",NA,NA,NA,NA,NA,NA,NA,NA,NA,NA,NA,NA
"749","Active modes data","raw_activemode_run_ref_unit","hrs","single_choice_dropdown_dependent_condition","Data unit or type",NA,NA,"Hours",NA,NA,NA,NA,NA,NA,NA,NA,NA,NA,NA,NA
"750","Active modes data","raw_activemode_run_cf_unit","km","single_choice_dropdown_dependent_condition","Data unit or type",NA,NA,"Km",NA,NA,NA,NA,NA,NA,NA,NA,NA,NA,NA,NA
"751","Active modes data","raw_activemode_run_ref_unit","km","single_choice_dropdown_dependent_condition","Data unit or type",NA,NA,"Km",NA,NA,NA,NA,NA,NA,NA,NA,NA,NA,NA,NA
"752","Active modes data","raw_activemode_run_cf_unit","min","single_choice_dropdown_dependent_condition","Data unit or type",NA,NA,"Minutes",NA,NA,NA,NA,NA,NA,NA,NA,NA,NA,NA,NA
"753","Active modes data","raw_activemode_run_ref_unit","min","single_choice_dropdown_dependent_condition","Data unit or type",NA,NA,"Minutes",NA,NA,NA,NA,NA,NA,NA,NA,NA,NA,NA,NA
"754","Active modes data","raw_activemode_run_cf_unit","mls","single_choice_dropdown_dependent_condition","Data unit or type",NA,NA,"Miles",NA,NA,NA,NA,NA,NA,NA,NA,NA,NA,NA,NA
"755","Active modes data","raw_activemode_run_ref_unit","mls","single_choice_dropdown_dependent_condition","Data unit or type",NA,NA,"Miles",NA,NA,NA,NA,NA,NA,NA,NA,NA,NA,NA,NA
"756","Active modes data","raw_activemode_run_cf_unit","modeshare","single_choice_dropdown_dependent_condition","Data unit or type",NA,NA,"Mode share",NA,NA,NA,NA,NA,NA,NA,NA,NA,NA,NA,NA
"757","Active modes data","raw_activemode_run_ref_unit","modeshare","single_choice_dropdown_dependent_condition","Data unit or type",NA,NA,"Mode share",NA,NA,NA,NA,NA,NA,NA,NA,NA,NA,NA,NA
"758","Active modes data","raw_activemode_run_cf_unit","shortcounts","single_choice_dropdown_dependent_condition","Data unit or type",NA,NA,"Short term counts",NA,NA,NA,NA,NA,NA,NA,NA,NA,NA,NA,NA
"759","Active modes data","raw_activemode_run_ref_unit","shortcounts","single_choice_dropdown_dependent_condition","Data unit or type",NA,NA,"Short term counts",NA,NA,NA,NA,NA,NA,NA,NA,NA,NA,NA,NA
"760","Active modes data","raw_activemode_run_cf_unit","steps","single_choice_dropdown_dependent_condition","Data unit or type",NA,NA,"Steps",NA,NA,NA,NA,NA,NA,NA,NA,NA,NA,NA,NA
"761","Active modes data","raw_activemode_run_ref_unit","steps","single_choice_dropdown_dependent_condition","Data unit or type",NA,NA,"Steps",NA,NA,NA,NA,NA,NA,NA,NA,NA,NA,NA,NA
"762","Active modes data","raw_activemode_run_cf_unit","trips","single_choice_dropdown_dependent_condition","Data unit or type",NA,NA,"Trips",NA,NA,NA,NA,NA,NA,NA,NA,NA,NA,NA,NA
"763","Active modes data","raw_activemode_run_ref_unit","trips","single_choice_dropdown_dependent_condition","Data unit or type",NA,NA,"Trips",NA,NA,NA,NA,NA,NA,NA,NA,NA,NA,NA,NA
"764","Active modes data","raw_activemode_walk_cf_aadt",NA,"number_field_only_positive","Average daily travelers","Counts ideally reflect longterm averages (i.e. Annual Average Daily Travelers (AADT)). If using ""short term counts"", consider adjustment for seasonality in the ""Data adjustment module"". The count number must be ""per location, per day.""",NA,"AADT",NA,NA,NA,NA,NA,NA,NA,NA,NA,NA,NA,NA
"765","Active modes data","raw_activemode_walk_ref_aadt",NA,"number_field_only_positive","Average daily travelers","Counts ideally reflect longterm averages (i.e. Annual Average Daily Travelers (AADT)). If using ""short term counts"", consider adjustment for seasonality in the ""Data adjustment module"". The count number must be ""per location, per day.""",NA,"AADT",NA,NA,NA,NA,NA,NA,NA,NA,NA,NA,NA,NA
"766","Active modes data","raw_activemode_walk_cf_agerange","2044","single_choice_dropdown_dependent_condition","Age range of the assessed population","If the walking or cycling assessed stems predominantely from younger or from older subjects, select the age range accordingly.","The impact calculation by default excludes children and elderly because the underlying evidence and assumptions are not adequate for these age groups. 
Older persons benefit more from the same amount of active travel due to their higher mortality risk.","Younger adult population (20-44 years)",NA,NA,NA,NA,NA,NA,NA,NA,NA,NA,NA,NA
"767","Active modes data","raw_activemode_walk_ref_agerange","2044","single_choice_dropdown_dependent_condition","Age range of the assessed population","If the walking or cycling assessed stems predominantely from younger or from older subjects, select the age range accordingly.","The impact calculation by default excludes children and elderly because the underlying evidence and assumptions are not adequate for these age groups. 
Older persons benefit more from the same amount of active travel due to their higher mortality risk.","Younger adult population (20-44 years)",NA,NA,NA,NA,NA,NA,NA,NA,NA,NA,NA,NA
"768","Active modes data","raw_activemode_walk_cf_agerange","2074","single_choice_dropdown_dependent_condition","Age range of the assessed population","If the walking or cycling assessed stems predominantely from younger or from older subjects, select the age range accordingly.","The impact calculation by default excludes children and elderly because the underlying evidence and assumptions are not adequate for these age groups. 
Older persons benefit more from the same amount of active travel due to their higher mortality risk.","Adult population (20-74 years)",NA,NA,NA,NA,NA,NA,NA,NA,NA,NA,NA,NA
"769","Active modes data","raw_activemode_walk_ref_agerange","2074","single_choice_dropdown_dependent_condition","Age range of the assessed population","If the walking or cycling assessed stems predominantely from younger or from older subjects, select the age range accordingly.","The impact calculation by default excludes children and elderly because the underlying evidence and assumptions are not adequate for these age groups. 
Older persons benefit more from the same amount of active travel due to their higher mortality risk.","Adult population (20-74 years)",NA,NA,NA,NA,NA,NA,NA,NA,NA,NA,NA,NA
"770","Active modes data","raw_activemode_walk_cf_agerange","4574","single_choice_dropdown_dependent_condition","Age range of the assessed population","If the walking or cycling assessed stems predominantely from younger or from older subjects, select the age range accordingly.","The impact calculation by default excludes children and elderly because the underlying evidence and assumptions are not adequate for these age groups. 
Older persons benefit more from the same amount of active travel due to their higher mortality risk.","Older adult population (45-74 years)",NA,NA,NA,NA,NA,NA,NA,NA,NA,NA,NA,NA
"771","Active modes data","raw_activemode_walk_ref_agerange","4574","single_choice_dropdown_dependent_condition","Age range of the assessed population","If the walking or cycling assessed stems predominantely from younger or from older subjects, select the age range accordingly.","The impact calculation by default excludes children and elderly because the underlying evidence and assumptions are not adequate for these age groups. 
Older persons benefit more from the same amount of active travel due to their higher mortality risk.","Older adult population (45-74 years)",NA,NA,NA,NA,NA,NA,NA,NA,NA,NA,NA,NA
"772","Active modes data","raw_activemode_walk_cf_alltrips",NA,"number_field_only_positive","What is the total amount of travel by all modes per person, per day?","The unit (trips, duration, or distance) should correspond with the %-figure provided above.","Note that this is amount is per person, per day!","Total amount of travel",NA,NA,NA,NA,NA,NA,NA,NA,NA,NA,NA,NA
"773","Active modes data","raw_activemode_walk_ref_alltrips",NA,"number_field_only_positive","What is the total amount of travel by all modes per person, per day?","The unit (trips, duration, or distance) should correspond with the %-figure provided above.","Note that this is amount is per person, per day!","Total amount of travel",NA,NA,NA,NA,NA,NA,NA,NA,NA,NA,NA,NA
"774","Active modes data","raw_activemode_walk_cf_alltripsunit","distance","single_choice_radio","What is the unit of the travel volume specified above?",NA,NA,"Distance (km)","Total sum of travel times in minutes by all modes, per person, per day",NA,NA,NA,NA,NA,NA,NA,NA,NA,NA,NA
"775","Active modes data","raw_activemode_walk_ref_alltripsunit","distance","single_choice_radio","What is the unit of the travel volume specified above?",NA,NA,"Distance (km)","Total sum of travel times in minutes by all modes, per person, per day",NA,NA,NA,NA,NA,NA,NA,NA,NA,NA,NA
"776","Active modes data","raw_activemode_walk_cf_alltripsunit","duration","single_choice_radio","What is the unit of the travel volume specified above?",NA,NA,"Duration (min.)","Total sum of travel distances in kilometres by all modes, per person, per day",NA,NA,NA,NA,NA,NA,NA,NA,NA,NA,NA
"777","Active modes data","raw_activemode_walk_ref_alltripsunit","duration","single_choice_radio","What is the unit of the travel volume specified above?",NA,NA,"Duration (min.)","Total sum of travel distances in kilometres by all modes, per person, per day",NA,NA,NA,NA,NA,NA,NA,NA,NA,NA,NA
"778","Active modes data","raw_activemode_walk_cf_alltripsunit","trips","single_choice_radio","What is the unit of the travel volume specified above?",NA,NA,"Trips","Total number of trips by all modes, per person, per day",NA,NA,NA,NA,NA,NA,NA,NA,NA,NA,NA
"779","Active modes data","raw_activemode_walk_ref_alltripsunit","trips","single_choice_radio","What is the unit of the travel volume specified above?",NA,NA,"Trips","Total number of trips by all modes, per person, per day",NA,NA,NA,NA,NA,NA,NA,NA,NA,NA,NA
"780","Active modes data","raw_activemode_walk_cf_bstripdur",NA,"number_field_only_positive","Trip duration","Average riding time per trip (min.)",NA,NA,NA,"raw_activemode_bikeshare_[comparisoncase]_bstripdur",NA,NA,NA,NA,NA,NA,NA,NA,NA,NA
"781","Active modes data","raw_activemode_walk_ref_bstripdur",NA,"number_field_only_positive","Trip duration","Average riding time per trip (min.)",NA,NA,NA,"raw_activemode_bikeshare_[comparisoncase]_bstripdur",NA,NA,NA,NA,NA,NA,NA,NA,NA,NA
"782","Active modes data","raw_activemode_walk_cf_bstrips",NA,"number_field_only_positive","Trips per day","Average number of trips within the entire bike sharing system",NA,NA,NA,NA,NA,NA,NA,NA,NA,NA,NA,NA,NA,NA
"783","Active modes data","raw_activemode_walk_ref_bstrips",NA,"number_field_only_positive","Trips per day","Average number of trips within the entire bike sharing system",NA,NA,NA,NA,NA,NA,NA,NA,NA,NA,NA,NA,NA,NA
"784","Active modes data","raw_activemode_walk_cf_changepercent",NA,"slider_percent_m1001000","#tmpl#
<b>
By how much did 
{% if ""[activemode]"" == ""walk"" %} walking 
{% elseif ""[activemode]"" == ""bike"" %} cycling 
{% elseif ""[activemode]"" == ""ebike"" %} e-biking
{% elseif ""[activemode]"" == ""ebike25"" %} slow e-biking (<25 km/h) 
{% elseif ""[activemode]"" == ""ebike45"" %} fast e-biking (<45 km/h) 
{% elseif ""[activemode]"" == ""bikeshare"" %} bike-sharing 
{% elseif ""[activemode]"" == ""run"" %} running 
{% endif %} 
change? 
</b>","Enter as %-change relative to the reference case.","Note: a change by +100% reflects a doubling. An increase from 10 min. to 30 min is equivalent to a change of +200%. Fine tune slider with keyboard arrows.",NA,NA,NA,NA,NA,NA,NA,NA,NA,NA,NA,NA,NA
"785","Active modes data","raw_activemode_walk_ref_changepercent",NA,"slider_percent_m1001000","#tmpl#
<b>
By how much did 
{% if ""[activemode]"" == ""walk"" %} walking 
{% elseif ""[activemode]"" == ""bike"" %} cycling 
{% elseif ""[activemode]"" == ""ebike"" %} e-biking
{% elseif ""[activemode]"" == ""ebike25"" %} slow e-biking (<25 km/h) 
{% elseif ""[activemode]"" == ""ebike45"" %} fast e-biking (<45 km/h) 
{% elseif ""[activemode]"" == ""bikeshare"" %} bike-sharing 
{% elseif ""[activemode]"" == ""run"" %} running 
{% endif %} 
change? 
</b>","Enter as %-change relative to the reference case.","Note: a change by +100% reflects a doubling. An increase from 10 min. to 30 min is equivalent to a change of +200%. Fine tune slider with keyboard arrows.",NA,NA,NA,NA,NA,NA,NA,NA,NA,NA,NA,NA,NA
"786","Active modes data","raw_activemode_walk_cf_countkm",NA,"number_field_only_positive","Distance travelled ""per count"" (km)","#tmpl#
This information may be obtained through an intercept survey of active travelers at the count location, or estimated otherwise. Consider the length of the assessed facility and whether the count is bi-directional and may include ""return trips."" Or use the HEAT default value for
{% if ""[activemode]"" == ""walk"" %}  walking 
{% elseif ""[activemode]"" == ""bike"" %}  cycling
{% elseif ""[activemode]"" == ""ebike"" %}  e-biking
{% endif %}
trip distance provided below.",NA,"countlength",NA,"raw_activemode_[activemode]_[comparisoncase]_countkm","Default distance assigned to a walk count unit (km)","ui_default_value","double",1.3,"km","c('raw_activemode_walk_cf_source') %in% names(input)  & any(c('counts') %in% input[['raw_activemode_walk_cf_source']]) ",NA,NA,NA,NA
"787","Active modes data","raw_activemode_walk_ref_countkm",NA,"number_field_only_positive","Distance travelled ""per count"" (km)","#tmpl#
This information may be obtained through an intercept survey of active travelers at the count location, or estimated otherwise. Consider the length of the assessed facility and whether the count is bi-directional and may include ""return trips."" Or use the HEAT default value for
{% if ""[activemode]"" == ""walk"" %}  walking 
{% elseif ""[activemode]"" == ""bike"" %}  cycling
{% elseif ""[activemode]"" == ""ebike"" %}  e-biking
{% endif %}
trip distance provided below.",NA,"countlength",NA,"raw_activemode_[activemode]_[comparisoncase]_countkm","Default distance assigned to a walk count unit (km)","ui_default_value","double",1.3,"km","c('raw_activemode_walk_ref_source') %in% names(input)  & any(c('counts') %in% input[['raw_activemode_walk_ref_source']]) ",NA,NA,NA,NA
"788","Active modes data","raw_activemode_walk_cf_denominator","cyclist","single_choice_dropdown_dependent_condition","Population type","This specifies what type of population the volume data is based on.",NA,"Cyclists",NA,NA,NA,NA,NA,NA,NA,NA,NA,NA,NA,NA
"789","Active modes data","raw_activemode_walk_ref_denominator","cyclist","single_choice_dropdown_dependent_condition","Population type","This specifies what type of population the volume data is based on.",NA,"Cyclists",NA,NA,NA,NA,NA,NA,NA,NA,NA,NA,NA,NA
"790","Active modes data","raw_activemode_walk_cf_denominator","pedestrian","single_choice_dropdown_dependent_condition","Population type","This specifies what type of population the volume data is based on.",NA,"Pedestrians",NA,NA,NA,NA,NA,NA,NA,NA,NA,NA,NA,NA
"791","Active modes data","raw_activemode_walk_ref_denominator","pedestrian","single_choice_dropdown_dependent_condition","Population type","This specifies what type of population the volume data is based on.",NA,"Pedestrians",NA,NA,NA,NA,NA,NA,NA,NA,NA,NA,NA,NA
"792","Active modes data","raw_activemode_walk_cf_denominator","person","single_choice_dropdown_dependent_condition","Population type","This specifies what type of population the volume data is based on.",NA,"General population",NA,NA,NA,NA,NA,NA,NA,NA,NA,NA,NA,NA
"793","Active modes data","raw_activemode_walk_ref_denominator","person","single_choice_dropdown_dependent_condition","Population type","This specifies what type of population the volume data is based on.",NA,"General population",NA,NA,NA,NA,NA,NA,NA,NA,NA,NA,NA,NA
"794","Active modes data","raw_activemode_walk_cf_freqpercentcat1",NA,"percent_field","Daily or almost daily",NA,"Enter % of population that fits this category.","Daily or almost daily",NA,NA,NA,NA,NA,NA,NA,NA,NA,NA,NA,NA
"795","Active modes data","raw_activemode_walk_ref_freqpercentcat1",NA,"percent_field","Daily or almost daily",NA,"Enter % of population that fits this category.","Daily or almost daily",NA,NA,NA,NA,NA,NA,NA,NA,NA,NA,NA,NA
"796","Active modes data","raw_activemode_walk_cf_freqpercentcat2",NA,"percent_field","1-3 days per week",NA,"Enter % of population that fits this category.","1-3 days per week",NA,NA,NA,NA,NA,NA,NA,NA,NA,NA,NA,NA
"797","Active modes data","raw_activemode_walk_ref_freqpercentcat2",NA,"percent_field","1-3 days per week",NA,"Enter % of population that fits this category.","1-3 days per week",NA,NA,NA,NA,NA,NA,NA,NA,NA,NA,NA,NA
"798","Active modes data","raw_activemode_walk_cf_freqpercentcat3",NA,"percent_field","1-3 days per month",NA,"Enter % of population that fits this category.","1-3 days per month",NA,NA,NA,NA,NA,NA,NA,NA,NA,NA,NA,NA
"799","Active modes data","raw_activemode_walk_ref_freqpercentcat3",NA,"percent_field","1-3 days per month",NA,"Enter % of population that fits this category.","1-3 days per month",NA,NA,NA,NA,NA,NA,NA,NA,NA,NA,NA,NA
"800","Active modes data","raw_activemode_walk_cf_freqpercentcat4",NA,"percent_field","Less than once per month",NA,"Enter % of population that fits this category.","Less than once per month",NA,NA,NA,NA,NA,NA,NA,NA,NA,NA,NA,NA
"801","Active modes data","raw_activemode_walk_ref_freqpercentcat4",NA,"percent_field","Less than once per month",NA,"Enter % of population that fits this category.","Less than once per month",NA,NA,NA,NA,NA,NA,NA,NA,NA,NA,NA,NA
"802","Active modes data","raw_activemode_walk_cf_freqpercentcat5",NA,"percent_field","Never",NA,"Enter % of population that fits this category.","Never",NA,NA,NA,NA,NA,NA,NA,NA,NA,NA,NA,NA
"803","Active modes data","raw_activemode_walk_ref_freqpercentcat5",NA,"percent_field","Never",NA,"Enter % of population that fits this category.","Never",NA,NA,NA,NA,NA,NA,NA,NA,NA,NA,NA,NA
"804","Active modes data","raw_activemode_walk_cf_modesharepercent",NA,"percent_field","#tmpl#
{% if ""[activemode]"" == ""walk"" %} Walking 
{% elseif ""[activemode]"" == ""bike"" %} Cycling 
{% elseif ""[activemode]"" == ""ebike"" %} E-biking
{% elseif ""[activemode]"" == ""ebike25"" %} Slow e-biking (<25 km/h) 
{% elseif ""[activemode]"" == ""ebike45"" %} Fast e-biking (<45 km/h) 
{% elseif ""[activemode]"" == ""bikeshare"" %} Bike-sharing 
{% elseif ""[activemode]"" == ""run"" %} Running 
{% endif %} 
mode share (%)","Mode share is a %-figure of total travel (by all modes). Provide the total travel volume further below.",NA,"Mode share percentage",NA,NA,NA,NA,NA,NA,NA,NA,NA,NA,NA,NA
"805","Active modes data","raw_activemode_walk_ref_modesharepercent",NA,"percent_field","#tmpl#
{% if ""[activemode]"" == ""walk"" %} Walking 
{% elseif ""[activemode]"" == ""bike"" %} Cycling 
{% elseif ""[activemode]"" == ""ebike"" %} E-biking
{% elseif ""[activemode]"" == ""ebike25"" %} Slow e-biking (<25 km/h) 
{% elseif ""[activemode]"" == ""ebike45"" %} Fast e-biking (<45 km/h) 
{% elseif ""[activemode]"" == ""bikeshare"" %} Bike-sharing 
{% elseif ""[activemode]"" == ""run"" %} Running 
{% endif %} 
mode share (%)","Mode share is a %-figure of total travel (by all modes). Provide the total travel volume further below.",NA,"Mode share percentage",NA,NA,NA,NA,NA,NA,NA,NA,NA,NA,NA,NA
"806","Active modes data","raw_activemode_walk_cf_number",NA,"number_field_only_positive","<b>Amount</b>","Must be in specified unit <b>per person, per day</b>.",NA,NA,NA,NA,NA,NA,NA,NA,NA,NA,NA,NA,NA,NA
"807","Active modes data","raw_activemode_walk_ref_number",NA,"number_field_only_positive","<b>Amount</b>","Must be in specified unit <b>per person, per day</b>.",NA,NA,NA,NA,NA,NA,NA,NA,NA,NA,NA,NA,NA,NA
"808","Active modes data","raw_activemode_walk_cf_source","app","single_choice_dropdown_dependent_condition","Data source",NA,NA,"App-based data",NA,NA,NA,NA,NA,NA,NA,NA,NA,NA,NA,NA
"809","Active modes data","raw_activemode_walk_ref_source","app","single_choice_dropdown_dependent_condition","Data source",NA,NA,"App-based data",NA,NA,NA,NA,NA,NA,NA,NA,NA,NA,NA,NA
"810","Active modes data","raw_activemode_walk_cf_source","bikeshare","single_choice_dropdown_dependent_condition","Data source",NA,NA,"Bike share data",NA,NA,NA,NA,NA,NA,NA,NA,NA,NA,NA,NA
"811","Active modes data","raw_activemode_walk_ref_source","bikeshare","single_choice_dropdown_dependent_condition","Data source",NA,NA,"Bike share data",NA,NA,NA,NA,NA,NA,NA,NA,NA,NA,NA,NA
"812","Active modes data","raw_activemode_walk_cf_source","counts","single_choice_dropdown_dependent_condition","Data source",NA,NA,"Count data",NA,NA,NA,NA,NA,NA,NA,NA,NA,NA,NA,NA
"813","Active modes data","raw_activemode_walk_ref_source","counts","single_choice_dropdown_dependent_condition","Data source",NA,NA,"Count data",NA,NA,NA,NA,NA,NA,NA,NA,NA,NA,NA,NA
"814","Active modes data","raw_activemode_walk_cf_source","intercept","single_choice_dropdown_dependent_condition","Data source",NA,NA,"Intercept survey",NA,NA,NA,NA,NA,NA,NA,NA,NA,NA,NA,NA
"815","Active modes data","raw_activemode_walk_ref_source","intercept","single_choice_dropdown_dependent_condition","Data source",NA,NA,"Intercept survey",NA,NA,NA,NA,NA,NA,NA,NA,NA,NA,NA,NA
"816","Active modes data","raw_activemode_walk_cf_source","model","single_choice_dropdown_dependent_condition","Data source",NA,NA,"Modeled data",NA,NA,NA,NA,NA,NA,NA,NA,NA,NA,NA,NA
"817","Active modes data","raw_activemode_walk_ref_source","model","single_choice_dropdown_dependent_condition","Data source",NA,NA,"Modeled data",NA,NA,NA,NA,NA,NA,NA,NA,NA,NA,NA,NA
"818","Active modes data","raw_activemode_walk_cf_source","popsurvey","single_choice_dropdown_dependent_condition","Data source",NA,NA,"Population survey",NA,NA,NA,NA,NA,NA,NA,NA,NA,NA,NA,NA
"819","Active modes data","raw_activemode_walk_ref_source","popsurvey","single_choice_dropdown_dependent_condition","Data source",NA,NA,"Population survey",NA,NA,NA,NA,NA,NA,NA,NA,NA,NA,NA,NA
"820","Active modes data","raw_activemode_walk_cf_source","scenario","single_choice_dropdown_dependent_condition","Data source",NA,NA,"Hypothetical scenario",NA,NA,NA,NA,NA,NA,NA,NA,NA,NA,NA,NA
"821","Active modes data","raw_activemode_walk_ref_source","scenario","single_choice_dropdown_dependent_condition","Data source",NA,NA,"Hypothetical scenario",NA,NA,NA,NA,NA,NA,NA,NA,NA,NA,NA,NA
"822","Active modes data","raw_activemode_walk_cf_tripkm",NA,"number_field_only_positive","Trip length","#tmpl#
Specify average length of 
{% if ""[activemode]"" == ""walk"" %} walking 
{% elseif ""[activemode]"" == ""bike"" %} cycling 
{% elseif ""[activemode]"" == ""ebike"" %} e-biking
{% elseif ""[activemode]"" == ""ebike25"" %} slow e-biking (<25 km/h) 
{% elseif ""[activemode]"" == ""ebike45"" %} fast e-biking (<45 km/h) 
{% elseif ""[activemode]"" == ""bikeshare"" %} bike-sharing 
{% elseif ""[activemode]"" == ""run"" %} running 
{% endif %} 
trips in km, or use the default value provided below.",NA,NA,NA,"raw_activemode_[activemode]_[comparisoncase]_tripkm","Default distance assigned to a walk trip (km)","ui_default_value","double",1.3,"km","c('raw_activemode_walk_cf_source') %in% names(input) & c('raw_activemode_walk_cf_unit') %in% names(input) & all(c('raw_activemode_walk_cf_alltripsunit') %in% names(input)) &  (any(c('bikeshare') %in% input[['raw_activemode_walk_cf_source']]) | any(c('trips', 'freq', 'modeshare') %in% input[['raw_activemode_walk_cf_unit']]) | any(c('trips') %in% input[[' raw_activemode_walk_cf _alltripsunit']]) )",NA,NA,NA,NA
"823","Active modes data","raw_activemode_walk_ref_tripkm",NA,"number_field_only_positive","Trip length","#tmpl#
Specify average length of 
{% if ""[activemode]"" == ""walk"" %} walking 
{% elseif ""[activemode]"" == ""bike"" %} cycling 
{% elseif ""[activemode]"" == ""ebike"" %} e-biking
{% elseif ""[activemode]"" == ""ebike25"" %} slow e-biking (<25 km/h) 
{% elseif ""[activemode]"" == ""ebike45"" %} fast e-biking (<45 km/h) 
{% elseif ""[activemode]"" == ""bikeshare"" %} bike-sharing 
{% elseif ""[activemode]"" == ""run"" %} running 
{% endif %} 
trips in km, or use the default value provided below.",NA,NA,NA,"raw_activemode_[activemode]_[comparisoncase]_tripkm","Default distance assigned to a walk trip (km)","ui_default_value","double",1.3,"km","c('raw_activemode_walk_ref_source') %in% names(input) & c('raw_activemode_walk_ref_unit') %in% names(input) & all(c('raw_activemode_walk_ref_alltripsunit') %in% names(input)) &  (any(c('bikeshare') %in% input[['raw_activemode_walk_ref_source']]) | any(c('trips', 'freq', 'modeshare') %in% input[['raw_activemode_walk_ref_unit']]) | any(c('trips') %in% input[[' raw_activemode_walk_ref _alltripsunit']]) )",NA,NA,NA,NA
"824","Active modes data","raw_activemode_walk_cf_tripsperday",NA,"number_field_only_positive","Number of trips per day","#tmpl#
Specify the average number of 
{% if ""[activemode]"" == ""walk"" %} walking 
{% elseif ""[activemode]"" == ""bike"" %} cycling 
{% elseif ""[activemode]"" == ""ebike"" %} e-biking
{% elseif ""[activemode]"" == ""ebike25"" %} slow e-biking (<25 km/h) 
{% elseif ""[activemode]"" == ""ebike45"" %} fast e-biking (<45 km/h) 
{% elseif ""[activemode]"" == ""bikeshare"" %} bike-sharing 
{% elseif ""[activemode]"" == ""run"" %} running 
{% endif %} 
trips per day, or use the default value provided.",NA,NA,NA,"raw_activemode_[activemode]_[comparisoncase]_tripsperday","Default number of walk trips taken by an average person on an average travel day (i.e. averaged over days when walk is actually used)","ui_default_value","double",2,"trips","c('raw_activemode_walk_cf_unit') %in% names(input)  & any(c('freq') %in% input[['raw_activemode_walk_cf_unit']])",NA,NA,NA,NA
"825","Active modes data","raw_activemode_walk_ref_tripsperday",NA,"number_field_only_positive","Number of trips per day","#tmpl#
Specify the average number of 
{% if ""[activemode]"" == ""walk"" %} walking 
{% elseif ""[activemode]"" == ""bike"" %} cycling 
{% elseif ""[activemode]"" == ""ebike"" %} e-biking
{% elseif ""[activemode]"" == ""ebike25"" %} slow e-biking (<25 km/h) 
{% elseif ""[activemode]"" == ""ebike45"" %} fast e-biking (<45 km/h) 
{% elseif ""[activemode]"" == ""bikeshare"" %} bike-sharing 
{% elseif ""[activemode]"" == ""run"" %} running 
{% endif %} 
trips per day, or use the default value provided.",NA,NA,NA,"raw_activemode_[activemode]_[comparisoncase]_tripsperday","Default number of walk trips taken by an average person on an average travel day (i.e. averaged over days when walk is actually used)","ui_default_value","double",2,"trips","c('raw_activemode_walk_ref_unit') %in% names(input)  & any(c('freq') %in% input[['raw_activemode_walk_ref_unit']])",NA,NA,NA,NA
"826","Active modes data","raw_activemode_walk_cf_unit","change","single_choice_dropdown_dependent_condition","Data unit or type",NA,NA,"Percent change",NA,NA,NA,NA,NA,NA,NA,NA,NA,NA,NA,NA
"827","Active modes data","raw_activemode_walk_ref_unit","change","single_choice_dropdown_dependent_condition","Data unit or type",NA,NA,"Percent change",NA,NA,NA,NA,NA,NA,NA,NA,NA,NA,NA,NA
"828","Active modes data","raw_activemode_walk_cf_unit","contcounts","single_choice_dropdown_dependent_condition","Data unit or type",NA,NA,"Continuous counts",NA,NA,NA,NA,NA,NA,NA,NA,NA,NA,NA,NA
"829","Active modes data","raw_activemode_walk_ref_unit","contcounts","single_choice_dropdown_dependent_condition","Data unit or type",NA,NA,"Continuous counts",NA,NA,NA,NA,NA,NA,NA,NA,NA,NA,NA,NA
"830","Active modes data","raw_activemode_walk_cf_unit","freq","single_choice_dropdown_dependent_condition","Data unit or type",NA,NA,"Frequency categories",NA,NA,NA,NA,NA,NA,NA,NA,NA,NA,NA,NA
"831","Active modes data","raw_activemode_walk_ref_unit","freq","single_choice_dropdown_dependent_condition","Data unit or type",NA,NA,"Frequency categories",NA,NA,NA,NA,NA,NA,NA,NA,NA,NA,NA,NA
"832","Active modes data","raw_activemode_walk_cf_unit","hrs","single_choice_dropdown_dependent_condition","Data unit or type",NA,NA,"Hours",NA,NA,NA,NA,NA,NA,NA,NA,NA,NA,NA,NA
"833","Active modes data","raw_activemode_walk_ref_unit","hrs","single_choice_dropdown_dependent_condition","Data unit or type",NA,NA,"Hours",NA,NA,NA,NA,NA,NA,NA,NA,NA,NA,NA,NA
"834","Active modes data","raw_activemode_walk_cf_unit","km","single_choice_dropdown_dependent_condition","Data unit or type",NA,NA,"Km",NA,NA,NA,NA,NA,NA,NA,NA,NA,NA,NA,NA
"835","Active modes data","raw_activemode_walk_ref_unit","km","single_choice_dropdown_dependent_condition","Data unit or type",NA,NA,"Km",NA,NA,NA,NA,NA,NA,NA,NA,NA,NA,NA,NA
"836","Active modes data","raw_activemode_walk_cf_unit","min","single_choice_dropdown_dependent_condition","Data unit or type",NA,NA,"Minutes",NA,NA,NA,NA,NA,NA,NA,NA,NA,NA,NA,NA
"837","Active modes data","raw_activemode_walk_ref_unit","min","single_choice_dropdown_dependent_condition","Data unit or type",NA,NA,"Minutes",NA,NA,NA,NA,NA,NA,NA,NA,NA,NA,NA,NA
"838","Active modes data","raw_activemode_walk_cf_unit","mls","single_choice_dropdown_dependent_condition","Data unit or type",NA,NA,"Miles",NA,NA,NA,NA,NA,NA,NA,NA,NA,NA,NA,NA
"839","Active modes data","raw_activemode_walk_ref_unit","mls","single_choice_dropdown_dependent_condition","Data unit or type",NA,NA,"Miles",NA,NA,NA,NA,NA,NA,NA,NA,NA,NA,NA,NA
"840","Active modes data","raw_activemode_walk_cf_unit","modeshare","single_choice_dropdown_dependent_condition","Data unit or type",NA,NA,"Mode share",NA,NA,NA,NA,NA,NA,NA,NA,NA,NA,NA,NA
"841","Active modes data","raw_activemode_walk_ref_unit","modeshare","single_choice_dropdown_dependent_condition","Data unit or type",NA,NA,"Mode share",NA,NA,NA,NA,NA,NA,NA,NA,NA,NA,NA,NA
"842","Active modes data","raw_activemode_walk_cf_unit","shortcounts","single_choice_dropdown_dependent_condition","Data unit or type",NA,NA,"Short term counts",NA,NA,NA,NA,NA,NA,NA,NA,NA,NA,NA,NA
"843","Active modes data","raw_activemode_walk_ref_unit","shortcounts","single_choice_dropdown_dependent_condition","Data unit or type",NA,NA,"Short term counts",NA,NA,NA,NA,NA,NA,NA,NA,NA,NA,NA,NA
"844","Active modes data","raw_activemode_walk_cf_unit","steps","single_choice_dropdown_dependent_condition","Data unit or type",NA,NA,"Steps",NA,NA,NA,NA,NA,NA,NA,NA,NA,NA,NA,NA
"845","Active modes data","raw_activemode_walk_ref_unit","steps","single_choice_dropdown_dependent_condition","Data unit or type",NA,NA,"Steps",NA,NA,NA,NA,NA,NA,NA,NA,NA,NA,NA,NA
"846","Active modes data","raw_activemode_walk_cf_unit","trips","single_choice_dropdown_dependent_condition","Data unit or type",NA,NA,"Trips",NA,NA,NA,NA,NA,NA,NA,NA,NA,NA,NA,NA
"847","Active modes data","raw_activemode_walk_ref_unit","trips","single_choice_dropdown_dependent_condition","Data unit or type",NA,NA,"Trips",NA,NA,NA,NA,NA,NA,NA,NA,NA,NA,NA,NA
"848","Fatality rates for crashes","crashdata_denominator_bike_cf",NA,"number_field_only_positive","#tmpl#
Corresponding annual total of 
{% if ""[active_mode]"" == ""walk"" %} walking 
{% elseif ""[active_mode]"" == ""bike"" %} cycling 
{% elseif ""[active_mode]"" == ""ebike"" %} e-biking
{% elseif ""[active_mode]"" == ""ebike25"" %} slow e-biking (<25 km/h) 
{% elseif ""[active_mode]"" == ""ebike45"" %} fast e-biking (<45 km/h) 
{% elseif ""[active_mode]"" == ""bikeshare"" %} bike-sharing 
{% elseif ""[active_mode]"" == ""run"" %} running 
{% endif %} 
in the 
{% if ""[comparison_case]"" == ""ref"" %} reference case
{% elseif ""[comparison_case]"" == ""cf"" %} comparison case
{% endif %}
, for the population, in which above fatalities were observed (in km). 

{% if '[denominator__value]' != ""heat_NA"" %}
({% if ""[denominator__geolevel_type]"" == ""sub1"" %}Assessment area-wide
{% elseif ""[denominator__geolevel_type]"" == ""sub2"" %}Assessment area-wide
{% elseif ""[denominator__geolevel_type]"" == ""city"" %}City-level
{% elseif ""[denominator__geolevel_type]"" == ""country"" %}Country-level
{% endif %}
data from {% if '[denominator__source]' != ""heat_NA"" %}[denominator__source]{% else %}No data source available{% endif %})
{% else %}(No total travel distance data available in HEAT background data)
{% endif %}
<br>",NA,"This is the denominator for the fatality rate, also known as ""exposure"". It is the total amount of active travel that led to the fatalities provided above. Figure should be ""total km per year"".<br> Prefilled if available in HEAT background data. Adjust as needed.",NA,NA,NA,NA,NA,NA,NA,NA,NA,NA,NA,NA,NA
"849","Fatality rates for crashes","crashdata_denominator_bike_ref",NA,"number_field_only_positive","#tmpl#
Corresponding annual total of 
{% if ""[active_mode]"" == ""walk"" %} walking 
{% elseif ""[active_mode]"" == ""bike"" %} cycling 
{% elseif ""[active_mode]"" == ""ebike"" %} e-biking
{% elseif ""[active_mode]"" == ""ebike25"" %} slow e-biking (<25 km/h) 
{% elseif ""[active_mode]"" == ""ebike45"" %} fast e-biking (<45 km/h) 
{% elseif ""[active_mode]"" == ""bikeshare"" %} bike-sharing 
{% elseif ""[active_mode]"" == ""run"" %} running 
{% endif %} 
in the 
{% if ""[comparison_case]"" == ""ref"" %} reference case
{% elseif ""[comparison_case]"" == ""cf"" %} comparison case
{% endif %}
, for the population, in which above fatalities were observed (in km). 

{% if '[denominator__value]' != ""heat_NA"" %}
({% if ""[denominator__geolevel_type]"" == ""sub1"" %}Assessment area-wide
{% elseif ""[denominator__geolevel_type]"" == ""sub2"" %}Assessment area-wide
{% elseif ""[denominator__geolevel_type]"" == ""city"" %}City-level
{% elseif ""[denominator__geolevel_type]"" == ""country"" %}Country-level
{% endif %}
data from {% if '[denominator__source]' != ""heat_NA"" %}[denominator__source]{% else %}No data source available{% endif %})
{% else %}(No total travel distance data available in HEAT background data)
{% endif %}
<br>",NA,"This is the denominator for the fatality rate, also known as ""exposure"". It is the total amount of active travel that led to the fatalities provided above. Figure should be ""total km per year"".<br> Prefilled if available in HEAT background data. Adjust as needed.",NA,NA,NA,NA,NA,NA,NA,NA,NA,NA,NA,NA,NA
"850","Fatality rates for crashes","crashdata_denominator_bikeshare_cf",NA,"number_field_only_positive","#tmpl#
Corresponding annual total of 
{% if ""[active_mode]"" == ""walk"" %} walking 
{% elseif ""[active_mode]"" == ""bike"" %} cycling 
{% elseif ""[active_mode]"" == ""ebike"" %} e-biking
{% elseif ""[active_mode]"" == ""ebike25"" %} slow e-biking (<25 km/h) 
{% elseif ""[active_mode]"" == ""ebike45"" %} fast e-biking (<45 km/h) 
{% elseif ""[active_mode]"" == ""bikeshare"" %} bike-sharing 
{% elseif ""[active_mode]"" == ""run"" %} running 
{% endif %} 
in the 
{% if ""[comparison_case]"" == ""ref"" %} reference case
{% elseif ""[comparison_case]"" == ""cf"" %} comparison case
{% endif %}
, for the population, in which above fatalities were observed (in km). 

{% if '[denominator__value]' != ""heat_NA"" %}
({% if ""[denominator__geolevel_type]"" == ""sub1"" %}Assessment area-wide
{% elseif ""[denominator__geolevel_type]"" == ""sub2"" %}Assessment area-wide
{% elseif ""[denominator__geolevel_type]"" == ""city"" %}City-level
{% elseif ""[denominator__geolevel_type]"" == ""country"" %}Country-level
{% endif %}
data from {% if '[denominator__source]' != ""heat_NA"" %}[denominator__source]{% else %}No data source available{% endif %})
{% else %}(No total travel distance data available in HEAT background data)
{% endif %}
<br>",NA,"This is the denominator for the fatality rate, also known as ""exposure"". It is the total amount of active travel that led to the fatalities provided above. Figure should be ""total km per year"".<br> Prefilled if available in HEAT background data. Adjust as needed.",NA,NA,NA,NA,NA,NA,NA,NA,NA,NA,NA,NA,NA
"851","Fatality rates for crashes","crashdata_denominator_bikeshare_ref",NA,"number_field_only_positive","#tmpl#
Corresponding annual total of 
{% if ""[active_mode]"" == ""walk"" %} walking 
{% elseif ""[active_mode]"" == ""bike"" %} cycling 
{% elseif ""[active_mode]"" == ""ebike"" %} e-biking
{% elseif ""[active_mode]"" == ""ebike25"" %} slow e-biking (<25 km/h) 
{% elseif ""[active_mode]"" == ""ebike45"" %} fast e-biking (<45 km/h) 
{% elseif ""[active_mode]"" == ""bikeshare"" %} bike-sharing 
{% elseif ""[active_mode]"" == ""run"" %} running 
{% endif %} 
in the 
{% if ""[comparison_case]"" == ""ref"" %} reference case
{% elseif ""[comparison_case]"" == ""cf"" %} comparison case
{% endif %}
, for the population, in which above fatalities were observed (in km). 

{% if '[denominator__value]' != ""heat_NA"" %}
({% if ""[denominator__geolevel_type]"" == ""sub1"" %}Assessment area-wide
{% elseif ""[denominator__geolevel_type]"" == ""sub2"" %}Assessment area-wide
{% elseif ""[denominator__geolevel_type]"" == ""city"" %}City-level
{% elseif ""[denominator__geolevel_type]"" == ""country"" %}Country-level
{% endif %}
data from {% if '[denominator__source]' != ""heat_NA"" %}[denominator__source]{% else %}No data source available{% endif %})
{% else %}(No total travel distance data available in HEAT background data)
{% endif %}
<br>",NA,"This is the denominator for the fatality rate, also known as ""exposure"". It is the total amount of active travel that led to the fatalities provided above. Figure should be ""total km per year"".<br> Prefilled if available in HEAT background data. Adjust as needed.",NA,NA,NA,NA,NA,NA,NA,NA,NA,NA,NA,NA,NA
"852","Fatality rates for crashes","crashdata_denominator_ebike_cf",NA,"number_field_only_positive","#tmpl#
Corresponding annual total of 
{% if ""[active_mode]"" == ""walk"" %} walking 
{% elseif ""[active_mode]"" == ""bike"" %} cycling 
{% elseif ""[active_mode]"" == ""ebike"" %} e-biking
{% elseif ""[active_mode]"" == ""ebike25"" %} slow e-biking (<25 km/h) 
{% elseif ""[active_mode]"" == ""ebike45"" %} fast e-biking (<45 km/h) 
{% elseif ""[active_mode]"" == ""bikeshare"" %} bike-sharing 
{% elseif ""[active_mode]"" == ""run"" %} running 
{% endif %} 
in the 
{% if ""[comparison_case]"" == ""ref"" %} reference case
{% elseif ""[comparison_case]"" == ""cf"" %} comparison case
{% endif %}
, for the population, in which above fatalities were observed (in km). 

{% if '[denominator__value]' != ""heat_NA"" %}
({% if ""[denominator__geolevel_type]"" == ""sub1"" %}Assessment area-wide
{% elseif ""[denominator__geolevel_type]"" == ""sub2"" %}Assessment area-wide
{% elseif ""[denominator__geolevel_type]"" == ""city"" %}City-level
{% elseif ""[denominator__geolevel_type]"" == ""country"" %}Country-level
{% endif %}
data from {% if '[denominator__source]' != ""heat_NA"" %}[denominator__source]{% else %}No data source available{% endif %})
{% else %}(No total travel distance data available in HEAT background data)
{% endif %}
<br>",NA,"This is the denominator for the fatality rate, also known as ""exposure"". It is the total amount of active travel that led to the fatalities provided above. Figure should be ""total km per year"".<br> Prefilled if available in HEAT background data. Adjust as needed.",NA,NA,NA,NA,NA,NA,NA,NA,NA,NA,NA,NA,NA
"853","Fatality rates for crashes","crashdata_denominator_ebike_ref",NA,"number_field_only_positive","#tmpl#
Corresponding annual total of 
{% if ""[active_mode]"" == ""walk"" %} walking 
{% elseif ""[active_mode]"" == ""bike"" %} cycling 
{% elseif ""[active_mode]"" == ""ebike"" %} e-biking
{% elseif ""[active_mode]"" == ""ebike25"" %} slow e-biking (<25 km/h) 
{% elseif ""[active_mode]"" == ""ebike45"" %} fast e-biking (<45 km/h) 
{% elseif ""[active_mode]"" == ""bikeshare"" %} bike-sharing 
{% elseif ""[active_mode]"" == ""run"" %} running 
{% endif %} 
in the 
{% if ""[comparison_case]"" == ""ref"" %} reference case
{% elseif ""[comparison_case]"" == ""cf"" %} comparison case
{% endif %}
, for the population, in which above fatalities were observed (in km). 

{% if '[denominator__value]' != ""heat_NA"" %}
({% if ""[denominator__geolevel_type]"" == ""sub1"" %}Assessment area-wide
{% elseif ""[denominator__geolevel_type]"" == ""sub2"" %}Assessment area-wide
{% elseif ""[denominator__geolevel_type]"" == ""city"" %}City-level
{% elseif ""[denominator__geolevel_type]"" == ""country"" %}Country-level
{% endif %}
data from {% if '[denominator__source]' != ""heat_NA"" %}[denominator__source]{% else %}No data source available{% endif %})
{% else %}(No total travel distance data available in HEAT background data)
{% endif %}
<br>",NA,"This is the denominator for the fatality rate, also known as ""exposure"". It is the total amount of active travel that led to the fatalities provided above. Figure should be ""total km per year"".<br> Prefilled if available in HEAT background data. Adjust as needed.",NA,NA,NA,NA,NA,NA,NA,NA,NA,NA,NA,NA,NA
"854","Fatality rates for crashes","crashdata_denominator_ebike25_cf",NA,"number_field_only_positive","#tmpl#
Corresponding annual total of 
{% if ""[active_mode]"" == ""walk"" %} walking 
{% elseif ""[active_mode]"" == ""bike"" %} cycling 
{% elseif ""[active_mode]"" == ""ebike"" %} e-biking
{% elseif ""[active_mode]"" == ""ebike25"" %} slow e-biking (<25 km/h) 
{% elseif ""[active_mode]"" == ""ebike45"" %} fast e-biking (<45 km/h) 
{% elseif ""[active_mode]"" == ""bikeshare"" %} bike-sharing 
{% elseif ""[active_mode]"" == ""run"" %} running 
{% endif %} 
in the 
{% if ""[comparison_case]"" == ""ref"" %} reference case
{% elseif ""[comparison_case]"" == ""cf"" %} comparison case
{% endif %}
, for the population, in which above fatalities were observed (in km). 

{% if '[denominator__value]' != ""heat_NA"" %}
({% if ""[denominator__geolevel_type]"" == ""sub1"" %}Assessment area-wide
{% elseif ""[denominator__geolevel_type]"" == ""sub2"" %}Assessment area-wide
{% elseif ""[denominator__geolevel_type]"" == ""city"" %}City-level
{% elseif ""[denominator__geolevel_type]"" == ""country"" %}Country-level
{% endif %}
data from {% if '[denominator__source]' != ""heat_NA"" %}[denominator__source]{% else %}No data source available{% endif %})
{% else %}(No total travel distance data available in HEAT background data)
{% endif %}
<br>",NA,"This is the denominator for the fatality rate, also known as ""exposure"". It is the total amount of active travel that led to the fatalities provided above. Figure should be ""total km per year"".<br> Prefilled if available in HEAT background data. Adjust as needed.",NA,NA,NA,NA,NA,NA,NA,NA,NA,NA,NA,NA,NA
"855","Fatality rates for crashes","crashdata_denominator_ebike25_ref",NA,"number_field_only_positive","#tmpl#
Corresponding annual total of 
{% if ""[active_mode]"" == ""walk"" %} walking 
{% elseif ""[active_mode]"" == ""bike"" %} cycling 
{% elseif ""[active_mode]"" == ""ebike"" %} e-biking
{% elseif ""[active_mode]"" == ""ebike25"" %} slow e-biking (<25 km/h) 
{% elseif ""[active_mode]"" == ""ebike45"" %} fast e-biking (<45 km/h) 
{% elseif ""[active_mode]"" == ""bikeshare"" %} bike-sharing 
{% elseif ""[active_mode]"" == ""run"" %} running 
{% endif %} 
in the 
{% if ""[comparison_case]"" == ""ref"" %} reference case
{% elseif ""[comparison_case]"" == ""cf"" %} comparison case
{% endif %}
, for the population, in which above fatalities were observed (in km). 

{% if '[denominator__value]' != ""heat_NA"" %}
({% if ""[denominator__geolevel_type]"" == ""sub1"" %}Assessment area-wide
{% elseif ""[denominator__geolevel_type]"" == ""sub2"" %}Assessment area-wide
{% elseif ""[denominator__geolevel_type]"" == ""city"" %}City-level
{% elseif ""[denominator__geolevel_type]"" == ""country"" %}Country-level
{% endif %}
data from {% if '[denominator__source]' != ""heat_NA"" %}[denominator__source]{% else %}No data source available{% endif %})
{% else %}(No total travel distance data available in HEAT background data)
{% endif %}
<br>",NA,"This is the denominator for the fatality rate, also known as ""exposure"". It is the total amount of active travel that led to the fatalities provided above. Figure should be ""total km per year"".<br> Prefilled if available in HEAT background data. Adjust as needed.",NA,NA,NA,NA,NA,NA,NA,NA,NA,NA,NA,NA,NA
"856","Fatality rates for crashes","crashdata_denominator_ebike45_cf",NA,"number_field_only_positive","#tmpl#
Corresponding annual total of 
{% if ""[active_mode]"" == ""walk"" %} walking 
{% elseif ""[active_mode]"" == ""bike"" %} cycling 
{% elseif ""[active_mode]"" == ""ebike"" %} e-biking
{% elseif ""[active_mode]"" == ""ebike25"" %} slow e-biking (<25 km/h) 
{% elseif ""[active_mode]"" == ""ebike45"" %} fast e-biking (<45 km/h) 
{% elseif ""[active_mode]"" == ""bikeshare"" %} bike-sharing 
{% elseif ""[active_mode]"" == ""run"" %} running 
{% endif %} 
in the 
{% if ""[comparison_case]"" == ""ref"" %} reference case
{% elseif ""[comparison_case]"" == ""cf"" %} comparison case
{% endif %}
, for the population, in which above fatalities were observed (in km). 

{% if '[denominator__value]' != ""heat_NA"" %}
({% if ""[denominator__geolevel_type]"" == ""sub1"" %}Assessment area-wide
{% elseif ""[denominator__geolevel_type]"" == ""sub2"" %}Assessment area-wide
{% elseif ""[denominator__geolevel_type]"" == ""city"" %}City-level
{% elseif ""[denominator__geolevel_type]"" == ""country"" %}Country-level
{% endif %}
data from {% if '[denominator__source]' != ""heat_NA"" %}[denominator__source]{% else %}No data source available{% endif %})
{% else %}(No total travel distance data available in HEAT background data)
{% endif %}
<br>",NA,"This is the denominator for the fatality rate, also known as ""exposure"". It is the total amount of active travel that led to the fatalities provided above. Figure should be ""total km per year"".<br> Prefilled if available in HEAT background data. Adjust as needed.",NA,NA,NA,NA,NA,NA,NA,NA,NA,NA,NA,NA,NA
"857","Fatality rates for crashes","crashdata_denominator_ebike45_ref",NA,"number_field_only_positive","#tmpl#
Corresponding annual total of 
{% if ""[active_mode]"" == ""walk"" %} walking 
{% elseif ""[active_mode]"" == ""bike"" %} cycling 
{% elseif ""[active_mode]"" == ""ebike"" %} e-biking
{% elseif ""[active_mode]"" == ""ebike25"" %} slow e-biking (<25 km/h) 
{% elseif ""[active_mode]"" == ""ebike45"" %} fast e-biking (<45 km/h) 
{% elseif ""[active_mode]"" == ""bikeshare"" %} bike-sharing 
{% elseif ""[active_mode]"" == ""run"" %} running 
{% endif %} 
in the 
{% if ""[comparison_case]"" == ""ref"" %} reference case
{% elseif ""[comparison_case]"" == ""cf"" %} comparison case
{% endif %}
, for the population, in which above fatalities were observed (in km). 

{% if '[denominator__value]' != ""heat_NA"" %}
({% if ""[denominator__geolevel_type]"" == ""sub1"" %}Assessment area-wide
{% elseif ""[denominator__geolevel_type]"" == ""sub2"" %}Assessment area-wide
{% elseif ""[denominator__geolevel_type]"" == ""city"" %}City-level
{% elseif ""[denominator__geolevel_type]"" == ""country"" %}Country-level
{% endif %}
data from {% if '[denominator__source]' != ""heat_NA"" %}[denominator__source]{% else %}No data source available{% endif %})
{% else %}(No total travel distance data available in HEAT background data)
{% endif %}
<br>",NA,"This is the denominator for the fatality rate, also known as ""exposure"". It is the total amount of active travel that led to the fatalities provided above. Figure should be ""total km per year"".<br> Prefilled if available in HEAT background data. Adjust as needed.",NA,NA,NA,NA,NA,NA,NA,NA,NA,NA,NA,NA,NA
"858","Fatality rates for crashes","crashdata_denominator_run_cf",NA,"number_field_only_positive","#tmpl#
Corresponding annual total of 
{% if ""[active_mode]"" == ""walk"" %} walking 
{% elseif ""[active_mode]"" == ""bike"" %} cycling 
{% elseif ""[active_mode]"" == ""ebike"" %} e-biking
{% elseif ""[active_mode]"" == ""ebike25"" %} slow e-biking (<25 km/h) 
{% elseif ""[active_mode]"" == ""ebike45"" %} fast e-biking (<45 km/h) 
{% elseif ""[active_mode]"" == ""bikeshare"" %} bike-sharing 
{% elseif ""[active_mode]"" == ""run"" %} running 
{% endif %} 
in the 
{% if ""[comparison_case]"" == ""ref"" %} reference case
{% elseif ""[comparison_case]"" == ""cf"" %} comparison case
{% endif %}
, for the population, in which above fatalities were observed (in km). 

{% if '[denominator__value]' != ""heat_NA"" %}
({% if ""[denominator__geolevel_type]"" == ""sub1"" %}Assessment area-wide
{% elseif ""[denominator__geolevel_type]"" == ""sub2"" %}Assessment area-wide
{% elseif ""[denominator__geolevel_type]"" == ""city"" %}City-level
{% elseif ""[denominator__geolevel_type]"" == ""country"" %}Country-level
{% endif %}
data from {% if '[denominator__source]' != ""heat_NA"" %}[denominator__source]{% else %}No data source available{% endif %})
{% else %}(No total travel distance data available in HEAT background data)
{% endif %}
<br>",NA,"This is the denominator for the fatality rate, also known as ""exposure"". It is the total amount of active travel that led to the fatalities provided above. Figure should be ""total km per year"".<br> Prefilled if available in HEAT background data. Adjust as needed.",NA,NA,NA,NA,NA,NA,NA,NA,NA,NA,NA,NA,NA
"859","Fatality rates for crashes","crashdata_denominator_run_ref",NA,"number_field_only_positive","#tmpl#
Corresponding annual total of 
{% if ""[active_mode]"" == ""walk"" %} walking 
{% elseif ""[active_mode]"" == ""bike"" %} cycling 
{% elseif ""[active_mode]"" == ""ebike"" %} e-biking
{% elseif ""[active_mode]"" == ""ebike25"" %} slow e-biking (<25 km/h) 
{% elseif ""[active_mode]"" == ""ebike45"" %} fast e-biking (<45 km/h) 
{% elseif ""[active_mode]"" == ""bikeshare"" %} bike-sharing 
{% elseif ""[active_mode]"" == ""run"" %} running 
{% endif %} 
in the 
{% if ""[comparison_case]"" == ""ref"" %} reference case
{% elseif ""[comparison_case]"" == ""cf"" %} comparison case
{% endif %}
, for the population, in which above fatalities were observed (in km). 

{% if '[denominator__value]' != ""heat_NA"" %}
({% if ""[denominator__geolevel_type]"" == ""sub1"" %}Assessment area-wide
{% elseif ""[denominator__geolevel_type]"" == ""sub2"" %}Assessment area-wide
{% elseif ""[denominator__geolevel_type]"" == ""city"" %}City-level
{% elseif ""[denominator__geolevel_type]"" == ""country"" %}Country-level
{% endif %}
data from {% if '[denominator__source]' != ""heat_NA"" %}[denominator__source]{% else %}No data source available{% endif %})
{% else %}(No total travel distance data available in HEAT background data)
{% endif %}
<br>",NA,"This is the denominator for the fatality rate, also known as ""exposure"". It is the total amount of active travel that led to the fatalities provided above. Figure should be ""total km per year"".<br> Prefilled if available in HEAT background data. Adjust as needed.",NA,NA,NA,NA,NA,NA,NA,NA,NA,NA,NA,NA,NA
"860","Fatality rates for crashes","crashdata_denominator_walk_cf",NA,"number_field_only_positive","#tmpl#
Corresponding annual total of 
{% if ""[active_mode]"" == ""walk"" %} walking 
{% elseif ""[active_mode]"" == ""bike"" %} cycling 
{% elseif ""[active_mode]"" == ""ebike"" %} e-biking
{% elseif ""[active_mode]"" == ""ebike25"" %} slow e-biking (<25 km/h) 
{% elseif ""[active_mode]"" == ""ebike45"" %} fast e-biking (<45 km/h) 
{% elseif ""[active_mode]"" == ""bikeshare"" %} bike-sharing 
{% elseif ""[active_mode]"" == ""run"" %} running 
{% endif %} 
in the 
{% if ""[comparison_case]"" == ""ref"" %} reference case
{% elseif ""[comparison_case]"" == ""cf"" %} comparison case
{% endif %}
, for the population, in which above fatalities were observed (in km). 

{% if '[denominator__value]' != ""heat_NA"" %}
({% if ""[denominator__geolevel_type]"" == ""sub1"" %}Assessment area-wide
{% elseif ""[denominator__geolevel_type]"" == ""sub2"" %}Assessment area-wide
{% elseif ""[denominator__geolevel_type]"" == ""city"" %}City-level
{% elseif ""[denominator__geolevel_type]"" == ""country"" %}Country-level
{% endif %}
data from {% if '[denominator__source]' != ""heat_NA"" %}[denominator__source]{% else %}No data source available{% endif %})
{% else %}(No total travel distance data available in HEAT background data)
{% endif %}
<br>",NA,"This is the denominator for the fatality rate, also known as ""exposure"". It is the total amount of active travel that led to the fatalities provided above. Figure should be ""total km per year"".<br> Prefilled if available in HEAT background data. Adjust as needed.",NA,NA,NA,NA,NA,NA,NA,NA,NA,NA,NA,NA,NA
"861","Fatality rates for crashes","crashdata_denominator_walk_ref",NA,"number_field_only_positive","#tmpl#
Corresponding annual total of 
{% if ""[active_mode]"" == ""walk"" %} walking 
{% elseif ""[active_mode]"" == ""bike"" %} cycling 
{% elseif ""[active_mode]"" == ""ebike"" %} e-biking
{% elseif ""[active_mode]"" == ""ebike25"" %} slow e-biking (<25 km/h) 
{% elseif ""[active_mode]"" == ""ebike45"" %} fast e-biking (<45 km/h) 
{% elseif ""[active_mode]"" == ""bikeshare"" %} bike-sharing 
{% elseif ""[active_mode]"" == ""run"" %} running 
{% endif %} 
in the 
{% if ""[comparison_case]"" == ""ref"" %} reference case
{% elseif ""[comparison_case]"" == ""cf"" %} comparison case
{% endif %}
, for the population, in which above fatalities were observed (in km). 

{% if '[denominator__value]' != ""heat_NA"" %}
({% if ""[denominator__geolevel_type]"" == ""sub1"" %}Assessment area-wide
{% elseif ""[denominator__geolevel_type]"" == ""sub2"" %}Assessment area-wide
{% elseif ""[denominator__geolevel_type]"" == ""city"" %}City-level
{% elseif ""[denominator__geolevel_type]"" == ""country"" %}Country-level
{% endif %}
data from {% if '[denominator__source]' != ""heat_NA"" %}[denominator__source]{% else %}No data source available{% endif %})
{% else %}(No total travel distance data available in HEAT background data)
{% endif %}
<br>",NA,"This is the denominator for the fatality rate, also known as ""exposure"". It is the total amount of active travel that led to the fatalities provided above. Figure should be ""total km per year"".<br> Prefilled if available in HEAT background data. Adjust as needed.",NA,NA,NA,NA,NA,NA,NA,NA,NA,NA,NA,NA,NA
"862","Fatality rates for crashes","crashdata_FR_ratio_ebike_bike_bike_cf",NA,"slider_number_1to2dot5","#tmpl#
{% if ""[active_mode]"" == ""ebike"" %}
Road fatality rate ratio for e-biking vs. cycling
{% endif %}","#tmpl#
{% if ""[active_mode]"" == ""ebike"" %} 
The default assumption for the ratio between the fatality rate for e-biking and cycling is 1.5 (implying that the risk of e-biking is 50 % higher compared to conventional cycling). You can adjust this ratio using the slider below. 
{% endif %}","Changing the slider will automatically recalculate the fatality rate used in the HEAT assessment.",NA,NA,NA,NA,NA,NA,NA,NA,NA,NA,NA,NA,NA
"863","Fatality rates for crashes","crashdata_FR_ratio_ebike_bike_bike_ref",NA,"slider_number_1to2dot5","#tmpl#
{% if ""[active_mode]"" == ""ebike"" %}
Road fatality rate ratio for e-biking vs. cycling
{% endif %}","#tmpl#
{% if ""[active_mode]"" == ""ebike"" %} 
The default assumption for the ratio between the fatality rate for e-biking and cycling is 1.5 (implying that the risk of e-biking is 50 % higher compared to conventional cycling). You can adjust this ratio using the slider below. 
{% endif %}","Changing the slider will automatically recalculate the fatality rate used in the HEAT assessment.",NA,NA,NA,NA,NA,NA,NA,NA,NA,NA,NA,NA,NA
"864","Fatality rates for crashes","crashdata_FR_ratio_ebike_bike_bikeshare_cf",NA,"slider_number_1to2dot5","#tmpl#
{% if ""[active_mode]"" == ""ebike"" %}
Road fatality rate ratio for e-biking vs. cycling
{% endif %}","#tmpl#
{% if ""[active_mode]"" == ""ebike"" %} 
The default assumption for the ratio between the fatality rate for e-biking and cycling is 1.5 (implying that the risk of e-biking is 50 % higher compared to conventional cycling). You can adjust this ratio using the slider below. 
{% endif %}","Changing the slider will automatically recalculate the fatality rate used in the HEAT assessment.",NA,NA,NA,NA,NA,NA,NA,NA,NA,NA,NA,NA,NA
"865","Fatality rates for crashes","crashdata_FR_ratio_ebike_bike_bikeshare_ref",NA,"slider_number_1to2dot5","#tmpl#
{% if ""[active_mode]"" == ""ebike"" %}
Road fatality rate ratio for e-biking vs. cycling
{% endif %}","#tmpl#
{% if ""[active_mode]"" == ""ebike"" %} 
The default assumption for the ratio between the fatality rate for e-biking and cycling is 1.5 (implying that the risk of e-biking is 50 % higher compared to conventional cycling). You can adjust this ratio using the slider below. 
{% endif %}","Changing the slider will automatically recalculate the fatality rate used in the HEAT assessment.",NA,NA,NA,NA,NA,NA,NA,NA,NA,NA,NA,NA,NA
"866","Fatality rates for crashes","crashdata_FR_ratio_ebike_bike_ebike_cf",NA,"slider_number_1to2dot5","#tmpl#
{% if ""[active_mode]"" == ""ebike"" %}
Road fatality rate ratio for e-biking vs. cycling
{% endif %}","#tmpl#
{% if ""[active_mode]"" == ""ebike"" %} 
The default assumption for the ratio between the fatality rate for e-biking and cycling is 1.5 (implying that the risk of e-biking is 50 % higher compared to conventional cycling). You can adjust this ratio using the slider below. 
{% endif %}","Changing the slider will automatically recalculate the fatality rate used in the HEAT assessment.",NA,NA,NA,NA,NA,NA,NA,NA,NA,NA,NA,NA,NA
"867","Fatality rates for crashes","crashdata_FR_ratio_ebike_bike_ebike_ref",NA,"slider_number_1to2dot5","#tmpl#
{% if ""[active_mode]"" == ""ebike"" %}
Road fatality rate ratio for e-biking vs. cycling
{% endif %}","#tmpl#
{% if ""[active_mode]"" == ""ebike"" %} 
The default assumption for the ratio between the fatality rate for e-biking and cycling is 1.5 (implying that the risk of e-biking is 50 % higher compared to conventional cycling). You can adjust this ratio using the slider below. 
{% endif %}","Changing the slider will automatically recalculate the fatality rate used in the HEAT assessment.",NA,NA,NA,NA,NA,NA,NA,NA,NA,NA,NA,NA,NA
"868","Fatality rates for crashes","crashdata_FR_ratio_ebike_bike_ebike25_cf",NA,"slider_number_1to2dot5","#tmpl#
{% if ""[active_mode]"" == ""ebike"" %}
Road fatality rate ratio for e-biking vs. cycling
{% endif %}","#tmpl#
{% if ""[active_mode]"" == ""ebike"" %} 
The default assumption for the ratio between the fatality rate for e-biking and cycling is 1.5 (implying that the risk of e-biking is 50 % higher compared to conventional cycling). You can adjust this ratio using the slider below. 
{% endif %}","Changing the slider will automatically recalculate the fatality rate used in the HEAT assessment.",NA,NA,NA,NA,NA,NA,NA,NA,NA,NA,NA,NA,NA
"869","Fatality rates for crashes","crashdata_FR_ratio_ebike_bike_ebike25_ref",NA,"slider_number_1to2dot5","#tmpl#
{% if ""[active_mode]"" == ""ebike"" %}
Road fatality rate ratio for e-biking vs. cycling
{% endif %}","#tmpl#
{% if ""[active_mode]"" == ""ebike"" %} 
The default assumption for the ratio between the fatality rate for e-biking and cycling is 1.5 (implying that the risk of e-biking is 50 % higher compared to conventional cycling). You can adjust this ratio using the slider below. 
{% endif %}","Changing the slider will automatically recalculate the fatality rate used in the HEAT assessment.",NA,NA,NA,NA,NA,NA,NA,NA,NA,NA,NA,NA,NA
"870","Fatality rates for crashes","crashdata_FR_ratio_ebike_bike_ebike45_cf",NA,"slider_number_1to2dot5","#tmpl#
{% if ""[active_mode]"" == ""ebike"" %}
Road fatality rate ratio for e-biking vs. cycling
{% endif %}","#tmpl#
{% if ""[active_mode]"" == ""ebike"" %} 
The default assumption for the ratio between the fatality rate for e-biking and cycling is 1.5 (implying that the risk of e-biking is 50 % higher compared to conventional cycling). You can adjust this ratio using the slider below. 
{% endif %}","Changing the slider will automatically recalculate the fatality rate used in the HEAT assessment.",NA,NA,NA,NA,NA,NA,NA,NA,NA,NA,NA,NA,NA
"871","Fatality rates for crashes","crashdata_FR_ratio_ebike_bike_ebike45_ref",NA,"slider_number_1to2dot5","#tmpl#
{% if ""[active_mode]"" == ""ebike"" %}
Road fatality rate ratio for e-biking vs. cycling
{% endif %}","#tmpl#
{% if ""[active_mode]"" == ""ebike"" %} 
The default assumption for the ratio between the fatality rate for e-biking and cycling is 1.5 (implying that the risk of e-biking is 50 % higher compared to conventional cycling). You can adjust this ratio using the slider below. 
{% endif %}","Changing the slider will automatically recalculate the fatality rate used in the HEAT assessment.",NA,NA,NA,NA,NA,NA,NA,NA,NA,NA,NA,NA,NA
"872","Fatality rates for crashes","crashdata_FR_ratio_ebike_bike_run_cf",NA,"slider_number_1to2dot5","#tmpl#
{% if ""[active_mode]"" == ""ebike"" %}
Road fatality rate ratio for e-biking vs. cycling
{% endif %}","#tmpl#
{% if ""[active_mode]"" == ""ebike"" %} 
The default assumption for the ratio between the fatality rate for e-biking and cycling is 1.5 (implying that the risk of e-biking is 50 % higher compared to conventional cycling). You can adjust this ratio using the slider below. 
{% endif %}","Changing the slider will automatically recalculate the fatality rate used in the HEAT assessment.",NA,NA,NA,NA,NA,NA,NA,NA,NA,NA,NA,NA,NA
"873","Fatality rates for crashes","crashdata_FR_ratio_ebike_bike_run_ref",NA,"slider_number_1to2dot5","#tmpl#
{% if ""[active_mode]"" == ""ebike"" %}
Road fatality rate ratio for e-biking vs. cycling
{% endif %}","#tmpl#
{% if ""[active_mode]"" == ""ebike"" %} 
The default assumption for the ratio between the fatality rate for e-biking and cycling is 1.5 (implying that the risk of e-biking is 50 % higher compared to conventional cycling). You can adjust this ratio using the slider below. 
{% endif %}","Changing the slider will automatically recalculate the fatality rate used in the HEAT assessment.",NA,NA,NA,NA,NA,NA,NA,NA,NA,NA,NA,NA,NA
"874","Fatality rates for crashes","crashdata_FR_ratio_ebike_bike_walk_cf",NA,"slider_number_1to2dot5","#tmpl#
{% if ""[active_mode]"" == ""ebike"" %}
Road fatality rate ratio for e-biking vs. cycling
{% endif %}","#tmpl#
{% if ""[active_mode]"" == ""ebike"" %} 
The default assumption for the ratio between the fatality rate for e-biking and cycling is 1.5 (implying that the risk of e-biking is 50 % higher compared to conventional cycling). You can adjust this ratio using the slider below. 
{% endif %}","Changing the slider will automatically recalculate the fatality rate used in the HEAT assessment.",NA,NA,NA,NA,NA,NA,NA,NA,NA,NA,NA,NA,NA
"875","Fatality rates for crashes","crashdata_FR_ratio_ebike_bike_walk_ref",NA,"slider_number_1to2dot5","#tmpl#
{% if ""[active_mode]"" == ""ebike"" %}
Road fatality rate ratio for e-biking vs. cycling
{% endif %}","#tmpl#
{% if ""[active_mode]"" == ""ebike"" %} 
The default assumption for the ratio between the fatality rate for e-biking and cycling is 1.5 (implying that the risk of e-biking is 50 % higher compared to conventional cycling). You can adjust this ratio using the slider below. 
{% endif %}","Changing the slider will automatically recalculate the fatality rate used in the HEAT assessment.",NA,NA,NA,NA,NA,NA,NA,NA,NA,NA,NA,NA,NA
"876","Fatality rates for crashes","crashdata_more_bike_cf","more","multiple_choice_box_dependent",NA,NA,NA,"#tmpl#
{% if ""[active_mode]"" %in% c( ""walk"", ""bike"") %} 
<span style=""color: deepskyblue;"">Let me see how this rate was calculated! </span>
{% elseif ""[active_mode]"" == ""ebike"" %} 
<span style=""color: deepskyblue;"">Let me calculate my own rate based on e-bike fatalities and corresponding distance travelled by e-bike!</span>
{% endif %} 

<span style=""color: deepskyblue;""> </span>",NA,NA,NA,NA,NA,NA,NA,NA,NA,NA,NA,NA
"877","Fatality rates for crashes","crashdata_more_bike_ref","more","multiple_choice_box_dependent",NA,NA,NA,"#tmpl#
{% if ""[active_mode]"" %in% c( ""walk"", ""bike"") %} 
<span style=""color: deepskyblue;"">Let me see how this rate was calculated! </span>
{% elseif ""[active_mode]"" == ""ebike"" %} 
<span style=""color: deepskyblue;"">Let me calculate my own rate based on e-bike fatalities and corresponding distance travelled by e-bike!</span>
{% endif %} 

<span style=""color: deepskyblue;""> </span>",NA,NA,NA,NA,NA,NA,NA,NA,NA,NA,NA,NA
"878","Fatality rates for crashes","crashdata_more_bikeshare_cf","more","multiple_choice_box_dependent",NA,NA,NA,"#tmpl#
{% if ""[active_mode]"" %in% c( ""walk"", ""bike"") %} 
<span style=""color: deepskyblue;"">Let me see how this rate was calculated! </span>
{% elseif ""[active_mode]"" == ""ebike"" %} 
<span style=""color: deepskyblue;"">Let me calculate my own rate based on e-bike fatalities and corresponding distance travelled by e-bike!</span>
{% endif %} 

<span style=""color: deepskyblue;""> </span>",NA,NA,NA,NA,NA,NA,NA,NA,NA,NA,NA,NA
"879","Fatality rates for crashes","crashdata_more_bikeshare_ref","more","multiple_choice_box_dependent",NA,NA,NA,"#tmpl#
{% if ""[active_mode]"" %in% c( ""walk"", ""bike"") %} 
<span style=""color: deepskyblue;"">Let me see how this rate was calculated! </span>
{% elseif ""[active_mode]"" == ""ebike"" %} 
<span style=""color: deepskyblue;"">Let me calculate my own rate based on e-bike fatalities and corresponding distance travelled by e-bike!</span>
{% endif %} 

<span style=""color: deepskyblue;""> </span>",NA,NA,NA,NA,NA,NA,NA,NA,NA,NA,NA,NA
"880","Fatality rates for crashes","crashdata_more_ebike_cf","more","multiple_choice_box_dependent",NA,NA,NA,"#tmpl#
{% if ""[active_mode]"" %in% c( ""walk"", ""bike"") %} 
<span style=""color: deepskyblue;"">Let me see how this rate was calculated! </span>
{% elseif ""[active_mode]"" == ""ebike"" %} 
<span style=""color: deepskyblue;"">Let me calculate my own rate based on e-bike fatalities and corresponding distance travelled by e-bike!</span>
{% endif %} 

<span style=""color: deepskyblue;""> </span>",NA,NA,NA,NA,NA,NA,NA,NA,NA,NA,NA,NA
"881","Fatality rates for crashes","crashdata_more_ebike_ref","more","multiple_choice_box_dependent",NA,NA,NA,"#tmpl#
{% if ""[active_mode]"" %in% c( ""walk"", ""bike"") %} 
<span style=""color: deepskyblue;"">Let me see how this rate was calculated! </span>
{% elseif ""[active_mode]"" == ""ebike"" %} 
<span style=""color: deepskyblue;"">Let me calculate my own rate based on e-bike fatalities and corresponding distance travelled by e-bike!</span>
{% endif %} 

<span style=""color: deepskyblue;""> </span>",NA,NA,NA,NA,NA,NA,NA,NA,NA,NA,NA,NA
"882","Fatality rates for crashes","crashdata_more_ebike25_cf","more","multiple_choice_box_dependent",NA,NA,NA,"#tmpl#
{% if ""[active_mode]"" %in% c( ""walk"", ""bike"") %} 
<span style=""color: deepskyblue;"">Let me see how this rate was calculated! </span>
{% elseif ""[active_mode]"" == ""ebike"" %} 
<span style=""color: deepskyblue;"">Let me calculate my own rate based on e-bike fatalities and corresponding distance travelled by e-bike!</span>
{% endif %} 

<span style=""color: deepskyblue;""> </span>",NA,NA,NA,NA,NA,NA,NA,NA,NA,NA,NA,NA
"883","Fatality rates for crashes","crashdata_more_ebike25_ref","more","multiple_choice_box_dependent",NA,NA,NA,"#tmpl#
{% if ""[active_mode]"" %in% c( ""walk"", ""bike"") %} 
<span style=""color: deepskyblue;"">Let me see how this rate was calculated! </span>
{% elseif ""[active_mode]"" == ""ebike"" %} 
<span style=""color: deepskyblue;"">Let me calculate my own rate based on e-bike fatalities and corresponding distance travelled by e-bike!</span>
{% endif %} 

<span style=""color: deepskyblue;""> </span>",NA,NA,NA,NA,NA,NA,NA,NA,NA,NA,NA,NA
"884","Fatality rates for crashes","crashdata_more_ebike45_cf","more","multiple_choice_box_dependent",NA,NA,NA,"#tmpl#
{% if ""[active_mode]"" %in% c( ""walk"", ""bike"") %} 
<span style=""color: deepskyblue;"">Let me see how this rate was calculated! </span>
{% elseif ""[active_mode]"" == ""ebike"" %} 
<span style=""color: deepskyblue;"">Let me calculate my own rate based on e-bike fatalities and corresponding distance travelled by e-bike!</span>
{% endif %} 

<span style=""color: deepskyblue;""> </span>",NA,NA,NA,NA,NA,NA,NA,NA,NA,NA,NA,NA
"885","Fatality rates for crashes","crashdata_more_ebike45_ref","more","multiple_choice_box_dependent",NA,NA,NA,"#tmpl#
{% if ""[active_mode]"" %in% c( ""walk"", ""bike"") %} 
<span style=""color: deepskyblue;"">Let me see how this rate was calculated! </span>
{% elseif ""[active_mode]"" == ""ebike"" %} 
<span style=""color: deepskyblue;"">Let me calculate my own rate based on e-bike fatalities and corresponding distance travelled by e-bike!</span>
{% endif %} 

<span style=""color: deepskyblue;""> </span>",NA,NA,NA,NA,NA,NA,NA,NA,NA,NA,NA,NA
"886","Fatality rates for crashes","crashdata_more_run_cf","more","multiple_choice_box_dependent",NA,NA,NA,"#tmpl#
{% if ""[active_mode]"" %in% c( ""walk"", ""bike"") %} 
<span style=""color: deepskyblue;"">Let me see how this rate was calculated! </span>
{% elseif ""[active_mode]"" == ""ebike"" %} 
<span style=""color: deepskyblue;"">Let me calculate my own rate based on e-bike fatalities and corresponding distance travelled by e-bike!</span>
{% endif %} 

<span style=""color: deepskyblue;""> </span>",NA,NA,NA,NA,NA,NA,NA,NA,NA,NA,NA,NA
"887","Fatality rates for crashes","crashdata_more_run_ref","more","multiple_choice_box_dependent",NA,NA,NA,"#tmpl#
{% if ""[active_mode]"" %in% c( ""walk"", ""bike"") %} 
<span style=""color: deepskyblue;"">Let me see how this rate was calculated! </span>
{% elseif ""[active_mode]"" == ""ebike"" %} 
<span style=""color: deepskyblue;"">Let me calculate my own rate based on e-bike fatalities and corresponding distance travelled by e-bike!</span>
{% endif %} 

<span style=""color: deepskyblue;""> </span>",NA,NA,NA,NA,NA,NA,NA,NA,NA,NA,NA,NA
"888","Fatality rates for crashes","crashdata_more_walk_cf","more","multiple_choice_box_dependent",NA,NA,NA,"#tmpl#
{% if ""[active_mode]"" %in% c( ""walk"", ""bike"") %} 
<span style=""color: deepskyblue;"">Let me see how this rate was calculated! </span>
{% elseif ""[active_mode]"" == ""ebike"" %} 
<span style=""color: deepskyblue;"">Let me calculate my own rate based on e-bike fatalities and corresponding distance travelled by e-bike!</span>
{% endif %} 

<span style=""color: deepskyblue;""> </span>",NA,NA,NA,NA,NA,NA,NA,NA,NA,NA,NA,NA
"889","Fatality rates for crashes","crashdata_more_walk_ref","more","multiple_choice_box_dependent",NA,NA,NA,"#tmpl#
{% if ""[active_mode]"" %in% c( ""walk"", ""bike"") %} 
<span style=""color: deepskyblue;"">Let me see how this rate was calculated! </span>
{% elseif ""[active_mode]"" == ""ebike"" %} 
<span style=""color: deepskyblue;"">Let me calculate my own rate based on e-bike fatalities and corresponding distance travelled by e-bike!</span>
{% endif %} 

<span style=""color: deepskyblue;""> </span>",NA,NA,NA,NA,NA,NA,NA,NA,NA,NA,NA,NA
"890","Fatality rates for crashes","crashdata_numerator_bike_cf",NA,"number_field_only_positive","#tmpl#
Annual number of road fatalities for 
{% if ""[active_mode]"" == ""walk"" %} walking 
{% elseif ""[active_mode]"" == ""bike"" %} cycling 
{% elseif ""[active_mode]"" == ""ebike"" %} e-biking
{% elseif ""[active_mode]"" == ""ebike25"" %} slow e-biking (<25 km/h) 
{% elseif ""[active_mode]"" == ""ebike45"" %} fast e-biking (<45 km/h) 
{% elseif ""[active_mode]"" == ""bikeshare"" %} bike-sharing 
{% elseif ""[active_mode]"" == ""run"" %} running 
{% endif %} 
in the 
{% if ""[comparison_case]"" == ""ref"" %} reference case.
{% elseif ""[comparison_case]"" == ""cf"" %} comparison case.
{% endif %}

{% if '[numerator__value]' != ""heat_NA"" %}
({% if ""[numerator__geolevel_type]"" == ""sub1"" %}Assessment area-wide
{% elseif ""[numerator__geolevel_type]"" == ""sub2"" %}Assessment area-wide
{% elseif ""[numerator__geolevel_type]"" == ""city"" %}City-level
{% elseif ""[numerator__geolevel_type]"" == ""country"" %}Country-level
{% endif %}
data from {% if '[numerator__source]' != ""heat_NA"" %}[numerator__source]{% else %}No data source available{% endif %})
{% else %}(No road fatalities data available in HEAT background data)
{% endif %}
<br>",NA,"This is the numerator for the fatality rate.<br> Prefilled if available in HEAT background data. Adjust as needed. Figure should be ""per year"".",NA,NA,NA,NA,NA,NA,NA,NA,NA,NA,NA,NA,NA
"891","Fatality rates for crashes","crashdata_numerator_bike_ref",NA,"number_field_only_positive","#tmpl#
Annual number of road fatalities for 
{% if ""[active_mode]"" == ""walk"" %} walking 
{% elseif ""[active_mode]"" == ""bike"" %} cycling 
{% elseif ""[active_mode]"" == ""ebike"" %} e-biking
{% elseif ""[active_mode]"" == ""ebike25"" %} slow e-biking (<25 km/h) 
{% elseif ""[active_mode]"" == ""ebike45"" %} fast e-biking (<45 km/h) 
{% elseif ""[active_mode]"" == ""bikeshare"" %} bike-sharing 
{% elseif ""[active_mode]"" == ""run"" %} running 
{% endif %} 
in the 
{% if ""[comparison_case]"" == ""ref"" %} reference case.
{% elseif ""[comparison_case]"" == ""cf"" %} comparison case.
{% endif %}

{% if '[numerator__value]' != ""heat_NA"" %}
({% if ""[numerator__geolevel_type]"" == ""sub1"" %}Assessment area-wide
{% elseif ""[numerator__geolevel_type]"" == ""sub2"" %}Assessment area-wide
{% elseif ""[numerator__geolevel_type]"" == ""city"" %}City-level
{% elseif ""[numerator__geolevel_type]"" == ""country"" %}Country-level
{% endif %}
data from {% if '[numerator__source]' != ""heat_NA"" %}[numerator__source]{% else %}No data source available{% endif %})
{% else %}(No road fatalities data available in HEAT background data)
{% endif %}
<br>",NA,"This is the numerator for the fatality rate.<br> Prefilled if available in HEAT background data. Adjust as needed. Figure should be ""per year"".",NA,NA,NA,NA,NA,NA,NA,NA,NA,NA,NA,NA,NA
"892","Fatality rates for crashes","crashdata_numerator_bikeshare_cf",NA,"number_field_only_positive","#tmpl#
Annual number of road fatalities for 
{% if ""[active_mode]"" == ""walk"" %} walking 
{% elseif ""[active_mode]"" == ""bike"" %} cycling 
{% elseif ""[active_mode]"" == ""ebike"" %} e-biking
{% elseif ""[active_mode]"" == ""ebike25"" %} slow e-biking (<25 km/h) 
{% elseif ""[active_mode]"" == ""ebike45"" %} fast e-biking (<45 km/h) 
{% elseif ""[active_mode]"" == ""bikeshare"" %} bike-sharing 
{% elseif ""[active_mode]"" == ""run"" %} running 
{% endif %} 
in the 
{% if ""[comparison_case]"" == ""ref"" %} reference case.
{% elseif ""[comparison_case]"" == ""cf"" %} comparison case.
{% endif %}

{% if '[numerator__value]' != ""heat_NA"" %}
({% if ""[numerator__geolevel_type]"" == ""sub1"" %}Assessment area-wide
{% elseif ""[numerator__geolevel_type]"" == ""sub2"" %}Assessment area-wide
{% elseif ""[numerator__geolevel_type]"" == ""city"" %}City-level
{% elseif ""[numerator__geolevel_type]"" == ""country"" %}Country-level
{% endif %}
data from {% if '[numerator__source]' != ""heat_NA"" %}[numerator__source]{% else %}No data source available{% endif %})
{% else %}(No road fatalities data available in HEAT background data)
{% endif %}
<br>",NA,"This is the numerator for the fatality rate.<br> Prefilled if available in HEAT background data. Adjust as needed. Figure should be ""per year"".",NA,NA,NA,NA,NA,NA,NA,NA,NA,NA,NA,NA,NA
"893","Fatality rates for crashes","crashdata_numerator_bikeshare_ref",NA,"number_field_only_positive","#tmpl#
Annual number of road fatalities for 
{% if ""[active_mode]"" == ""walk"" %} walking 
{% elseif ""[active_mode]"" == ""bike"" %} cycling 
{% elseif ""[active_mode]"" == ""ebike"" %} e-biking
{% elseif ""[active_mode]"" == ""ebike25"" %} slow e-biking (<25 km/h) 
{% elseif ""[active_mode]"" == ""ebike45"" %} fast e-biking (<45 km/h) 
{% elseif ""[active_mode]"" == ""bikeshare"" %} bike-sharing 
{% elseif ""[active_mode]"" == ""run"" %} running 
{% endif %} 
in the 
{% if ""[comparison_case]"" == ""ref"" %} reference case.
{% elseif ""[comparison_case]"" == ""cf"" %} comparison case.
{% endif %}

{% if '[numerator__value]' != ""heat_NA"" %}
({% if ""[numerator__geolevel_type]"" == ""sub1"" %}Assessment area-wide
{% elseif ""[numerator__geolevel_type]"" == ""sub2"" %}Assessment area-wide
{% elseif ""[numerator__geolevel_type]"" == ""city"" %}City-level
{% elseif ""[numerator__geolevel_type]"" == ""country"" %}Country-level
{% endif %}
data from {% if '[numerator__source]' != ""heat_NA"" %}[numerator__source]{% else %}No data source available{% endif %})
{% else %}(No road fatalities data available in HEAT background data)
{% endif %}
<br>",NA,"This is the numerator for the fatality rate.<br> Prefilled if available in HEAT background data. Adjust as needed. Figure should be ""per year"".",NA,NA,NA,NA,NA,NA,NA,NA,NA,NA,NA,NA,NA
"894","Fatality rates for crashes","crashdata_numerator_ebike_cf",NA,"number_field_only_positive","#tmpl#
Annual number of road fatalities for 
{% if ""[active_mode]"" == ""walk"" %} walking 
{% elseif ""[active_mode]"" == ""bike"" %} cycling 
{% elseif ""[active_mode]"" == ""ebike"" %} e-biking
{% elseif ""[active_mode]"" == ""ebike25"" %} slow e-biking (<25 km/h) 
{% elseif ""[active_mode]"" == ""ebike45"" %} fast e-biking (<45 km/h) 
{% elseif ""[active_mode]"" == ""bikeshare"" %} bike-sharing 
{% elseif ""[active_mode]"" == ""run"" %} running 
{% endif %} 
in the 
{% if ""[comparison_case]"" == ""ref"" %} reference case.
{% elseif ""[comparison_case]"" == ""cf"" %} comparison case.
{% endif %}

{% if '[numerator__value]' != ""heat_NA"" %}
({% if ""[numerator__geolevel_type]"" == ""sub1"" %}Assessment area-wide
{% elseif ""[numerator__geolevel_type]"" == ""sub2"" %}Assessment area-wide
{% elseif ""[numerator__geolevel_type]"" == ""city"" %}City-level
{% elseif ""[numerator__geolevel_type]"" == ""country"" %}Country-level
{% endif %}
data from {% if '[numerator__source]' != ""heat_NA"" %}[numerator__source]{% else %}No data source available{% endif %})
{% else %}(No road fatalities data available in HEAT background data)
{% endif %}
<br>",NA,"This is the numerator for the fatality rate.<br> Prefilled if available in HEAT background data. Adjust as needed. Figure should be ""per year"".",NA,NA,NA,NA,NA,NA,NA,NA,NA,NA,NA,NA,NA
"895","Fatality rates for crashes","crashdata_numerator_ebike_ref",NA,"number_field_only_positive","#tmpl#
Annual number of road fatalities for 
{% if ""[active_mode]"" == ""walk"" %} walking 
{% elseif ""[active_mode]"" == ""bike"" %} cycling 
{% elseif ""[active_mode]"" == ""ebike"" %} e-biking
{% elseif ""[active_mode]"" == ""ebike25"" %} slow e-biking (<25 km/h) 
{% elseif ""[active_mode]"" == ""ebike45"" %} fast e-biking (<45 km/h) 
{% elseif ""[active_mode]"" == ""bikeshare"" %} bike-sharing 
{% elseif ""[active_mode]"" == ""run"" %} running 
{% endif %} 
in the 
{% if ""[comparison_case]"" == ""ref"" %} reference case.
{% elseif ""[comparison_case]"" == ""cf"" %} comparison case.
{% endif %}

{% if '[numerator__value]' != ""heat_NA"" %}
({% if ""[numerator__geolevel_type]"" == ""sub1"" %}Assessment area-wide
{% elseif ""[numerator__geolevel_type]"" == ""sub2"" %}Assessment area-wide
{% elseif ""[numerator__geolevel_type]"" == ""city"" %}City-level
{% elseif ""[numerator__geolevel_type]"" == ""country"" %}Country-level
{% endif %}
data from {% if '[numerator__source]' != ""heat_NA"" %}[numerator__source]{% else %}No data source available{% endif %})
{% else %}(No road fatalities data available in HEAT background data)
{% endif %}
<br>",NA,"This is the numerator for the fatality rate.<br> Prefilled if available in HEAT background data. Adjust as needed. Figure should be ""per year"".",NA,NA,NA,NA,NA,NA,NA,NA,NA,NA,NA,NA,NA
"896","Fatality rates for crashes","crashdata_numerator_ebike25_cf",NA,"number_field_only_positive","#tmpl#
Annual number of road fatalities for 
{% if ""[active_mode]"" == ""walk"" %} walking 
{% elseif ""[active_mode]"" == ""bike"" %} cycling 
{% elseif ""[active_mode]"" == ""ebike"" %} e-biking
{% elseif ""[active_mode]"" == ""ebike25"" %} slow e-biking (<25 km/h) 
{% elseif ""[active_mode]"" == ""ebike45"" %} fast e-biking (<45 km/h) 
{% elseif ""[active_mode]"" == ""bikeshare"" %} bike-sharing 
{% elseif ""[active_mode]"" == ""run"" %} running 
{% endif %} 
in the 
{% if ""[comparison_case]"" == ""ref"" %} reference case.
{% elseif ""[comparison_case]"" == ""cf"" %} comparison case.
{% endif %}

{% if '[numerator__value]' != ""heat_NA"" %}
({% if ""[numerator__geolevel_type]"" == ""sub1"" %}Assessment area-wide
{% elseif ""[numerator__geolevel_type]"" == ""sub2"" %}Assessment area-wide
{% elseif ""[numerator__geolevel_type]"" == ""city"" %}City-level
{% elseif ""[numerator__geolevel_type]"" == ""country"" %}Country-level
{% endif %}
data from {% if '[numerator__source]' != ""heat_NA"" %}[numerator__source]{% else %}No data source available{% endif %})
{% else %}(No road fatalities data available in HEAT background data)
{% endif %}
<br>",NA,"This is the numerator for the fatality rate.<br> Prefilled if available in HEAT background data. Adjust as needed. Figure should be ""per year"".",NA,NA,NA,NA,NA,NA,NA,NA,NA,NA,NA,NA,NA
"897","Fatality rates for crashes","crashdata_numerator_ebike25_ref",NA,"number_field_only_positive","#tmpl#
Annual number of road fatalities for 
{% if ""[active_mode]"" == ""walk"" %} walking 
{% elseif ""[active_mode]"" == ""bike"" %} cycling 
{% elseif ""[active_mode]"" == ""ebike"" %} e-biking
{% elseif ""[active_mode]"" == ""ebike25"" %} slow e-biking (<25 km/h) 
{% elseif ""[active_mode]"" == ""ebike45"" %} fast e-biking (<45 km/h) 
{% elseif ""[active_mode]"" == ""bikeshare"" %} bike-sharing 
{% elseif ""[active_mode]"" == ""run"" %} running 
{% endif %} 
in the 
{% if ""[comparison_case]"" == ""ref"" %} reference case.
{% elseif ""[comparison_case]"" == ""cf"" %} comparison case.
{% endif %}

{% if '[numerator__value]' != ""heat_NA"" %}
({% if ""[numerator__geolevel_type]"" == ""sub1"" %}Assessment area-wide
{% elseif ""[numerator__geolevel_type]"" == ""sub2"" %}Assessment area-wide
{% elseif ""[numerator__geolevel_type]"" == ""city"" %}City-level
{% elseif ""[numerator__geolevel_type]"" == ""country"" %}Country-level
{% endif %}
data from {% if '[numerator__source]' != ""heat_NA"" %}[numerator__source]{% else %}No data source available{% endif %})
{% else %}(No road fatalities data available in HEAT background data)
{% endif %}
<br>",NA,"This is the numerator for the fatality rate.<br> Prefilled if available in HEAT background data. Adjust as needed. Figure should be ""per year"".",NA,NA,NA,NA,NA,NA,NA,NA,NA,NA,NA,NA,NA
"898","Fatality rates for crashes","crashdata_numerator_ebike45_cf",NA,"number_field_only_positive","#tmpl#
Annual number of road fatalities for 
{% if ""[active_mode]"" == ""walk"" %} walking 
{% elseif ""[active_mode]"" == ""bike"" %} cycling 
{% elseif ""[active_mode]"" == ""ebike"" %} e-biking
{% elseif ""[active_mode]"" == ""ebike25"" %} slow e-biking (<25 km/h) 
{% elseif ""[active_mode]"" == ""ebike45"" %} fast e-biking (<45 km/h) 
{% elseif ""[active_mode]"" == ""bikeshare"" %} bike-sharing 
{% elseif ""[active_mode]"" == ""run"" %} running 
{% endif %} 
in the 
{% if ""[comparison_case]"" == ""ref"" %} reference case.
{% elseif ""[comparison_case]"" == ""cf"" %} comparison case.
{% endif %}

{% if '[numerator__value]' != ""heat_NA"" %}
({% if ""[numerator__geolevel_type]"" == ""sub1"" %}Assessment area-wide
{% elseif ""[numerator__geolevel_type]"" == ""sub2"" %}Assessment area-wide
{% elseif ""[numerator__geolevel_type]"" == ""city"" %}City-level
{% elseif ""[numerator__geolevel_type]"" == ""country"" %}Country-level
{% endif %}
data from {% if '[numerator__source]' != ""heat_NA"" %}[numerator__source]{% else %}No data source available{% endif %})
{% else %}(No road fatalities data available in HEAT background data)
{% endif %}
<br>",NA,"This is the numerator for the fatality rate.<br> Prefilled if available in HEAT background data. Adjust as needed. Figure should be ""per year"".",NA,NA,NA,NA,NA,NA,NA,NA,NA,NA,NA,NA,NA
"899","Fatality rates for crashes","crashdata_numerator_ebike45_ref",NA,"number_field_only_positive","#tmpl#
Annual number of road fatalities for 
{% if ""[active_mode]"" == ""walk"" %} walking 
{% elseif ""[active_mode]"" == ""bike"" %} cycling 
{% elseif ""[active_mode]"" == ""ebike"" %} e-biking
{% elseif ""[active_mode]"" == ""ebike25"" %} slow e-biking (<25 km/h) 
{% elseif ""[active_mode]"" == ""ebike45"" %} fast e-biking (<45 km/h) 
{% elseif ""[active_mode]"" == ""bikeshare"" %} bike-sharing 
{% elseif ""[active_mode]"" == ""run"" %} running 
{% endif %} 
in the 
{% if ""[comparison_case]"" == ""ref"" %} reference case.
{% elseif ""[comparison_case]"" == ""cf"" %} comparison case.
{% endif %}

{% if '[numerator__value]' != ""heat_NA"" %}
({% if ""[numerator__geolevel_type]"" == ""sub1"" %}Assessment area-wide
{% elseif ""[numerator__geolevel_type]"" == ""sub2"" %}Assessment area-wide
{% elseif ""[numerator__geolevel_type]"" == ""city"" %}City-level
{% elseif ""[numerator__geolevel_type]"" == ""country"" %}Country-level
{% endif %}
data from {% if '[numerator__source]' != ""heat_NA"" %}[numerator__source]{% else %}No data source available{% endif %})
{% else %}(No road fatalities data available in HEAT background data)
{% endif %}
<br>",NA,"This is the numerator for the fatality rate.<br> Prefilled if available in HEAT background data. Adjust as needed. Figure should be ""per year"".",NA,NA,NA,NA,NA,NA,NA,NA,NA,NA,NA,NA,NA
"900","Fatality rates for crashes","crashdata_numerator_run_cf",NA,"number_field_only_positive","#tmpl#
Annual number of road fatalities for 
{% if ""[active_mode]"" == ""walk"" %} walking 
{% elseif ""[active_mode]"" == ""bike"" %} cycling 
{% elseif ""[active_mode]"" == ""ebike"" %} e-biking
{% elseif ""[active_mode]"" == ""ebike25"" %} slow e-biking (<25 km/h) 
{% elseif ""[active_mode]"" == ""ebike45"" %} fast e-biking (<45 km/h) 
{% elseif ""[active_mode]"" == ""bikeshare"" %} bike-sharing 
{% elseif ""[active_mode]"" == ""run"" %} running 
{% endif %} 
in the 
{% if ""[comparison_case]"" == ""ref"" %} reference case.
{% elseif ""[comparison_case]"" == ""cf"" %} comparison case.
{% endif %}

{% if '[numerator__value]' != ""heat_NA"" %}
({% if ""[numerator__geolevel_type]"" == ""sub1"" %}Assessment area-wide
{% elseif ""[numerator__geolevel_type]"" == ""sub2"" %}Assessment area-wide
{% elseif ""[numerator__geolevel_type]"" == ""city"" %}City-level
{% elseif ""[numerator__geolevel_type]"" == ""country"" %}Country-level
{% endif %}
data from {% if '[numerator__source]' != ""heat_NA"" %}[numerator__source]{% else %}No data source available{% endif %})
{% else %}(No road fatalities data available in HEAT background data)
{% endif %}
<br>",NA,"This is the numerator for the fatality rate.<br> Prefilled if available in HEAT background data. Adjust as needed. Figure should be ""per year"".",NA,NA,NA,NA,NA,NA,NA,NA,NA,NA,NA,NA,NA
"901","Fatality rates for crashes","crashdata_numerator_run_ref",NA,"number_field_only_positive","#tmpl#
Annual number of road fatalities for 
{% if ""[active_mode]"" == ""walk"" %} walking 
{% elseif ""[active_mode]"" == ""bike"" %} cycling 
{% elseif ""[active_mode]"" == ""ebike"" %} e-biking
{% elseif ""[active_mode]"" == ""ebike25"" %} slow e-biking (<25 km/h) 
{% elseif ""[active_mode]"" == ""ebike45"" %} fast e-biking (<45 km/h) 
{% elseif ""[active_mode]"" == ""bikeshare"" %} bike-sharing 
{% elseif ""[active_mode]"" == ""run"" %} running 
{% endif %} 
in the 
{% if ""[comparison_case]"" == ""ref"" %} reference case.
{% elseif ""[comparison_case]"" == ""cf"" %} comparison case.
{% endif %}

{% if '[numerator__value]' != ""heat_NA"" %}
({% if ""[numerator__geolevel_type]"" == ""sub1"" %}Assessment area-wide
{% elseif ""[numerator__geolevel_type]"" == ""sub2"" %}Assessment area-wide
{% elseif ""[numerator__geolevel_type]"" == ""city"" %}City-level
{% elseif ""[numerator__geolevel_type]"" == ""country"" %}Country-level
{% endif %}
data from {% if '[numerator__source]' != ""heat_NA"" %}[numerator__source]{% else %}No data source available{% endif %})
{% else %}(No road fatalities data available in HEAT background data)
{% endif %}
<br>",NA,"This is the numerator for the fatality rate.<br> Prefilled if available in HEAT background data. Adjust as needed. Figure should be ""per year"".",NA,NA,NA,NA,NA,NA,NA,NA,NA,NA,NA,NA,NA
"902","Fatality rates for crashes","crashdata_numerator_walk_cf",NA,"number_field_only_positive","#tmpl#
Annual number of road fatalities for 
{% if ""[active_mode]"" == ""walk"" %} walking 
{% elseif ""[active_mode]"" == ""bike"" %} cycling 
{% elseif ""[active_mode]"" == ""ebike"" %} e-biking
{% elseif ""[active_mode]"" == ""ebike25"" %} slow e-biking (<25 km/h) 
{% elseif ""[active_mode]"" == ""ebike45"" %} fast e-biking (<45 km/h) 
{% elseif ""[active_mode]"" == ""bikeshare"" %} bike-sharing 
{% elseif ""[active_mode]"" == ""run"" %} running 
{% endif %} 
in the 
{% if ""[comparison_case]"" == ""ref"" %} reference case.
{% elseif ""[comparison_case]"" == ""cf"" %} comparison case.
{% endif %}

{% if '[numerator__value]' != ""heat_NA"" %}
({% if ""[numerator__geolevel_type]"" == ""sub1"" %}Assessment area-wide
{% elseif ""[numerator__geolevel_type]"" == ""sub2"" %}Assessment area-wide
{% elseif ""[numerator__geolevel_type]"" == ""city"" %}City-level
{% elseif ""[numerator__geolevel_type]"" == ""country"" %}Country-level
{% endif %}
data from {% if '[numerator__source]' != ""heat_NA"" %}[numerator__source]{% else %}No data source available{% endif %})
{% else %}(No road fatalities data available in HEAT background data)
{% endif %}
<br>",NA,"This is the numerator for the fatality rate.<br> Prefilled if available in HEAT background data. Adjust as needed. Figure should be ""per year"".",NA,NA,NA,NA,NA,NA,NA,NA,NA,NA,NA,NA,NA
"903","Fatality rates for crashes","crashdata_numerator_walk_ref",NA,"number_field_only_positive","#tmpl#
Annual number of road fatalities for 
{% if ""[active_mode]"" == ""walk"" %} walking 
{% elseif ""[active_mode]"" == ""bike"" %} cycling 
{% elseif ""[active_mode]"" == ""ebike"" %} e-biking
{% elseif ""[active_mode]"" == ""ebike25"" %} slow e-biking (<25 km/h) 
{% elseif ""[active_mode]"" == ""ebike45"" %} fast e-biking (<45 km/h) 
{% elseif ""[active_mode]"" == ""bikeshare"" %} bike-sharing 
{% elseif ""[active_mode]"" == ""run"" %} running 
{% endif %} 
in the 
{% if ""[comparison_case]"" == ""ref"" %} reference case.
{% elseif ""[comparison_case]"" == ""cf"" %} comparison case.
{% endif %}

{% if '[numerator__value]' != ""heat_NA"" %}
({% if ""[numerator__geolevel_type]"" == ""sub1"" %}Assessment area-wide
{% elseif ""[numerator__geolevel_type]"" == ""sub2"" %}Assessment area-wide
{% elseif ""[numerator__geolevel_type]"" == ""city"" %}City-level
{% elseif ""[numerator__geolevel_type]"" == ""country"" %}Country-level
{% endif %}
data from {% if '[numerator__source]' != ""heat_NA"" %}[numerator__source]{% else %}No data source available{% endif %})
{% else %}(No road fatalities data available in HEAT background data)
{% endif %}
<br>",NA,"This is the numerator for the fatality rate.<br> Prefilled if available in HEAT background data. Adjust as needed. Figure should be ""per year"".",NA,NA,NA,NA,NA,NA,NA,NA,NA,NA,NA,NA,NA
"904","Fatality rates for crashes","crashdata_used_fatality_rate_bike_cf",NA,"number_field_only_positive","#tmpl#
<b> Fatality rate used in the HEAT assessment for 
{% if ""[active_mode]"" == ""walk"" %} walking 
{% elseif ""[active_mode]"" == ""bike"" %} cycling 
{% elseif ""[active_mode]"" == ""ebike"" %} e-biking
{% elseif ""[active_mode]"" == ""ebike25"" %} slow e-biking (<25 km/h) 
{% elseif ""[active_mode]"" == ""ebike45"" %} fast e-biking (<45 km/h) 
{% elseif ""[active_mode]"" == ""bikeshare"" %} bike-sharing 
{% elseif ""[active_mode]"" == ""run"" %} running 
{% endif %} 
in the 
{% if ""[comparison_case]"" == ""ref"" %} reference case 
{% elseif ""[comparison_case]"" == ""cf"" %} comparison case 
{% endif %}
</b>
(fatalities per 100 million km)",NA,"Prefilled if available in HEAT background data, or calculated from above entries (i.e. Fatalities/total km). Adjust as needed. <br> This is the figure that will be used for calculations of crash impacts.",NA,NA,NA,NA,NA,NA,NA,NA,NA,NA,NA,NA,NA
"905","Fatality rates for crashes","crashdata_used_fatality_rate_bike_ref",NA,"number_field_only_positive","#tmpl#
<b> Fatality rate used in the HEAT assessment for 
{% if ""[active_mode]"" == ""walk"" %} walking 
{% elseif ""[active_mode]"" == ""bike"" %} cycling 
{% elseif ""[active_mode]"" == ""ebike"" %} e-biking
{% elseif ""[active_mode]"" == ""ebike25"" %} slow e-biking (<25 km/h) 
{% elseif ""[active_mode]"" == ""ebike45"" %} fast e-biking (<45 km/h) 
{% elseif ""[active_mode]"" == ""bikeshare"" %} bike-sharing 
{% elseif ""[active_mode]"" == ""run"" %} running 
{% endif %} 
in the 
{% if ""[comparison_case]"" == ""ref"" %} reference case 
{% elseif ""[comparison_case]"" == ""cf"" %} comparison case 
{% endif %}
</b>
(fatalities per 100 million km)",NA,"Prefilled if available in HEAT background data, or calculated from above entries (i.e. Fatalities/total km). Adjust as needed. <br> This is the figure that will be used for calculations of crash impacts.",NA,NA,NA,NA,NA,NA,NA,NA,NA,NA,NA,NA,NA
"906","Fatality rates for crashes","crashdata_used_fatality_rate_bikeshare_cf",NA,"number_field_only_positive","#tmpl#
<b> Fatality rate used in the HEAT assessment for 
{% if ""[active_mode]"" == ""walk"" %} walking 
{% elseif ""[active_mode]"" == ""bike"" %} cycling 
{% elseif ""[active_mode]"" == ""ebike"" %} e-biking
{% elseif ""[active_mode]"" == ""ebike25"" %} slow e-biking (<25 km/h) 
{% elseif ""[active_mode]"" == ""ebike45"" %} fast e-biking (<45 km/h) 
{% elseif ""[active_mode]"" == ""bikeshare"" %} bike-sharing 
{% elseif ""[active_mode]"" == ""run"" %} running 
{% endif %} 
in the 
{% if ""[comparison_case]"" == ""ref"" %} reference case 
{% elseif ""[comparison_case]"" == ""cf"" %} comparison case 
{% endif %}
</b>
(fatalities per 100 million km)",NA,"Prefilled if available in HEAT background data, or calculated from above entries (i.e. Fatalities/total km). Adjust as needed. <br> This is the figure that will be used for calculations of crash impacts.",NA,NA,NA,NA,NA,NA,NA,NA,NA,NA,NA,NA,NA
"907","Fatality rates for crashes","crashdata_used_fatality_rate_bikeshare_ref",NA,"number_field_only_positive","#tmpl#
<b> Fatality rate used in the HEAT assessment for 
{% if ""[active_mode]"" == ""walk"" %} walking 
{% elseif ""[active_mode]"" == ""bike"" %} cycling 
{% elseif ""[active_mode]"" == ""ebike"" %} e-biking
{% elseif ""[active_mode]"" == ""ebike25"" %} slow e-biking (<25 km/h) 
{% elseif ""[active_mode]"" == ""ebike45"" %} fast e-biking (<45 km/h) 
{% elseif ""[active_mode]"" == ""bikeshare"" %} bike-sharing 
{% elseif ""[active_mode]"" == ""run"" %} running 
{% endif %} 
in the 
{% if ""[comparison_case]"" == ""ref"" %} reference case 
{% elseif ""[comparison_case]"" == ""cf"" %} comparison case 
{% endif %}
</b>
(fatalities per 100 million km)",NA,"Prefilled if available in HEAT background data, or calculated from above entries (i.e. Fatalities/total km). Adjust as needed. <br> This is the figure that will be used for calculations of crash impacts.",NA,NA,NA,NA,NA,NA,NA,NA,NA,NA,NA,NA,NA
"908","Fatality rates for crashes","crashdata_used_fatality_rate_ebike_cf",NA,"number_field_only_positive","#tmpl#
<b> Fatality rate used in the HEAT assessment for 
{% if ""[active_mode]"" == ""walk"" %} walking 
{% elseif ""[active_mode]"" == ""bike"" %} cycling 
{% elseif ""[active_mode]"" == ""ebike"" %} e-biking
{% elseif ""[active_mode]"" == ""ebike25"" %} slow e-biking (<25 km/h) 
{% elseif ""[active_mode]"" == ""ebike45"" %} fast e-biking (<45 km/h) 
{% elseif ""[active_mode]"" == ""bikeshare"" %} bike-sharing 
{% elseif ""[active_mode]"" == ""run"" %} running 
{% endif %} 
in the 
{% if ""[comparison_case]"" == ""ref"" %} reference case 
{% elseif ""[comparison_case]"" == ""cf"" %} comparison case 
{% endif %}
</b>
(fatalities per 100 million km)",NA,"Prefilled if available in HEAT background data, or calculated from above entries (i.e. Fatalities/total km). Adjust as needed. <br> This is the figure that will be used for calculations of crash impacts.",NA,NA,NA,NA,NA,NA,NA,NA,NA,NA,NA,NA,NA
"909","Fatality rates for crashes","crashdata_used_fatality_rate_ebike_ref",NA,"number_field_only_positive","#tmpl#
<b> Fatality rate used in the HEAT assessment for 
{% if ""[active_mode]"" == ""walk"" %} walking 
{% elseif ""[active_mode]"" == ""bike"" %} cycling 
{% elseif ""[active_mode]"" == ""ebike"" %} e-biking
{% elseif ""[active_mode]"" == ""ebike25"" %} slow e-biking (<25 km/h) 
{% elseif ""[active_mode]"" == ""ebike45"" %} fast e-biking (<45 km/h) 
{% elseif ""[active_mode]"" == ""bikeshare"" %} bike-sharing 
{% elseif ""[active_mode]"" == ""run"" %} running 
{% endif %} 
in the 
{% if ""[comparison_case]"" == ""ref"" %} reference case 
{% elseif ""[comparison_case]"" == ""cf"" %} comparison case 
{% endif %}
</b>
(fatalities per 100 million km)",NA,"Prefilled if available in HEAT background data, or calculated from above entries (i.e. Fatalities/total km). Adjust as needed. <br> This is the figure that will be used for calculations of crash impacts.",NA,NA,NA,NA,NA,NA,NA,NA,NA,NA,NA,NA,NA
"910","Fatality rates for crashes","crashdata_used_fatality_rate_ebike25_cf",NA,"number_field_only_positive","#tmpl#
<b> Fatality rate used in the HEAT assessment for 
{% if ""[active_mode]"" == ""walk"" %} walking 
{% elseif ""[active_mode]"" == ""bike"" %} cycling 
{% elseif ""[active_mode]"" == ""ebike"" %} e-biking
{% elseif ""[active_mode]"" == ""ebike25"" %} slow e-biking (<25 km/h) 
{% elseif ""[active_mode]"" == ""ebike45"" %} fast e-biking (<45 km/h) 
{% elseif ""[active_mode]"" == ""bikeshare"" %} bike-sharing 
{% elseif ""[active_mode]"" == ""run"" %} running 
{% endif %} 
in the 
{% if ""[comparison_case]"" == ""ref"" %} reference case 
{% elseif ""[comparison_case]"" == ""cf"" %} comparison case 
{% endif %}
</b>
(fatalities per 100 million km)",NA,"Prefilled if available in HEAT background data, or calculated from above entries (i.e. Fatalities/total km). Adjust as needed. <br> This is the figure that will be used for calculations of crash impacts.",NA,NA,NA,NA,NA,NA,NA,NA,NA,NA,NA,NA,NA
"911","Fatality rates for crashes","crashdata_used_fatality_rate_ebike25_ref",NA,"number_field_only_positive","#tmpl#
<b> Fatality rate used in the HEAT assessment for 
{% if ""[active_mode]"" == ""walk"" %} walking 
{% elseif ""[active_mode]"" == ""bike"" %} cycling 
{% elseif ""[active_mode]"" == ""ebike"" %} e-biking
{% elseif ""[active_mode]"" == ""ebike25"" %} slow e-biking (<25 km/h) 
{% elseif ""[active_mode]"" == ""ebike45"" %} fast e-biking (<45 km/h) 
{% elseif ""[active_mode]"" == ""bikeshare"" %} bike-sharing 
{% elseif ""[active_mode]"" == ""run"" %} running 
{% endif %} 
in the 
{% if ""[comparison_case]"" == ""ref"" %} reference case 
{% elseif ""[comparison_case]"" == ""cf"" %} comparison case 
{% endif %}
</b>
(fatalities per 100 million km)",NA,"Prefilled if available in HEAT background data, or calculated from above entries (i.e. Fatalities/total km). Adjust as needed. <br> This is the figure that will be used for calculations of crash impacts.",NA,NA,NA,NA,NA,NA,NA,NA,NA,NA,NA,NA,NA
"912","Fatality rates for crashes","crashdata_used_fatality_rate_ebike45_cf",NA,"number_field_only_positive","#tmpl#
<b> Fatality rate used in the HEAT assessment for 
{% if ""[active_mode]"" == ""walk"" %} walking 
{% elseif ""[active_mode]"" == ""bike"" %} cycling 
{% elseif ""[active_mode]"" == ""ebike"" %} e-biking
{% elseif ""[active_mode]"" == ""ebike25"" %} slow e-biking (<25 km/h) 
{% elseif ""[active_mode]"" == ""ebike45"" %} fast e-biking (<45 km/h) 
{% elseif ""[active_mode]"" == ""bikeshare"" %} bike-sharing 
{% elseif ""[active_mode]"" == ""run"" %} running 
{% endif %} 
in the 
{% if ""[comparison_case]"" == ""ref"" %} reference case 
{% elseif ""[comparison_case]"" == ""cf"" %} comparison case 
{% endif %}
</b>
(fatalities per 100 million km)",NA,"Prefilled if available in HEAT background data, or calculated from above entries (i.e. Fatalities/total km). Adjust as needed. <br> This is the figure that will be used for calculations of crash impacts.",NA,NA,NA,NA,NA,NA,NA,NA,NA,NA,NA,NA,NA
"913","Fatality rates for crashes","crashdata_used_fatality_rate_ebike45_ref",NA,"number_field_only_positive","#tmpl#
<b> Fatality rate used in the HEAT assessment for 
{% if ""[active_mode]"" == ""walk"" %} walking 
{% elseif ""[active_mode]"" == ""bike"" %} cycling 
{% elseif ""[active_mode]"" == ""ebike"" %} e-biking
{% elseif ""[active_mode]"" == ""ebike25"" %} slow e-biking (<25 km/h) 
{% elseif ""[active_mode]"" == ""ebike45"" %} fast e-biking (<45 km/h) 
{% elseif ""[active_mode]"" == ""bikeshare"" %} bike-sharing 
{% elseif ""[active_mode]"" == ""run"" %} running 
{% endif %} 
in the 
{% if ""[comparison_case]"" == ""ref"" %} reference case 
{% elseif ""[comparison_case]"" == ""cf"" %} comparison case 
{% endif %}
</b>
(fatalities per 100 million km)",NA,"Prefilled if available in HEAT background data, or calculated from above entries (i.e. Fatalities/total km). Adjust as needed. <br> This is the figure that will be used for calculations of crash impacts.",NA,NA,NA,NA,NA,NA,NA,NA,NA,NA,NA,NA,NA
"914","Fatality rates for crashes","crashdata_used_fatality_rate_run_cf",NA,"number_field_only_positive","#tmpl#
<b> Fatality rate used in the HEAT assessment for 
{% if ""[active_mode]"" == ""walk"" %} walking 
{% elseif ""[active_mode]"" == ""bike"" %} cycling 
{% elseif ""[active_mode]"" == ""ebike"" %} e-biking
{% elseif ""[active_mode]"" == ""ebike25"" %} slow e-biking (<25 km/h) 
{% elseif ""[active_mode]"" == ""ebike45"" %} fast e-biking (<45 km/h) 
{% elseif ""[active_mode]"" == ""bikeshare"" %} bike-sharing 
{% elseif ""[active_mode]"" == ""run"" %} running 
{% endif %} 
in the 
{% if ""[comparison_case]"" == ""ref"" %} reference case 
{% elseif ""[comparison_case]"" == ""cf"" %} comparison case 
{% endif %}
</b>
(fatalities per 100 million km)",NA,"Prefilled if available in HEAT background data, or calculated from above entries (i.e. Fatalities/total km). Adjust as needed. <br> This is the figure that will be used for calculations of crash impacts.",NA,NA,NA,NA,NA,NA,NA,NA,NA,NA,NA,NA,NA
"915","Fatality rates for crashes","crashdata_used_fatality_rate_run_ref",NA,"number_field_only_positive","#tmpl#
<b> Fatality rate used in the HEAT assessment for 
{% if ""[active_mode]"" == ""walk"" %} walking 
{% elseif ""[active_mode]"" == ""bike"" %} cycling 
{% elseif ""[active_mode]"" == ""ebike"" %} e-biking
{% elseif ""[active_mode]"" == ""ebike25"" %} slow e-biking (<25 km/h) 
{% elseif ""[active_mode]"" == ""ebike45"" %} fast e-biking (<45 km/h) 
{% elseif ""[active_mode]"" == ""bikeshare"" %} bike-sharing 
{% elseif ""[active_mode]"" == ""run"" %} running 
{% endif %} 
in the 
{% if ""[comparison_case]"" == ""ref"" %} reference case 
{% elseif ""[comparison_case]"" == ""cf"" %} comparison case 
{% endif %}
</b>
(fatalities per 100 million km)",NA,"Prefilled if available in HEAT background data, or calculated from above entries (i.e. Fatalities/total km). Adjust as needed. <br> This is the figure that will be used for calculations of crash impacts.",NA,NA,NA,NA,NA,NA,NA,NA,NA,NA,NA,NA,NA
"916","Fatality rates for crashes","crashdata_used_fatality_rate_walk_cf",NA,"number_field_only_positive","#tmpl#
<b> Fatality rate used in the HEAT assessment for 
{% if ""[active_mode]"" == ""walk"" %} walking 
{% elseif ""[active_mode]"" == ""bike"" %} cycling 
{% elseif ""[active_mode]"" == ""ebike"" %} e-biking
{% elseif ""[active_mode]"" == ""ebike25"" %} slow e-biking (<25 km/h) 
{% elseif ""[active_mode]"" == ""ebike45"" %} fast e-biking (<45 km/h) 
{% elseif ""[active_mode]"" == ""bikeshare"" %} bike-sharing 
{% elseif ""[active_mode]"" == ""run"" %} running 
{% endif %} 
in the 
{% if ""[comparison_case]"" == ""ref"" %} reference case 
{% elseif ""[comparison_case]"" == ""cf"" %} comparison case 
{% endif %}
</b>
(fatalities per 100 million km)",NA,"Prefilled if available in HEAT background data, or calculated from above entries (i.e. Fatalities/total km). Adjust as needed. <br> This is the figure that will be used for calculations of crash impacts.",NA,NA,NA,NA,NA,NA,NA,NA,NA,NA,NA,NA,NA
"917","Fatality rates for crashes","crashdata_used_fatality_rate_walk_ref",NA,"number_field_only_positive","#tmpl#
<b> Fatality rate used in the HEAT assessment for 
{% if ""[active_mode]"" == ""walk"" %} walking 
{% elseif ""[active_mode]"" == ""bike"" %} cycling 
{% elseif ""[active_mode]"" == ""ebike"" %} e-biking
{% elseif ""[active_mode]"" == ""ebike25"" %} slow e-biking (<25 km/h) 
{% elseif ""[active_mode]"" == ""ebike45"" %} fast e-biking (<45 km/h) 
{% elseif ""[active_mode]"" == ""bikeshare"" %} bike-sharing 
{% elseif ""[active_mode]"" == ""run"" %} running 
{% endif %} 
in the 
{% if ""[comparison_case]"" == ""ref"" %} reference case 
{% elseif ""[comparison_case]"" == ""cf"" %} comparison case 
{% endif %}
</b>
(fatalities per 100 million km)",NA,"Prefilled if available in HEAT background data, or calculated from above entries (i.e. Fatalities/total km). Adjust as needed. <br> This is the figure that will be used for calculations of crash impacts.",NA,NA,NA,NA,NA,NA,NA,NA,NA,NA,NA,NA,NA
"918","Mortality rates","mortality_rate_acm_bike_cf",NA,"number_field_only_positive","#tmpl#All-cause mortality rate for {% if ""[active_mode]"" == ""walk"" %} walking {% elseif ""[active_mode]"" == ""bike"" %} cycling {% elseif ""[active_mode]"" == ""ebike"" %} e-biking{% elseif ""[active_mode]"" == ""ebike25"" %} slow e-biking (<25 km/h) {% elseif ""[active_mode]"" == ""ebike45"" %} fast e-biking (<45 km/h) {% elseif ""[active_mode]"" == ""bikeshare"" %} bike-sharing {% elseif ""[active_mode]"" == ""run"" %} running {% endif %} in the {% if ""[comparison_case]"" == ""ref"" %} reference case {% elseif ""[comparison_case]"" == ""cf"" %} comparison case {% endif %}
{% if '[acm__value]' != ""heat_NA"" %}
({% if ""[acm__geolevel_type]"" == ""sub1"" %}Assessment area-wide
{% elseif ""[acm__geolevel_type]"" == ""sub2"" %}Assessment area-wide
{% elseif ""[acm__geolevel_type]"" == ""city"" %}City-level
{% elseif ""[acm__geolevel_type]"" == ""country"" %}Country-level
{% endif %}
data from {% if '[acm__source]' != ""heat_NA"" %}[acm__source]{% else %}No data source available{% endif %})
{% else %}(No mortality rate data available in HEAT background data)
{% endif %}","#tmpl#
Number of deaths/{{to_local_number(100000)}} inhabitants (within given age range)","Note that the magnitude of effects, i.e. benefits of physical activity and harms of air pollution directly depend on the magnitude of the baseline risk. HEAT will automatically use the mortality rate corresponding to the age range of your population.",NA,NA,NA,NA,NA,NA,NA,NA,NA,NA,NA,NA,NA
"919","Mortality rates","mortality_rate_acm_bike_ref",NA,"number_field_only_positive","#tmpl#All-cause mortality rate for {% if ""[active_mode]"" == ""walk"" %} walking {% elseif ""[active_mode]"" == ""bike"" %} cycling {% elseif ""[active_mode]"" == ""ebike"" %} e-biking{% elseif ""[active_mode]"" == ""ebike25"" %} slow e-biking (<25 km/h) {% elseif ""[active_mode]"" == ""ebike45"" %} fast e-biking (<45 km/h) {% elseif ""[active_mode]"" == ""bikeshare"" %} bike-sharing {% elseif ""[active_mode]"" == ""run"" %} running {% endif %} in the {% if ""[comparison_case]"" == ""ref"" %} reference case {% elseif ""[comparison_case]"" == ""cf"" %} comparison case {% endif %}
{% if '[acm__value]' != ""heat_NA"" %}
({% if ""[acm__geolevel_type]"" == ""sub1"" %}Assessment area-wide
{% elseif ""[acm__geolevel_type]"" == ""sub2"" %}Assessment area-wide
{% elseif ""[acm__geolevel_type]"" == ""city"" %}City-level
{% elseif ""[acm__geolevel_type]"" == ""country"" %}Country-level
{% endif %}
data from {% if '[acm__source]' != ""heat_NA"" %}[acm__source]{% else %}No data source available{% endif %})
{% else %}(No mortality rate data available in HEAT background data)
{% endif %}","#tmpl#
Number of deaths/{{to_local_number(100000)}} inhabitants (within given age range)","Note that the magnitude of effects, i.e. benefits of physical activity and harms of air pollution directly depend on the magnitude of the baseline risk. HEAT will automatically use the mortality rate corresponding to the age range of your population.",NA,NA,NA,NA,NA,NA,NA,NA,NA,NA,NA,NA,NA
"920","Mortality rates","mortality_rate_acm_bikeshare_cf",NA,"number_field_only_positive","#tmpl#All-cause mortality rate for {% if ""[active_mode]"" == ""walk"" %} walking {% elseif ""[active_mode]"" == ""bike"" %} cycling {% elseif ""[active_mode]"" == ""ebike"" %} e-biking{% elseif ""[active_mode]"" == ""ebike25"" %} slow e-biking (<25 km/h) {% elseif ""[active_mode]"" == ""ebike45"" %} fast e-biking (<45 km/h) {% elseif ""[active_mode]"" == ""bikeshare"" %} bike-sharing {% elseif ""[active_mode]"" == ""run"" %} running {% endif %} in the {% if ""[comparison_case]"" == ""ref"" %} reference case {% elseif ""[comparison_case]"" == ""cf"" %} comparison case {% endif %}
{% if '[acm__value]' != ""heat_NA"" %}
({% if ""[acm__geolevel_type]"" == ""sub1"" %}Assessment area-wide
{% elseif ""[acm__geolevel_type]"" == ""sub2"" %}Assessment area-wide
{% elseif ""[acm__geolevel_type]"" == ""city"" %}City-level
{% elseif ""[acm__geolevel_type]"" == ""country"" %}Country-level
{% endif %}
data from {% if '[acm__source]' != ""heat_NA"" %}[acm__source]{% else %}No data source available{% endif %})
{% else %}(No mortality rate data available in HEAT background data)
{% endif %}","#tmpl#
Number of deaths/{{to_local_number(100000)}} inhabitants (within given age range)","Note that the magnitude of effects, i.e. benefits of physical activity and harms of air pollution directly depend on the magnitude of the baseline risk. HEAT will automatically use the mortality rate corresponding to the age range of your population.",NA,NA,NA,NA,NA,NA,NA,NA,NA,NA,NA,NA,NA
"921","Mortality rates","mortality_rate_acm_bikeshare_ref",NA,"number_field_only_positive","#tmpl#All-cause mortality rate for {% if ""[active_mode]"" == ""walk"" %} walking {% elseif ""[active_mode]"" == ""bike"" %} cycling {% elseif ""[active_mode]"" == ""ebike"" %} e-biking{% elseif ""[active_mode]"" == ""ebike25"" %} slow e-biking (<25 km/h) {% elseif ""[active_mode]"" == ""ebike45"" %} fast e-biking (<45 km/h) {% elseif ""[active_mode]"" == ""bikeshare"" %} bike-sharing {% elseif ""[active_mode]"" == ""run"" %} running {% endif %} in the {% if ""[comparison_case]"" == ""ref"" %} reference case {% elseif ""[comparison_case]"" == ""cf"" %} comparison case {% endif %}
{% if '[acm__value]' != ""heat_NA"" %}
({% if ""[acm__geolevel_type]"" == ""sub1"" %}Assessment area-wide
{% elseif ""[acm__geolevel_type]"" == ""sub2"" %}Assessment area-wide
{% elseif ""[acm__geolevel_type]"" == ""city"" %}City-level
{% elseif ""[acm__geolevel_type]"" == ""country"" %}Country-level
{% endif %}
data from {% if '[acm__source]' != ""heat_NA"" %}[acm__source]{% else %}No data source available{% endif %})
{% else %}(No mortality rate data available in HEAT background data)
{% endif %}","#tmpl#
Number of deaths/{{to_local_number(100000)}} inhabitants (within given age range)","Note that the magnitude of effects, i.e. benefits of physical activity and harms of air pollution directly depend on the magnitude of the baseline risk. HEAT will automatically use the mortality rate corresponding to the age range of your population.",NA,NA,NA,NA,NA,NA,NA,NA,NA,NA,NA,NA,NA
"922","Mortality rates","mortality_rate_acm_ebike_cf",NA,"number_field_only_positive","#tmpl#All-cause mortality rate for {% if ""[active_mode]"" == ""walk"" %} walking {% elseif ""[active_mode]"" == ""bike"" %} cycling {% elseif ""[active_mode]"" == ""ebike"" %} e-biking{% elseif ""[active_mode]"" == ""ebike25"" %} slow e-biking (<25 km/h) {% elseif ""[active_mode]"" == ""ebike45"" %} fast e-biking (<45 km/h) {% elseif ""[active_mode]"" == ""bikeshare"" %} bike-sharing {% elseif ""[active_mode]"" == ""run"" %} running {% endif %} in the {% if ""[comparison_case]"" == ""ref"" %} reference case {% elseif ""[comparison_case]"" == ""cf"" %} comparison case {% endif %}
{% if '[acm__value]' != ""heat_NA"" %}
({% if ""[acm__geolevel_type]"" == ""sub1"" %}Assessment area-wide
{% elseif ""[acm__geolevel_type]"" == ""sub2"" %}Assessment area-wide
{% elseif ""[acm__geolevel_type]"" == ""city"" %}City-level
{% elseif ""[acm__geolevel_type]"" == ""country"" %}Country-level
{% endif %}
data from {% if '[acm__source]' != ""heat_NA"" %}[acm__source]{% else %}No data source available{% endif %})
{% else %}(No mortality rate data available in HEAT background data)
{% endif %}","#tmpl#
Number of deaths/{{to_local_number(100000)}} inhabitants (within given age range)","Note that the magnitude of effects, i.e. benefits of physical activity and harms of air pollution directly depend on the magnitude of the baseline risk. HEAT will automatically use the mortality rate corresponding to the age range of your population.",NA,NA,NA,NA,NA,NA,NA,NA,NA,NA,NA,NA,NA
"923","Mortality rates","mortality_rate_acm_ebike_ref",NA,"number_field_only_positive","#tmpl#All-cause mortality rate for {% if ""[active_mode]"" == ""walk"" %} walking {% elseif ""[active_mode]"" == ""bike"" %} cycling {% elseif ""[active_mode]"" == ""ebike"" %} e-biking{% elseif ""[active_mode]"" == ""ebike25"" %} slow e-biking (<25 km/h) {% elseif ""[active_mode]"" == ""ebike45"" %} fast e-biking (<45 km/h) {% elseif ""[active_mode]"" == ""bikeshare"" %} bike-sharing {% elseif ""[active_mode]"" == ""run"" %} running {% endif %} in the {% if ""[comparison_case]"" == ""ref"" %} reference case {% elseif ""[comparison_case]"" == ""cf"" %} comparison case {% endif %}
{% if '[acm__value]' != ""heat_NA"" %}
({% if ""[acm__geolevel_type]"" == ""sub1"" %}Assessment area-wide
{% elseif ""[acm__geolevel_type]"" == ""sub2"" %}Assessment area-wide
{% elseif ""[acm__geolevel_type]"" == ""city"" %}City-level
{% elseif ""[acm__geolevel_type]"" == ""country"" %}Country-level
{% endif %}
data from {% if '[acm__source]' != ""heat_NA"" %}[acm__source]{% else %}No data source available{% endif %})
{% else %}(No mortality rate data available in HEAT background data)
{% endif %}","#tmpl#
Number of deaths/{{to_local_number(100000)}} inhabitants (within given age range)","Note that the magnitude of effects, i.e. benefits of physical activity and harms of air pollution directly depend on the magnitude of the baseline risk. HEAT will automatically use the mortality rate corresponding to the age range of your population.",NA,NA,NA,NA,NA,NA,NA,NA,NA,NA,NA,NA,NA
"924","Mortality rates","mortality_rate_acm_ebike25_cf",NA,"number_field_only_positive","#tmpl#All-cause mortality rate for {% if ""[active_mode]"" == ""walk"" %} walking {% elseif ""[active_mode]"" == ""bike"" %} cycling {% elseif ""[active_mode]"" == ""ebike"" %} e-biking{% elseif ""[active_mode]"" == ""ebike25"" %} slow e-biking (<25 km/h) {% elseif ""[active_mode]"" == ""ebike45"" %} fast e-biking (<45 km/h) {% elseif ""[active_mode]"" == ""bikeshare"" %} bike-sharing {% elseif ""[active_mode]"" == ""run"" %} running {% endif %} in the {% if ""[comparison_case]"" == ""ref"" %} reference case {% elseif ""[comparison_case]"" == ""cf"" %} comparison case {% endif %}
{% if '[acm__value]' != ""heat_NA"" %}
({% if ""[acm__geolevel_type]"" == ""sub1"" %}Assessment area-wide
{% elseif ""[acm__geolevel_type]"" == ""sub2"" %}Assessment area-wide
{% elseif ""[acm__geolevel_type]"" == ""city"" %}City-level
{% elseif ""[acm__geolevel_type]"" == ""country"" %}Country-level
{% endif %}
data from {% if '[acm__source]' != ""heat_NA"" %}[acm__source]{% else %}No data source available{% endif %})
{% else %}(No mortality rate data available in HEAT background data)
{% endif %}","#tmpl#
Number of deaths/{{to_local_number(100000)}} inhabitants (within given age range)","Note that the magnitude of effects, i.e. benefits of physical activity and harms of air pollution directly depend on the magnitude of the baseline risk. HEAT will automatically use the mortality rate corresponding to the age range of your population.",NA,NA,NA,NA,NA,NA,NA,NA,NA,NA,NA,NA,NA
"925","Mortality rates","mortality_rate_acm_ebike25_ref",NA,"number_field_only_positive","#tmpl#All-cause mortality rate for {% if ""[active_mode]"" == ""walk"" %} walking {% elseif ""[active_mode]"" == ""bike"" %} cycling {% elseif ""[active_mode]"" == ""ebike"" %} e-biking{% elseif ""[active_mode]"" == ""ebike25"" %} slow e-biking (<25 km/h) {% elseif ""[active_mode]"" == ""ebike45"" %} fast e-biking (<45 km/h) {% elseif ""[active_mode]"" == ""bikeshare"" %} bike-sharing {% elseif ""[active_mode]"" == ""run"" %} running {% endif %} in the {% if ""[comparison_case]"" == ""ref"" %} reference case {% elseif ""[comparison_case]"" == ""cf"" %} comparison case {% endif %}
{% if '[acm__value]' != ""heat_NA"" %}
({% if ""[acm__geolevel_type]"" == ""sub1"" %}Assessment area-wide
{% elseif ""[acm__geolevel_type]"" == ""sub2"" %}Assessment area-wide
{% elseif ""[acm__geolevel_type]"" == ""city"" %}City-level
{% elseif ""[acm__geolevel_type]"" == ""country"" %}Country-level
{% endif %}
data from {% if '[acm__source]' != ""heat_NA"" %}[acm__source]{% else %}No data source available{% endif %})
{% else %}(No mortality rate data available in HEAT background data)
{% endif %}","#tmpl#
Number of deaths/{{to_local_number(100000)}} inhabitants (within given age range)","Note that the magnitude of effects, i.e. benefits of physical activity and harms of air pollution directly depend on the magnitude of the baseline risk. HEAT will automatically use the mortality rate corresponding to the age range of your population.",NA,NA,NA,NA,NA,NA,NA,NA,NA,NA,NA,NA,NA
"926","Mortality rates","mortality_rate_acm_ebike45_cf",NA,"number_field_only_positive","#tmpl#All-cause mortality rate for {% if ""[active_mode]"" == ""walk"" %} walking {% elseif ""[active_mode]"" == ""bike"" %} cycling {% elseif ""[active_mode]"" == ""ebike"" %} e-biking{% elseif ""[active_mode]"" == ""ebike25"" %} slow e-biking (<25 km/h) {% elseif ""[active_mode]"" == ""ebike45"" %} fast e-biking (<45 km/h) {% elseif ""[active_mode]"" == ""bikeshare"" %} bike-sharing {% elseif ""[active_mode]"" == ""run"" %} running {% endif %} in the {% if ""[comparison_case]"" == ""ref"" %} reference case {% elseif ""[comparison_case]"" == ""cf"" %} comparison case {% endif %}
{% if '[acm__value]' != ""heat_NA"" %}
({% if ""[acm__geolevel_type]"" == ""sub1"" %}Assessment area-wide
{% elseif ""[acm__geolevel_type]"" == ""sub2"" %}Assessment area-wide
{% elseif ""[acm__geolevel_type]"" == ""city"" %}City-level
{% elseif ""[acm__geolevel_type]"" == ""country"" %}Country-level
{% endif %}
data from {% if '[acm__source]' != ""heat_NA"" %}[acm__source]{% else %}No data source available{% endif %})
{% else %}(No mortality rate data available in HEAT background data)
{% endif %}","#tmpl#
Number of deaths/{{to_local_number(100000)}} inhabitants (within given age range)","Note that the magnitude of effects, i.e. benefits of physical activity and harms of air pollution directly depend on the magnitude of the baseline risk. HEAT will automatically use the mortality rate corresponding to the age range of your population.",NA,NA,NA,NA,NA,NA,NA,NA,NA,NA,NA,NA,NA
"927","Mortality rates","mortality_rate_acm_ebike45_ref",NA,"number_field_only_positive","#tmpl#All-cause mortality rate for {% if ""[active_mode]"" == ""walk"" %} walking {% elseif ""[active_mode]"" == ""bike"" %} cycling {% elseif ""[active_mode]"" == ""ebike"" %} e-biking{% elseif ""[active_mode]"" == ""ebike25"" %} slow e-biking (<25 km/h) {% elseif ""[active_mode]"" == ""ebike45"" %} fast e-biking (<45 km/h) {% elseif ""[active_mode]"" == ""bikeshare"" %} bike-sharing {% elseif ""[active_mode]"" == ""run"" %} running {% endif %} in the {% if ""[comparison_case]"" == ""ref"" %} reference case {% elseif ""[comparison_case]"" == ""cf"" %} comparison case {% endif %}
{% if '[acm__value]' != ""heat_NA"" %}
({% if ""[acm__geolevel_type]"" == ""sub1"" %}Assessment area-wide
{% elseif ""[acm__geolevel_type]"" == ""sub2"" %}Assessment area-wide
{% elseif ""[acm__geolevel_type]"" == ""city"" %}City-level
{% elseif ""[acm__geolevel_type]"" == ""country"" %}Country-level
{% endif %}
data from {% if '[acm__source]' != ""heat_NA"" %}[acm__source]{% else %}No data source available{% endif %})
{% else %}(No mortality rate data available in HEAT background data)
{% endif %}","#tmpl#
Number of deaths/{{to_local_number(100000)}} inhabitants (within given age range)","Note that the magnitude of effects, i.e. benefits of physical activity and harms of air pollution directly depend on the magnitude of the baseline risk. HEAT will automatically use the mortality rate corresponding to the age range of your population.",NA,NA,NA,NA,NA,NA,NA,NA,NA,NA,NA,NA,NA
"928","Mortality rates","mortality_rate_acm_run_cf",NA,"number_field_only_positive","#tmpl#All-cause mortality rate for {% if ""[active_mode]"" == ""walk"" %} walking {% elseif ""[active_mode]"" == ""bike"" %} cycling {% elseif ""[active_mode]"" == ""ebike"" %} e-biking{% elseif ""[active_mode]"" == ""ebike25"" %} slow e-biking (<25 km/h) {% elseif ""[active_mode]"" == ""ebike45"" %} fast e-biking (<45 km/h) {% elseif ""[active_mode]"" == ""bikeshare"" %} bike-sharing {% elseif ""[active_mode]"" == ""run"" %} running {% endif %} in the {% if ""[comparison_case]"" == ""ref"" %} reference case {% elseif ""[comparison_case]"" == ""cf"" %} comparison case {% endif %}
{% if '[acm__value]' != ""heat_NA"" %}
({% if ""[acm__geolevel_type]"" == ""sub1"" %}Assessment area-wide
{% elseif ""[acm__geolevel_type]"" == ""sub2"" %}Assessment area-wide
{% elseif ""[acm__geolevel_type]"" == ""city"" %}City-level
{% elseif ""[acm__geolevel_type]"" == ""country"" %}Country-level
{% endif %}
data from {% if '[acm__source]' != ""heat_NA"" %}[acm__source]{% else %}No data source available{% endif %})
{% else %}(No mortality rate data available in HEAT background data)
{% endif %}","#tmpl#
Number of deaths/{{to_local_number(100000)}} inhabitants (within given age range)","Note that the magnitude of effects, i.e. benefits of physical activity and harms of air pollution directly depend on the magnitude of the baseline risk. HEAT will automatically use the mortality rate corresponding to the age range of your population.",NA,NA,NA,NA,NA,NA,NA,NA,NA,NA,NA,NA,NA
"929","Mortality rates","mortality_rate_acm_run_ref",NA,"number_field_only_positive","#tmpl#All-cause mortality rate for {% if ""[active_mode]"" == ""walk"" %} walking {% elseif ""[active_mode]"" == ""bike"" %} cycling {% elseif ""[active_mode]"" == ""ebike"" %} e-biking{% elseif ""[active_mode]"" == ""ebike25"" %} slow e-biking (<25 km/h) {% elseif ""[active_mode]"" == ""ebike45"" %} fast e-biking (<45 km/h) {% elseif ""[active_mode]"" == ""bikeshare"" %} bike-sharing {% elseif ""[active_mode]"" == ""run"" %} running {% endif %} in the {% if ""[comparison_case]"" == ""ref"" %} reference case {% elseif ""[comparison_case]"" == ""cf"" %} comparison case {% endif %}
{% if '[acm__value]' != ""heat_NA"" %}
({% if ""[acm__geolevel_type]"" == ""sub1"" %}Assessment area-wide
{% elseif ""[acm__geolevel_type]"" == ""sub2"" %}Assessment area-wide
{% elseif ""[acm__geolevel_type]"" == ""city"" %}City-level
{% elseif ""[acm__geolevel_type]"" == ""country"" %}Country-level
{% endif %}
data from {% if '[acm__source]' != ""heat_NA"" %}[acm__source]{% else %}No data source available{% endif %})
{% else %}(No mortality rate data available in HEAT background data)
{% endif %}","#tmpl#
Number of deaths/{{to_local_number(100000)}} inhabitants (within given age range)","Note that the magnitude of effects, i.e. benefits of physical activity and harms of air pollution directly depend on the magnitude of the baseline risk. HEAT will automatically use the mortality rate corresponding to the age range of your population.",NA,NA,NA,NA,NA,NA,NA,NA,NA,NA,NA,NA,NA
"930","Mortality rates","mortality_rate_acm_walk_cf",NA,"number_field_only_positive","#tmpl#All-cause mortality rate for {% if ""[active_mode]"" == ""walk"" %} walking {% elseif ""[active_mode]"" == ""bike"" %} cycling {% elseif ""[active_mode]"" == ""ebike"" %} e-biking{% elseif ""[active_mode]"" == ""ebike25"" %} slow e-biking (<25 km/h) {% elseif ""[active_mode]"" == ""ebike45"" %} fast e-biking (<45 km/h) {% elseif ""[active_mode]"" == ""bikeshare"" %} bike-sharing {% elseif ""[active_mode]"" == ""run"" %} running {% endif %} in the {% if ""[comparison_case]"" == ""ref"" %} reference case {% elseif ""[comparison_case]"" == ""cf"" %} comparison case {% endif %}
{% if '[acm__value]' != ""heat_NA"" %}
({% if ""[acm__geolevel_type]"" == ""sub1"" %}Assessment area-wide
{% elseif ""[acm__geolevel_type]"" == ""sub2"" %}Assessment area-wide
{% elseif ""[acm__geolevel_type]"" == ""city"" %}City-level
{% elseif ""[acm__geolevel_type]"" == ""country"" %}Country-level
{% endif %}
data from {% if '[acm__source]' != ""heat_NA"" %}[acm__source]{% else %}No data source available{% endif %})
{% else %}(No mortality rate data available in HEAT background data)
{% endif %}","#tmpl#
Number of deaths/{{to_local_number(100000)}} inhabitants (within given age range)","Note that the magnitude of effects, i.e. benefits of physical activity and harms of air pollution directly depend on the magnitude of the baseline risk. HEAT will automatically use the mortality rate corresponding to the age range of your population.",NA,NA,NA,NA,NA,NA,NA,NA,NA,NA,NA,NA,NA
"931","Mortality rates","mortality_rate_acm_walk_ref",NA,"number_field_only_positive","#tmpl#All-cause mortality rate for {% if ""[active_mode]"" == ""walk"" %} walking {% elseif ""[active_mode]"" == ""bike"" %} cycling {% elseif ""[active_mode]"" == ""ebike"" %} e-biking{% elseif ""[active_mode]"" == ""ebike25"" %} slow e-biking (<25 km/h) {% elseif ""[active_mode]"" == ""ebike45"" %} fast e-biking (<45 km/h) {% elseif ""[active_mode]"" == ""bikeshare"" %} bike-sharing {% elseif ""[active_mode]"" == ""run"" %} running {% endif %} in the {% if ""[comparison_case]"" == ""ref"" %} reference case {% elseif ""[comparison_case]"" == ""cf"" %} comparison case {% endif %}
{% if '[acm__value]' != ""heat_NA"" %}
({% if ""[acm__geolevel_type]"" == ""sub1"" %}Assessment area-wide
{% elseif ""[acm__geolevel_type]"" == ""sub2"" %}Assessment area-wide
{% elseif ""[acm__geolevel_type]"" == ""city"" %}City-level
{% elseif ""[acm__geolevel_type]"" == ""country"" %}Country-level
{% endif %}
data from {% if '[acm__source]' != ""heat_NA"" %}[acm__source]{% else %}No data source available{% endif %})
{% else %}(No mortality rate data available in HEAT background data)
{% endif %}","#tmpl#
Number of deaths/{{to_local_number(100000)}} inhabitants (within given age range)","Note that the magnitude of effects, i.e. benefits of physical activity and harms of air pollution directly depend on the magnitude of the baseline risk. HEAT will automatically use the mortality rate corresponding to the age range of your population.",NA,NA,NA,NA,NA,NA,NA,NA,NA,NA,NA,NA,NA
"932","Population size","ap_percentofallages_bike_cf",NA,"number_field_only_positive","#tmpl#
Percent of total population within the age range you are assessing for
{% if ""[active_mode]"" == ""walk"" %} walking
{% elseif ""[active_mode]"" == ""bike"" %} cycling
{% elseif ""[active_mode]"" == ""ebike"" %} e-biking
{% elseif ""[active_mode]"" == ""ebike25"" %} slow e-biking (<25 km/h)
{% elseif ""[active_mode]"" == ""ebike45"" %} fast e-biking (<45 km/h)
{% elseif ""[active_mode]"" == ""bikeshare"" %} bike-sharing
{% elseif ""[active_mode]"" == ""run"" %} running
{% endif %}
in the
{% if ""[comparison_case]"" == ""ref"" %} reference case
{% elseif ""[comparison_case]"" == ""cf"" %} comparison case
{% endif %}
{% if '[percent_of_all_ages__value]' != ""heat_NA"" %}
({% if ""[percent_of_all_ages__geolevel_type]"" == ""sub1"" %}Assessment area-wide
{% elseif ""[percent_of_all_ages__geolevel_type]"" == ""sub2"" %}Assessment area-wide
{% elseif ""[percent_of_all_ages__geolevel_type]"" == ""city"" %}City-level
{% elseif ""[percent_of_all_ages__geolevel_type]"" == ""country"" %}Country-level
{% endif %}
data from {% if '[percent_of_all_ages__source]' != ""heat_NA"" %}[percent_of_all_ages__source]{% else %}No data source available{% endif %})
{% else %}(No population data available in HEAT background data)
{% endif %}",NA,"For country and city assessments this is automatically considered in the population size used (see below).",NA,NA,NA,NA,NA,NA,NA,NA,NA,NA,NA,NA,NA
"933","Population size","ap_percentofallages_bike_ref",NA,"number_field_only_positive","#tmpl#
Percent of total population within the age range you are assessing for
{% if ""[active_mode]"" == ""walk"" %} walking
{% elseif ""[active_mode]"" == ""bike"" %} cycling
{% elseif ""[active_mode]"" == ""ebike"" %} e-biking
{% elseif ""[active_mode]"" == ""ebike25"" %} slow e-biking (<25 km/h)
{% elseif ""[active_mode]"" == ""ebike45"" %} fast e-biking (<45 km/h)
{% elseif ""[active_mode]"" == ""bikeshare"" %} bike-sharing
{% elseif ""[active_mode]"" == ""run"" %} running
{% endif %}
in the
{% if ""[comparison_case]"" == ""ref"" %} reference case
{% elseif ""[comparison_case]"" == ""cf"" %} comparison case
{% endif %}
{% if '[percent_of_all_ages__value]' != ""heat_NA"" %}
({% if ""[percent_of_all_ages__geolevel_type]"" == ""sub1"" %}Assessment area-wide
{% elseif ""[percent_of_all_ages__geolevel_type]"" == ""sub2"" %}Assessment area-wide
{% elseif ""[percent_of_all_ages__geolevel_type]"" == ""city"" %}City-level
{% elseif ""[percent_of_all_ages__geolevel_type]"" == ""country"" %}Country-level
{% endif %}
data from {% if '[percent_of_all_ages__source]' != ""heat_NA"" %}[percent_of_all_ages__source]{% else %}No data source available{% endif %})
{% else %}(No population data available in HEAT background data)
{% endif %}",NA,"For country and city assessments this is automatically considered in the population size used (see below).",NA,NA,NA,NA,NA,NA,NA,NA,NA,NA,NA,NA,NA
"934","Population size","ap_percentofallages_bikeshare_cf",NA,"number_field_only_positive","#tmpl#
Percent of total population within the age range you are assessing for
{% if ""[active_mode]"" == ""walk"" %} walking
{% elseif ""[active_mode]"" == ""bike"" %} cycling
{% elseif ""[active_mode]"" == ""ebike"" %} e-biking
{% elseif ""[active_mode]"" == ""ebike25"" %} slow e-biking (<25 km/h)
{% elseif ""[active_mode]"" == ""ebike45"" %} fast e-biking (<45 km/h)
{% elseif ""[active_mode]"" == ""bikeshare"" %} bike-sharing
{% elseif ""[active_mode]"" == ""run"" %} running
{% endif %}
in the
{% if ""[comparison_case]"" == ""ref"" %} reference case
{% elseif ""[comparison_case]"" == ""cf"" %} comparison case
{% endif %}
{% if '[percent_of_all_ages__value]' != ""heat_NA"" %}
({% if ""[percent_of_all_ages__geolevel_type]"" == ""sub1"" %}Assessment area-wide
{% elseif ""[percent_of_all_ages__geolevel_type]"" == ""sub2"" %}Assessment area-wide
{% elseif ""[percent_of_all_ages__geolevel_type]"" == ""city"" %}City-level
{% elseif ""[percent_of_all_ages__geolevel_type]"" == ""country"" %}Country-level
{% endif %}
data from {% if '[percent_of_all_ages__source]' != ""heat_NA"" %}[percent_of_all_ages__source]{% else %}No data source available{% endif %})
{% else %}(No population data available in HEAT background data)
{% endif %}",NA,"For country and city assessments this is automatically considered in the population size used (see below).",NA,NA,NA,NA,NA,NA,NA,NA,NA,NA,NA,NA,NA
"935","Population size","ap_percentofallages_bikeshare_ref",NA,"number_field_only_positive","#tmpl#
Percent of total population within the age range you are assessing for
{% if ""[active_mode]"" == ""walk"" %} walking
{% elseif ""[active_mode]"" == ""bike"" %} cycling
{% elseif ""[active_mode]"" == ""ebike"" %} e-biking
{% elseif ""[active_mode]"" == ""ebike25"" %} slow e-biking (<25 km/h)
{% elseif ""[active_mode]"" == ""ebike45"" %} fast e-biking (<45 km/h)
{% elseif ""[active_mode]"" == ""bikeshare"" %} bike-sharing
{% elseif ""[active_mode]"" == ""run"" %} running
{% endif %}
in the
{% if ""[comparison_case]"" == ""ref"" %} reference case
{% elseif ""[comparison_case]"" == ""cf"" %} comparison case
{% endif %}
{% if '[percent_of_all_ages__value]' != ""heat_NA"" %}
({% if ""[percent_of_all_ages__geolevel_type]"" == ""sub1"" %}Assessment area-wide
{% elseif ""[percent_of_all_ages__geolevel_type]"" == ""sub2"" %}Assessment area-wide
{% elseif ""[percent_of_all_ages__geolevel_type]"" == ""city"" %}City-level
{% elseif ""[percent_of_all_ages__geolevel_type]"" == ""country"" %}Country-level
{% endif %}
data from {% if '[percent_of_all_ages__source]' != ""heat_NA"" %}[percent_of_all_ages__source]{% else %}No data source available{% endif %})
{% else %}(No population data available in HEAT background data)
{% endif %}",NA,"For country and city assessments this is automatically considered in the population size used (see below).",NA,NA,NA,NA,NA,NA,NA,NA,NA,NA,NA,NA,NA
"936","Population size","ap_percentofallages_ebike_cf",NA,"number_field_only_positive","#tmpl#
Percent of total population within the age range you are assessing for
{% if ""[active_mode]"" == ""walk"" %} walking
{% elseif ""[active_mode]"" == ""bike"" %} cycling
{% elseif ""[active_mode]"" == ""ebike"" %} e-biking
{% elseif ""[active_mode]"" == ""ebike25"" %} slow e-biking (<25 km/h)
{% elseif ""[active_mode]"" == ""ebike45"" %} fast e-biking (<45 km/h)
{% elseif ""[active_mode]"" == ""bikeshare"" %} bike-sharing
{% elseif ""[active_mode]"" == ""run"" %} running
{% endif %}
in the
{% if ""[comparison_case]"" == ""ref"" %} reference case
{% elseif ""[comparison_case]"" == ""cf"" %} comparison case
{% endif %}
{% if '[percent_of_all_ages__value]' != ""heat_NA"" %}
({% if ""[percent_of_all_ages__geolevel_type]"" == ""sub1"" %}Assessment area-wide
{% elseif ""[percent_of_all_ages__geolevel_type]"" == ""sub2"" %}Assessment area-wide
{% elseif ""[percent_of_all_ages__geolevel_type]"" == ""city"" %}City-level
{% elseif ""[percent_of_all_ages__geolevel_type]"" == ""country"" %}Country-level
{% endif %}
data from {% if '[percent_of_all_ages__source]' != ""heat_NA"" %}[percent_of_all_ages__source]{% else %}No data source available{% endif %})
{% else %}(No population data available in HEAT background data)
{% endif %}",NA,"For country and city assessments this is automatically considered in the population size used (see below).",NA,NA,NA,NA,NA,NA,NA,NA,NA,NA,NA,NA,NA
"937","Population size","ap_percentofallages_ebike_ref",NA,"number_field_only_positive","#tmpl#
Percent of total population within the age range you are assessing for
{% if ""[active_mode]"" == ""walk"" %} walking
{% elseif ""[active_mode]"" == ""bike"" %} cycling
{% elseif ""[active_mode]"" == ""ebike"" %} e-biking
{% elseif ""[active_mode]"" == ""ebike25"" %} slow e-biking (<25 km/h)
{% elseif ""[active_mode]"" == ""ebike45"" %} fast e-biking (<45 km/h)
{% elseif ""[active_mode]"" == ""bikeshare"" %} bike-sharing
{% elseif ""[active_mode]"" == ""run"" %} running
{% endif %}
in the
{% if ""[comparison_case]"" == ""ref"" %} reference case
{% elseif ""[comparison_case]"" == ""cf"" %} comparison case
{% endif %}
{% if '[percent_of_all_ages__value]' != ""heat_NA"" %}
({% if ""[percent_of_all_ages__geolevel_type]"" == ""sub1"" %}Assessment area-wide
{% elseif ""[percent_of_all_ages__geolevel_type]"" == ""sub2"" %}Assessment area-wide
{% elseif ""[percent_of_all_ages__geolevel_type]"" == ""city"" %}City-level
{% elseif ""[percent_of_all_ages__geolevel_type]"" == ""country"" %}Country-level
{% endif %}
data from {% if '[percent_of_all_ages__source]' != ""heat_NA"" %}[percent_of_all_ages__source]{% else %}No data source available{% endif %})
{% else %}(No population data available in HEAT background data)
{% endif %}",NA,"For country and city assessments this is automatically considered in the population size used (see below).",NA,NA,NA,NA,NA,NA,NA,NA,NA,NA,NA,NA,NA
"938","Population size","ap_percentofallages_ebike25_cf",NA,"number_field_only_positive","#tmpl#
Percent of total population within the age range you are assessing for
{% if ""[active_mode]"" == ""walk"" %} walking
{% elseif ""[active_mode]"" == ""bike"" %} cycling
{% elseif ""[active_mode]"" == ""ebike"" %} e-biking
{% elseif ""[active_mode]"" == ""ebike25"" %} slow e-biking (<25 km/h)
{% elseif ""[active_mode]"" == ""ebike45"" %} fast e-biking (<45 km/h)
{% elseif ""[active_mode]"" == ""bikeshare"" %} bike-sharing
{% elseif ""[active_mode]"" == ""run"" %} running
{% endif %}
in the
{% if ""[comparison_case]"" == ""ref"" %} reference case
{% elseif ""[comparison_case]"" == ""cf"" %} comparison case
{% endif %}
{% if '[percent_of_all_ages__value]' != ""heat_NA"" %}
({% if ""[percent_of_all_ages__geolevel_type]"" == ""sub1"" %}Assessment area-wide
{% elseif ""[percent_of_all_ages__geolevel_type]"" == ""sub2"" %}Assessment area-wide
{% elseif ""[percent_of_all_ages__geolevel_type]"" == ""city"" %}City-level
{% elseif ""[percent_of_all_ages__geolevel_type]"" == ""country"" %}Country-level
{% endif %}
data from {% if '[percent_of_all_ages__source]' != ""heat_NA"" %}[percent_of_all_ages__source]{% else %}No data source available{% endif %})
{% else %}(No population data available in HEAT background data)
{% endif %}",NA,"For country and city assessments this is automatically considered in the population size used (see below).",NA,NA,NA,NA,NA,NA,NA,NA,NA,NA,NA,NA,NA
"939","Population size","ap_percentofallages_ebike25_ref",NA,"number_field_only_positive","#tmpl#
Percent of total population within the age range you are assessing for
{% if ""[active_mode]"" == ""walk"" %} walking
{% elseif ""[active_mode]"" == ""bike"" %} cycling
{% elseif ""[active_mode]"" == ""ebike"" %} e-biking
{% elseif ""[active_mode]"" == ""ebike25"" %} slow e-biking (<25 km/h)
{% elseif ""[active_mode]"" == ""ebike45"" %} fast e-biking (<45 km/h)
{% elseif ""[active_mode]"" == ""bikeshare"" %} bike-sharing
{% elseif ""[active_mode]"" == ""run"" %} running
{% endif %}
in the
{% if ""[comparison_case]"" == ""ref"" %} reference case
{% elseif ""[comparison_case]"" == ""cf"" %} comparison case
{% endif %}
{% if '[percent_of_all_ages__value]' != ""heat_NA"" %}
({% if ""[percent_of_all_ages__geolevel_type]"" == ""sub1"" %}Assessment area-wide
{% elseif ""[percent_of_all_ages__geolevel_type]"" == ""sub2"" %}Assessment area-wide
{% elseif ""[percent_of_all_ages__geolevel_type]"" == ""city"" %}City-level
{% elseif ""[percent_of_all_ages__geolevel_type]"" == ""country"" %}Country-level
{% endif %}
data from {% if '[percent_of_all_ages__source]' != ""heat_NA"" %}[percent_of_all_ages__source]{% else %}No data source available{% endif %})
{% else %}(No population data available in HEAT background data)
{% endif %}",NA,"For country and city assessments this is automatically considered in the population size used (see below).",NA,NA,NA,NA,NA,NA,NA,NA,NA,NA,NA,NA,NA
"940","Population size","ap_percentofallages_ebike45_cf",NA,"number_field_only_positive","#tmpl#
Percent of total population within the age range you are assessing for
{% if ""[active_mode]"" == ""walk"" %} walking
{% elseif ""[active_mode]"" == ""bike"" %} cycling
{% elseif ""[active_mode]"" == ""ebike"" %} e-biking
{% elseif ""[active_mode]"" == ""ebike25"" %} slow e-biking (<25 km/h)
{% elseif ""[active_mode]"" == ""ebike45"" %} fast e-biking (<45 km/h)
{% elseif ""[active_mode]"" == ""bikeshare"" %} bike-sharing
{% elseif ""[active_mode]"" == ""run"" %} running
{% endif %}
in the
{% if ""[comparison_case]"" == ""ref"" %} reference case
{% elseif ""[comparison_case]"" == ""cf"" %} comparison case
{% endif %}
{% if '[percent_of_all_ages__value]' != ""heat_NA"" %}
({% if ""[percent_of_all_ages__geolevel_type]"" == ""sub1"" %}Assessment area-wide
{% elseif ""[percent_of_all_ages__geolevel_type]"" == ""sub2"" %}Assessment area-wide
{% elseif ""[percent_of_all_ages__geolevel_type]"" == ""city"" %}City-level
{% elseif ""[percent_of_all_ages__geolevel_type]"" == ""country"" %}Country-level
{% endif %}
data from {% if '[percent_of_all_ages__source]' != ""heat_NA"" %}[percent_of_all_ages__source]{% else %}No data source available{% endif %})
{% else %}(No population data available in HEAT background data)
{% endif %}",NA,"For country and city assessments this is automatically considered in the population size used (see below).",NA,NA,NA,NA,NA,NA,NA,NA,NA,NA,NA,NA,NA
"941","Population size","ap_percentofallages_ebike45_ref",NA,"number_field_only_positive","#tmpl#
Percent of total population within the age range you are assessing for
{% if ""[active_mode]"" == ""walk"" %} walking
{% elseif ""[active_mode]"" == ""bike"" %} cycling
{% elseif ""[active_mode]"" == ""ebike"" %} e-biking
{% elseif ""[active_mode]"" == ""ebike25"" %} slow e-biking (<25 km/h)
{% elseif ""[active_mode]"" == ""ebike45"" %} fast e-biking (<45 km/h)
{% elseif ""[active_mode]"" == ""bikeshare"" %} bike-sharing
{% elseif ""[active_mode]"" == ""run"" %} running
{% endif %}
in the
{% if ""[comparison_case]"" == ""ref"" %} reference case
{% elseif ""[comparison_case]"" == ""cf"" %} comparison case
{% endif %}
{% if '[percent_of_all_ages__value]' != ""heat_NA"" %}
({% if ""[percent_of_all_ages__geolevel_type]"" == ""sub1"" %}Assessment area-wide
{% elseif ""[percent_of_all_ages__geolevel_type]"" == ""sub2"" %}Assessment area-wide
{% elseif ""[percent_of_all_ages__geolevel_type]"" == ""city"" %}City-level
{% elseif ""[percent_of_all_ages__geolevel_type]"" == ""country"" %}Country-level
{% endif %}
data from {% if '[percent_of_all_ages__source]' != ""heat_NA"" %}[percent_of_all_ages__source]{% else %}No data source available{% endif %})
{% else %}(No population data available in HEAT background data)
{% endif %}",NA,"For country and city assessments this is automatically considered in the population size used (see below).",NA,NA,NA,NA,NA,NA,NA,NA,NA,NA,NA,NA,NA
"942","Population size","ap_percentofallages_run_cf",NA,"number_field_only_positive","#tmpl#
Percent of total population within the age range you are assessing for
{% if ""[active_mode]"" == ""walk"" %} walking
{% elseif ""[active_mode]"" == ""bike"" %} cycling
{% elseif ""[active_mode]"" == ""ebike"" %} e-biking
{% elseif ""[active_mode]"" == ""ebike25"" %} slow e-biking (<25 km/h)
{% elseif ""[active_mode]"" == ""ebike45"" %} fast e-biking (<45 km/h)
{% elseif ""[active_mode]"" == ""bikeshare"" %} bike-sharing
{% elseif ""[active_mode]"" == ""run"" %} running
{% endif %}
in the
{% if ""[comparison_case]"" == ""ref"" %} reference case
{% elseif ""[comparison_case]"" == ""cf"" %} comparison case
{% endif %}
{% if '[percent_of_all_ages__value]' != ""heat_NA"" %}
({% if ""[percent_of_all_ages__geolevel_type]"" == ""sub1"" %}Assessment area-wide
{% elseif ""[percent_of_all_ages__geolevel_type]"" == ""sub2"" %}Assessment area-wide
{% elseif ""[percent_of_all_ages__geolevel_type]"" == ""city"" %}City-level
{% elseif ""[percent_of_all_ages__geolevel_type]"" == ""country"" %}Country-level
{% endif %}
data from {% if '[percent_of_all_ages__source]' != ""heat_NA"" %}[percent_of_all_ages__source]{% else %}No data source available{% endif %})
{% else %}(No population data available in HEAT background data)
{% endif %}",NA,"For country and city assessments this is automatically considered in the population size used (see below).",NA,NA,NA,NA,NA,NA,NA,NA,NA,NA,NA,NA,NA
"943","Population size","ap_percentofallages_run_ref",NA,"number_field_only_positive","#tmpl#
Percent of total population within the age range you are assessing for
{% if ""[active_mode]"" == ""walk"" %} walking
{% elseif ""[active_mode]"" == ""bike"" %} cycling
{% elseif ""[active_mode]"" == ""ebike"" %} e-biking
{% elseif ""[active_mode]"" == ""ebike25"" %} slow e-biking (<25 km/h)
{% elseif ""[active_mode]"" == ""ebike45"" %} fast e-biking (<45 km/h)
{% elseif ""[active_mode]"" == ""bikeshare"" %} bike-sharing
{% elseif ""[active_mode]"" == ""run"" %} running
{% endif %}
in the
{% if ""[comparison_case]"" == ""ref"" %} reference case
{% elseif ""[comparison_case]"" == ""cf"" %} comparison case
{% endif %}
{% if '[percent_of_all_ages__value]' != ""heat_NA"" %}
({% if ""[percent_of_all_ages__geolevel_type]"" == ""sub1"" %}Assessment area-wide
{% elseif ""[percent_of_all_ages__geolevel_type]"" == ""sub2"" %}Assessment area-wide
{% elseif ""[percent_of_all_ages__geolevel_type]"" == ""city"" %}City-level
{% elseif ""[percent_of_all_ages__geolevel_type]"" == ""country"" %}Country-level
{% endif %}
data from {% if '[percent_of_all_ages__source]' != ""heat_NA"" %}[percent_of_all_ages__source]{% else %}No data source available{% endif %})
{% else %}(No population data available in HEAT background data)
{% endif %}",NA,"For country and city assessments this is automatically considered in the population size used (see below).",NA,NA,NA,NA,NA,NA,NA,NA,NA,NA,NA,NA,NA
"944","Population size","ap_percentofallages_walk_cf",NA,"number_field_only_positive","#tmpl#
Percent of total population within the age range you are assessing for
{% if ""[active_mode]"" == ""walk"" %} walking
{% elseif ""[active_mode]"" == ""bike"" %} cycling
{% elseif ""[active_mode]"" == ""ebike"" %} e-biking
{% elseif ""[active_mode]"" == ""ebike25"" %} slow e-biking (<25 km/h)
{% elseif ""[active_mode]"" == ""ebike45"" %} fast e-biking (<45 km/h)
{% elseif ""[active_mode]"" == ""bikeshare"" %} bike-sharing
{% elseif ""[active_mode]"" == ""run"" %} running
{% endif %}
in the
{% if ""[comparison_case]"" == ""ref"" %} reference case
{% elseif ""[comparison_case]"" == ""cf"" %} comparison case
{% endif %}
{% if '[percent_of_all_ages__value]' != ""heat_NA"" %}
({% if ""[percent_of_all_ages__geolevel_type]"" == ""sub1"" %}Assessment area-wide
{% elseif ""[percent_of_all_ages__geolevel_type]"" == ""sub2"" %}Assessment area-wide
{% elseif ""[percent_of_all_ages__geolevel_type]"" == ""city"" %}City-level
{% elseif ""[percent_of_all_ages__geolevel_type]"" == ""country"" %}Country-level
{% endif %}
data from {% if '[percent_of_all_ages__source]' != ""heat_NA"" %}[percent_of_all_ages__source]{% else %}No data source available{% endif %})
{% else %}(No population data available in HEAT background data)
{% endif %}",NA,"For country and city assessments this is automatically considered in the population size used (see below).",NA,NA,NA,NA,NA,NA,NA,NA,NA,NA,NA,NA,NA
"945","Population size","ap_percentofallages_walk_ref",NA,"number_field_only_positive","#tmpl#
Percent of total population within the age range you are assessing for
{% if ""[active_mode]"" == ""walk"" %} walking
{% elseif ""[active_mode]"" == ""bike"" %} cycling
{% elseif ""[active_mode]"" == ""ebike"" %} e-biking
{% elseif ""[active_mode]"" == ""ebike25"" %} slow e-biking (<25 km/h)
{% elseif ""[active_mode]"" == ""ebike45"" %} fast e-biking (<45 km/h)
{% elseif ""[active_mode]"" == ""bikeshare"" %} bike-sharing
{% elseif ""[active_mode]"" == ""run"" %} running
{% endif %}
in the
{% if ""[comparison_case]"" == ""ref"" %} reference case
{% elseif ""[comparison_case]"" == ""cf"" %} comparison case
{% endif %}
{% if '[percent_of_all_ages__value]' != ""heat_NA"" %}
({% if ""[percent_of_all_ages__geolevel_type]"" == ""sub1"" %}Assessment area-wide
{% elseif ""[percent_of_all_ages__geolevel_type]"" == ""sub2"" %}Assessment area-wide
{% elseif ""[percent_of_all_ages__geolevel_type]"" == ""city"" %}City-level
{% elseif ""[percent_of_all_ages__geolevel_type]"" == ""country"" %}Country-level
{% endif %}
data from {% if '[percent_of_all_ages__source]' != ""heat_NA"" %}[percent_of_all_ages__source]{% else %}No data source available{% endif %})
{% else %}(No population data available in HEAT background data)
{% endif %}",NA,"For country and city assessments this is automatically considered in the population size used (see below).",NA,NA,NA,NA,NA,NA,NA,NA,NA,NA,NA,NA,NA
"946","Population size","raw_activemode_bike_cf_population",NA,"number_field_only_positive","#tmpl#
Population size used for your assessment of 
{% if ""[active_mode]"" == ""walk"" %} walking
{% elseif ""[active_mode]"" == ""bike"" %} cycling
{% elseif ""[active_mode]"" == ""ebike"" %} e-biking
{% elseif ""[active_mode]"" == ""ebike25"" %} slow e-biking (<25 km/h)
{% elseif ""[active_mode]"" == ""ebike45"" %} fast e-biking (<45 km/h)
{% elseif ""[active_mode]"" == ""bikeshare"" %} bike-sharing
{% elseif ""[active_mode]"" == ""run"" %} running
{% endif %} 
in the
{% if ""[comparison_case]"" == ""ref"" %} reference case
{% elseif ""[comparison_case]"" == ""cf"" %} comparison case
{% endif %}","#tmpl#
{% if input$raw_activemode_walk_ref_source == ""counts"" && ""[active_mode]"" == ""walk"" %} Note that since your data is based on counts, the population size specified here has no influence on the final result. The total volume of walking is entirely captured in your count data (counts * distance per count). However, for communication purposes you can specify the population size here, which is relevant for your assessment, for example people living in the vicinity of a bicycle or pedestrian trail, or in the study area covered by your counts.  
{% elseif input$raw_activemode_bike_ref_source == ""counts"" && ""[active_mode]"" == ""bike"" %} Note that since your data is based on counts, the population size specified here has no influence on the final result. The total volume of cycling is entirely captured in your count data (counts * distance per count). However, for communication purposes you can specify the population size here, which is relevant for your assessment, for example people living in the vicinity of a bicycle or pedestrian trail, or in the study area covered by your counts.
{% elseif input$raw_activemode_ebike_ref_source == ""counts"" && ""[active_mode]"" == ""ebike"" %} Note that since your data is based on counts, the population size specified here has no influence on the final result. The total volume of e-biking is entirely captured in your count data (counts * distance per count). However, for communication purposes you can specify the population size here, which is relevant for your assessment, for example people living in the vicinity of a bicycle or pedestrian trail, or in the study area covered by your counts.
{% endif %}","Only includes assessed age range! For country and city assessments this is automatically calculated based on data above (if available). For subcity-level assessments enter population size that reflects appropriated age range.",NA,NA,NA,NA,NA,NA,NA,NA,NA,NA,NA,NA,NA
"947","Population size","raw_activemode_bike_ref_population",NA,"number_field_only_positive","#tmpl#
Population size used for your assessment of 
{% if ""[active_mode]"" == ""walk"" %} walking
{% elseif ""[active_mode]"" == ""bike"" %} cycling
{% elseif ""[active_mode]"" == ""ebike"" %} e-biking
{% elseif ""[active_mode]"" == ""ebike25"" %} slow e-biking (<25 km/h)
{% elseif ""[active_mode]"" == ""ebike45"" %} fast e-biking (<45 km/h)
{% elseif ""[active_mode]"" == ""bikeshare"" %} bike-sharing
{% elseif ""[active_mode]"" == ""run"" %} running
{% endif %} 
in the
{% if ""[comparison_case]"" == ""ref"" %} reference case
{% elseif ""[comparison_case]"" == ""cf"" %} comparison case
{% endif %}","#tmpl#
{% if input$raw_activemode_walk_ref_source == ""counts"" && ""[active_mode]"" == ""walk"" %} Note that since your data is based on counts, the population size specified here has no influence on the final result. The total volume of walking is entirely captured in your count data (counts * distance per count). However, for communication purposes you can specify the population size here, which is relevant for your assessment, for example people living in the vicinity of a bicycle or pedestrian trail, or in the study area covered by your counts.  
{% elseif input$raw_activemode_bike_ref_source == ""counts"" && ""[active_mode]"" == ""bike"" %} Note that since your data is based on counts, the population size specified here has no influence on the final result. The total volume of cycling is entirely captured in your count data (counts * distance per count). However, for communication purposes you can specify the population size here, which is relevant for your assessment, for example people living in the vicinity of a bicycle or pedestrian trail, or in the study area covered by your counts.
{% elseif input$raw_activemode_ebike_ref_source == ""counts"" && ""[active_mode]"" == ""ebike"" %} Note that since your data is based on counts, the population size specified here has no influence on the final result. The total volume of e-biking is entirely captured in your count data (counts * distance per count). However, for communication purposes you can specify the population size here, which is relevant for your assessment, for example people living in the vicinity of a bicycle or pedestrian trail, or in the study area covered by your counts.
{% endif %}","Only includes assessed age range! For country and city assessments this is automatically calculated based on data above (if available). For subcity-level assessments enter population size that reflects appropriated age range.",NA,NA,NA,NA,NA,NA,NA,NA,NA,NA,NA,NA,NA
"948","Population size","raw_activemode_bikeshare_cf_population",NA,"number_field_only_positive","#tmpl#
Population size used for your assessment of 
{% if ""[active_mode]"" == ""walk"" %} walking
{% elseif ""[active_mode]"" == ""bike"" %} cycling
{% elseif ""[active_mode]"" == ""ebike"" %} e-biking
{% elseif ""[active_mode]"" == ""ebike25"" %} slow e-biking (<25 km/h)
{% elseif ""[active_mode]"" == ""ebike45"" %} fast e-biking (<45 km/h)
{% elseif ""[active_mode]"" == ""bikeshare"" %} bike-sharing
{% elseif ""[active_mode]"" == ""run"" %} running
{% endif %} 
in the
{% if ""[comparison_case]"" == ""ref"" %} reference case
{% elseif ""[comparison_case]"" == ""cf"" %} comparison case
{% endif %}","#tmpl#
{% if input$raw_activemode_walk_ref_source == ""counts"" && ""[active_mode]"" == ""walk"" %} Note that since your data is based on counts, the population size specified here has no influence on the final result. The total volume of walking is entirely captured in your count data (counts * distance per count). However, for communication purposes you can specify the population size here, which is relevant for your assessment, for example people living in the vicinity of a bicycle or pedestrian trail, or in the study area covered by your counts.  
{% elseif input$raw_activemode_bike_ref_source == ""counts"" && ""[active_mode]"" == ""bike"" %} Note that since your data is based on counts, the population size specified here has no influence on the final result. The total volume of cycling is entirely captured in your count data (counts * distance per count). However, for communication purposes you can specify the population size here, which is relevant for your assessment, for example people living in the vicinity of a bicycle or pedestrian trail, or in the study area covered by your counts.
{% elseif input$raw_activemode_ebike_ref_source == ""counts"" && ""[active_mode]"" == ""ebike"" %} Note that since your data is based on counts, the population size specified here has no influence on the final result. The total volume of e-biking is entirely captured in your count data (counts * distance per count). However, for communication purposes you can specify the population size here, which is relevant for your assessment, for example people living in the vicinity of a bicycle or pedestrian trail, or in the study area covered by your counts.
{% endif %}","Only includes assessed age range! For country and city assessments this is automatically calculated based on data above (if available). For subcity-level assessments enter population size that reflects appropriated age range.",NA,NA,NA,NA,NA,NA,NA,NA,NA,NA,NA,NA,NA
"949","Population size","raw_activemode_bikeshare_ref_population",NA,"number_field_only_positive","#tmpl#
Population size used for your assessment of 
{% if ""[active_mode]"" == ""walk"" %} walking
{% elseif ""[active_mode]"" == ""bike"" %} cycling
{% elseif ""[active_mode]"" == ""ebike"" %} e-biking
{% elseif ""[active_mode]"" == ""ebike25"" %} slow e-biking (<25 km/h)
{% elseif ""[active_mode]"" == ""ebike45"" %} fast e-biking (<45 km/h)
{% elseif ""[active_mode]"" == ""bikeshare"" %} bike-sharing
{% elseif ""[active_mode]"" == ""run"" %} running
{% endif %} 
in the
{% if ""[comparison_case]"" == ""ref"" %} reference case
{% elseif ""[comparison_case]"" == ""cf"" %} comparison case
{% endif %}","#tmpl#
{% if input$raw_activemode_walk_ref_source == ""counts"" && ""[active_mode]"" == ""walk"" %} Note that since your data is based on counts, the population size specified here has no influence on the final result. The total volume of walking is entirely captured in your count data (counts * distance per count). However, for communication purposes you can specify the population size here, which is relevant for your assessment, for example people living in the vicinity of a bicycle or pedestrian trail, or in the study area covered by your counts.  
{% elseif input$raw_activemode_bike_ref_source == ""counts"" && ""[active_mode]"" == ""bike"" %} Note that since your data is based on counts, the population size specified here has no influence on the final result. The total volume of cycling is entirely captured in your count data (counts * distance per count). However, for communication purposes you can specify the population size here, which is relevant for your assessment, for example people living in the vicinity of a bicycle or pedestrian trail, or in the study area covered by your counts.
{% elseif input$raw_activemode_ebike_ref_source == ""counts"" && ""[active_mode]"" == ""ebike"" %} Note that since your data is based on counts, the population size specified here has no influence on the final result. The total volume of e-biking is entirely captured in your count data (counts * distance per count). However, for communication purposes you can specify the population size here, which is relevant for your assessment, for example people living in the vicinity of a bicycle or pedestrian trail, or in the study area covered by your counts.
{% endif %}","Only includes assessed age range! For country and city assessments this is automatically calculated based on data above (if available). For subcity-level assessments enter population size that reflects appropriated age range.",NA,NA,NA,NA,NA,NA,NA,NA,NA,NA,NA,NA,NA
"950","Population size","raw_activemode_ebike_cf_population",NA,"number_field_only_positive","#tmpl#
Population size used for your assessment of 
{% if ""[active_mode]"" == ""walk"" %} walking
{% elseif ""[active_mode]"" == ""bike"" %} cycling
{% elseif ""[active_mode]"" == ""ebike"" %} e-biking
{% elseif ""[active_mode]"" == ""ebike25"" %} slow e-biking (<25 km/h)
{% elseif ""[active_mode]"" == ""ebike45"" %} fast e-biking (<45 km/h)
{% elseif ""[active_mode]"" == ""bikeshare"" %} bike-sharing
{% elseif ""[active_mode]"" == ""run"" %} running
{% endif %} 
in the
{% if ""[comparison_case]"" == ""ref"" %} reference case
{% elseif ""[comparison_case]"" == ""cf"" %} comparison case
{% endif %}","#tmpl#
{% if input$raw_activemode_walk_ref_source == ""counts"" && ""[active_mode]"" == ""walk"" %} Note that since your data is based on counts, the population size specified here has no influence on the final result. The total volume of walking is entirely captured in your count data (counts * distance per count). However, for communication purposes you can specify the population size here, which is relevant for your assessment, for example people living in the vicinity of a bicycle or pedestrian trail, or in the study area covered by your counts.  
{% elseif input$raw_activemode_bike_ref_source == ""counts"" && ""[active_mode]"" == ""bike"" %} Note that since your data is based on counts, the population size specified here has no influence on the final result. The total volume of cycling is entirely captured in your count data (counts * distance per count). However, for communication purposes you can specify the population size here, which is relevant for your assessment, for example people living in the vicinity of a bicycle or pedestrian trail, or in the study area covered by your counts.
{% elseif input$raw_activemode_ebike_ref_source == ""counts"" && ""[active_mode]"" == ""ebike"" %} Note that since your data is based on counts, the population size specified here has no influence on the final result. The total volume of e-biking is entirely captured in your count data (counts * distance per count). However, for communication purposes you can specify the population size here, which is relevant for your assessment, for example people living in the vicinity of a bicycle or pedestrian trail, or in the study area covered by your counts.
{% endif %}","Only includes assessed age range! For country and city assessments this is automatically calculated based on data above (if available). For subcity-level assessments enter population size that reflects appropriated age range.",NA,NA,NA,NA,NA,NA,NA,NA,NA,NA,NA,NA,NA
"951","Population size","raw_activemode_ebike_ref_population",NA,"number_field_only_positive","#tmpl#
Population size used for your assessment of 
{% if ""[active_mode]"" == ""walk"" %} walking
{% elseif ""[active_mode]"" == ""bike"" %} cycling
{% elseif ""[active_mode]"" == ""ebike"" %} e-biking
{% elseif ""[active_mode]"" == ""ebike25"" %} slow e-biking (<25 km/h)
{% elseif ""[active_mode]"" == ""ebike45"" %} fast e-biking (<45 km/h)
{% elseif ""[active_mode]"" == ""bikeshare"" %} bike-sharing
{% elseif ""[active_mode]"" == ""run"" %} running
{% endif %} 
in the
{% if ""[comparison_case]"" == ""ref"" %} reference case
{% elseif ""[comparison_case]"" == ""cf"" %} comparison case
{% endif %}","#tmpl#
{% if input$raw_activemode_walk_ref_source == ""counts"" && ""[active_mode]"" == ""walk"" %} Note that since your data is based on counts, the population size specified here has no influence on the final result. The total volume of walking is entirely captured in your count data (counts * distance per count). However, for communication purposes you can specify the population size here, which is relevant for your assessment, for example people living in the vicinity of a bicycle or pedestrian trail, or in the study area covered by your counts.  
{% elseif input$raw_activemode_bike_ref_source == ""counts"" && ""[active_mode]"" == ""bike"" %} Note that since your data is based on counts, the population size specified here has no influence on the final result. The total volume of cycling is entirely captured in your count data (counts * distance per count). However, for communication purposes you can specify the population size here, which is relevant for your assessment, for example people living in the vicinity of a bicycle or pedestrian trail, or in the study area covered by your counts.
{% elseif input$raw_activemode_ebike_ref_source == ""counts"" && ""[active_mode]"" == ""ebike"" %} Note that since your data is based on counts, the population size specified here has no influence on the final result. The total volume of e-biking is entirely captured in your count data (counts * distance per count). However, for communication purposes you can specify the population size here, which is relevant for your assessment, for example people living in the vicinity of a bicycle or pedestrian trail, or in the study area covered by your counts.
{% endif %}","Only includes assessed age range! For country and city assessments this is automatically calculated based on data above (if available). For subcity-level assessments enter population size that reflects appropriated age range.",NA,NA,NA,NA,NA,NA,NA,NA,NA,NA,NA,NA,NA
"952","Population size","raw_activemode_ebike25_cf_population",NA,"number_field_only_positive","#tmpl#
Population size used for your assessment of 
{% if ""[active_mode]"" == ""walk"" %} walking
{% elseif ""[active_mode]"" == ""bike"" %} cycling
{% elseif ""[active_mode]"" == ""ebike"" %} e-biking
{% elseif ""[active_mode]"" == ""ebike25"" %} slow e-biking (<25 km/h)
{% elseif ""[active_mode]"" == ""ebike45"" %} fast e-biking (<45 km/h)
{% elseif ""[active_mode]"" == ""bikeshare"" %} bike-sharing
{% elseif ""[active_mode]"" == ""run"" %} running
{% endif %} 
in the
{% if ""[comparison_case]"" == ""ref"" %} reference case
{% elseif ""[comparison_case]"" == ""cf"" %} comparison case
{% endif %}","#tmpl#
{% if input$raw_activemode_walk_ref_source == ""counts"" && ""[active_mode]"" == ""walk"" %} Note that since your data is based on counts, the population size specified here has no influence on the final result. The total volume of walking is entirely captured in your count data (counts * distance per count). However, for communication purposes you can specify the population size here, which is relevant for your assessment, for example people living in the vicinity of a bicycle or pedestrian trail, or in the study area covered by your counts.  
{% elseif input$raw_activemode_bike_ref_source == ""counts"" && ""[active_mode]"" == ""bike"" %} Note that since your data is based on counts, the population size specified here has no influence on the final result. The total volume of cycling is entirely captured in your count data (counts * distance per count). However, for communication purposes you can specify the population size here, which is relevant for your assessment, for example people living in the vicinity of a bicycle or pedestrian trail, or in the study area covered by your counts.
{% elseif input$raw_activemode_ebike_ref_source == ""counts"" && ""[active_mode]"" == ""ebike"" %} Note that since your data is based on counts, the population size specified here has no influence on the final result. The total volume of e-biking is entirely captured in your count data (counts * distance per count). However, for communication purposes you can specify the population size here, which is relevant for your assessment, for example people living in the vicinity of a bicycle or pedestrian trail, or in the study area covered by your counts.
{% endif %}","Only includes assessed age range! For country and city assessments this is automatically calculated based on data above (if available). For subcity-level assessments enter population size that reflects appropriated age range.",NA,NA,NA,NA,NA,NA,NA,NA,NA,NA,NA,NA,NA
"953","Population size","raw_activemode_ebike25_ref_population",NA,"number_field_only_positive","#tmpl#
Population size used for your assessment of 
{% if ""[active_mode]"" == ""walk"" %} walking
{% elseif ""[active_mode]"" == ""bike"" %} cycling
{% elseif ""[active_mode]"" == ""ebike"" %} e-biking
{% elseif ""[active_mode]"" == ""ebike25"" %} slow e-biking (<25 km/h)
{% elseif ""[active_mode]"" == ""ebike45"" %} fast e-biking (<45 km/h)
{% elseif ""[active_mode]"" == ""bikeshare"" %} bike-sharing
{% elseif ""[active_mode]"" == ""run"" %} running
{% endif %} 
in the
{% if ""[comparison_case]"" == ""ref"" %} reference case
{% elseif ""[comparison_case]"" == ""cf"" %} comparison case
{% endif %}","#tmpl#
{% if input$raw_activemode_walk_ref_source == ""counts"" && ""[active_mode]"" == ""walk"" %} Note that since your data is based on counts, the population size specified here has no influence on the final result. The total volume of walking is entirely captured in your count data (counts * distance per count). However, for communication purposes you can specify the population size here, which is relevant for your assessment, for example people living in the vicinity of a bicycle or pedestrian trail, or in the study area covered by your counts.  
{% elseif input$raw_activemode_bike_ref_source == ""counts"" && ""[active_mode]"" == ""bike"" %} Note that since your data is based on counts, the population size specified here has no influence on the final result. The total volume of cycling is entirely captured in your count data (counts * distance per count). However, for communication purposes you can specify the population size here, which is relevant for your assessment, for example people living in the vicinity of a bicycle or pedestrian trail, or in the study area covered by your counts.
{% elseif input$raw_activemode_ebike_ref_source == ""counts"" && ""[active_mode]"" == ""ebike"" %} Note that since your data is based on counts, the population size specified here has no influence on the final result. The total volume of e-biking is entirely captured in your count data (counts * distance per count). However, for communication purposes you can specify the population size here, which is relevant for your assessment, for example people living in the vicinity of a bicycle or pedestrian trail, or in the study area covered by your counts.
{% endif %}","Only includes assessed age range! For country and city assessments this is automatically calculated based on data above (if available). For subcity-level assessments enter population size that reflects appropriated age range.",NA,NA,NA,NA,NA,NA,NA,NA,NA,NA,NA,NA,NA
"954","Population size","raw_activemode_ebike45_cf_population",NA,"number_field_only_positive","#tmpl#
Population size used for your assessment of 
{% if ""[active_mode]"" == ""walk"" %} walking
{% elseif ""[active_mode]"" == ""bike"" %} cycling
{% elseif ""[active_mode]"" == ""ebike"" %} e-biking
{% elseif ""[active_mode]"" == ""ebike25"" %} slow e-biking (<25 km/h)
{% elseif ""[active_mode]"" == ""ebike45"" %} fast e-biking (<45 km/h)
{% elseif ""[active_mode]"" == ""bikeshare"" %} bike-sharing
{% elseif ""[active_mode]"" == ""run"" %} running
{% endif %} 
in the
{% if ""[comparison_case]"" == ""ref"" %} reference case
{% elseif ""[comparison_case]"" == ""cf"" %} comparison case
{% endif %}","#tmpl#
{% if input$raw_activemode_walk_ref_source == ""counts"" && ""[active_mode]"" == ""walk"" %} Note that since your data is based on counts, the population size specified here has no influence on the final result. The total volume of walking is entirely captured in your count data (counts * distance per count). However, for communication purposes you can specify the population size here, which is relevant for your assessment, for example people living in the vicinity of a bicycle or pedestrian trail, or in the study area covered by your counts.  
{% elseif input$raw_activemode_bike_ref_source == ""counts"" && ""[active_mode]"" == ""bike"" %} Note that since your data is based on counts, the population size specified here has no influence on the final result. The total volume of cycling is entirely captured in your count data (counts * distance per count). However, for communication purposes you can specify the population size here, which is relevant for your assessment, for example people living in the vicinity of a bicycle or pedestrian trail, or in the study area covered by your counts.
{% elseif input$raw_activemode_ebike_ref_source == ""counts"" && ""[active_mode]"" == ""ebike"" %} Note that since your data is based on counts, the population size specified here has no influence on the final result. The total volume of e-biking is entirely captured in your count data (counts * distance per count). However, for communication purposes you can specify the population size here, which is relevant for your assessment, for example people living in the vicinity of a bicycle or pedestrian trail, or in the study area covered by your counts.
{% endif %}","Only includes assessed age range! For country and city assessments this is automatically calculated based on data above (if available). For subcity-level assessments enter population size that reflects appropriated age range.",NA,NA,NA,NA,NA,NA,NA,NA,NA,NA,NA,NA,NA
"955","Population size","raw_activemode_ebike45_ref_population",NA,"number_field_only_positive","#tmpl#
Population size used for your assessment of 
{% if ""[active_mode]"" == ""walk"" %} walking
{% elseif ""[active_mode]"" == ""bike"" %} cycling
{% elseif ""[active_mode]"" == ""ebike"" %} e-biking
{% elseif ""[active_mode]"" == ""ebike25"" %} slow e-biking (<25 km/h)
{% elseif ""[active_mode]"" == ""ebike45"" %} fast e-biking (<45 km/h)
{% elseif ""[active_mode]"" == ""bikeshare"" %} bike-sharing
{% elseif ""[active_mode]"" == ""run"" %} running
{% endif %} 
in the
{% if ""[comparison_case]"" == ""ref"" %} reference case
{% elseif ""[comparison_case]"" == ""cf"" %} comparison case
{% endif %}","#tmpl#
{% if input$raw_activemode_walk_ref_source == ""counts"" && ""[active_mode]"" == ""walk"" %} Note that since your data is based on counts, the population size specified here has no influence on the final result. The total volume of walking is entirely captured in your count data (counts * distance per count). However, for communication purposes you can specify the population size here, which is relevant for your assessment, for example people living in the vicinity of a bicycle or pedestrian trail, or in the study area covered by your counts.  
{% elseif input$raw_activemode_bike_ref_source == ""counts"" && ""[active_mode]"" == ""bike"" %} Note that since your data is based on counts, the population size specified here has no influence on the final result. The total volume of cycling is entirely captured in your count data (counts * distance per count). However, for communication purposes you can specify the population size here, which is relevant for your assessment, for example people living in the vicinity of a bicycle or pedestrian trail, or in the study area covered by your counts.
{% elseif input$raw_activemode_ebike_ref_source == ""counts"" && ""[active_mode]"" == ""ebike"" %} Note that since your data is based on counts, the population size specified here has no influence on the final result. The total volume of e-biking is entirely captured in your count data (counts * distance per count). However, for communication purposes you can specify the population size here, which is relevant for your assessment, for example people living in the vicinity of a bicycle or pedestrian trail, or in the study area covered by your counts.
{% endif %}","Only includes assessed age range! For country and city assessments this is automatically calculated based on data above (if available). For subcity-level assessments enter population size that reflects appropriated age range.",NA,NA,NA,NA,NA,NA,NA,NA,NA,NA,NA,NA,NA
"956","Population size","raw_activemode_run_cf_population",NA,"number_field_only_positive","#tmpl#
Population size used for your assessment of 
{% if ""[active_mode]"" == ""walk"" %} walking
{% elseif ""[active_mode]"" == ""bike"" %} cycling
{% elseif ""[active_mode]"" == ""ebike"" %} e-biking
{% elseif ""[active_mode]"" == ""ebike25"" %} slow e-biking (<25 km/h)
{% elseif ""[active_mode]"" == ""ebike45"" %} fast e-biking (<45 km/h)
{% elseif ""[active_mode]"" == ""bikeshare"" %} bike-sharing
{% elseif ""[active_mode]"" == ""run"" %} running
{% endif %} 
in the
{% if ""[comparison_case]"" == ""ref"" %} reference case
{% elseif ""[comparison_case]"" == ""cf"" %} comparison case
{% endif %}","#tmpl#
{% if input$raw_activemode_walk_ref_source == ""counts"" && ""[active_mode]"" == ""walk"" %} Note that since your data is based on counts, the population size specified here has no influence on the final result. The total volume of walking is entirely captured in your count data (counts * distance per count). However, for communication purposes you can specify the population size here, which is relevant for your assessment, for example people living in the vicinity of a bicycle or pedestrian trail, or in the study area covered by your counts.  
{% elseif input$raw_activemode_bike_ref_source == ""counts"" && ""[active_mode]"" == ""bike"" %} Note that since your data is based on counts, the population size specified here has no influence on the final result. The total volume of cycling is entirely captured in your count data (counts * distance per count). However, for communication purposes you can specify the population size here, which is relevant for your assessment, for example people living in the vicinity of a bicycle or pedestrian trail, or in the study area covered by your counts.
{% elseif input$raw_activemode_ebike_ref_source == ""counts"" && ""[active_mode]"" == ""ebike"" %} Note that since your data is based on counts, the population size specified here has no influence on the final result. The total volume of e-biking is entirely captured in your count data (counts * distance per count). However, for communication purposes you can specify the population size here, which is relevant for your assessment, for example people living in the vicinity of a bicycle or pedestrian trail, or in the study area covered by your counts.
{% endif %}","Only includes assessed age range! For country and city assessments this is automatically calculated based on data above (if available). For subcity-level assessments enter population size that reflects appropriated age range.",NA,NA,NA,NA,NA,NA,NA,NA,NA,NA,NA,NA,NA
"957","Population size","raw_activemode_run_ref_population",NA,"number_field_only_positive","#tmpl#
Population size used for your assessment of 
{% if ""[active_mode]"" == ""walk"" %} walking
{% elseif ""[active_mode]"" == ""bike"" %} cycling
{% elseif ""[active_mode]"" == ""ebike"" %} e-biking
{% elseif ""[active_mode]"" == ""ebike25"" %} slow e-biking (<25 km/h)
{% elseif ""[active_mode]"" == ""ebike45"" %} fast e-biking (<45 km/h)
{% elseif ""[active_mode]"" == ""bikeshare"" %} bike-sharing
{% elseif ""[active_mode]"" == ""run"" %} running
{% endif %} 
in the
{% if ""[comparison_case]"" == ""ref"" %} reference case
{% elseif ""[comparison_case]"" == ""cf"" %} comparison case
{% endif %}","#tmpl#
{% if input$raw_activemode_walk_ref_source == ""counts"" && ""[active_mode]"" == ""walk"" %} Note that since your data is based on counts, the population size specified here has no influence on the final result. The total volume of walking is entirely captured in your count data (counts * distance per count). However, for communication purposes you can specify the population size here, which is relevant for your assessment, for example people living in the vicinity of a bicycle or pedestrian trail, or in the study area covered by your counts.  
{% elseif input$raw_activemode_bike_ref_source == ""counts"" && ""[active_mode]"" == ""bike"" %} Note that since your data is based on counts, the population size specified here has no influence on the final result. The total volume of cycling is entirely captured in your count data (counts * distance per count). However, for communication purposes you can specify the population size here, which is relevant for your assessment, for example people living in the vicinity of a bicycle or pedestrian trail, or in the study area covered by your counts.
{% elseif input$raw_activemode_ebike_ref_source == ""counts"" && ""[active_mode]"" == ""ebike"" %} Note that since your data is based on counts, the population size specified here has no influence on the final result. The total volume of e-biking is entirely captured in your count data (counts * distance per count). However, for communication purposes you can specify the population size here, which is relevant for your assessment, for example people living in the vicinity of a bicycle or pedestrian trail, or in the study area covered by your counts.
{% endif %}","Only includes assessed age range! For country and city assessments this is automatically calculated based on data above (if available). For subcity-level assessments enter population size that reflects appropriated age range.",NA,NA,NA,NA,NA,NA,NA,NA,NA,NA,NA,NA,NA
"958","Population size","raw_activemode_walk_cf_population",NA,"number_field_only_positive","#tmpl#
Population size used for your assessment of 
{% if ""[active_mode]"" == ""walk"" %} walking
{% elseif ""[active_mode]"" == ""bike"" %} cycling
{% elseif ""[active_mode]"" == ""ebike"" %} e-biking
{% elseif ""[active_mode]"" == ""ebike25"" %} slow e-biking (<25 km/h)
{% elseif ""[active_mode]"" == ""ebike45"" %} fast e-biking (<45 km/h)
{% elseif ""[active_mode]"" == ""bikeshare"" %} bike-sharing
{% elseif ""[active_mode]"" == ""run"" %} running
{% endif %} 
in the
{% if ""[comparison_case]"" == ""ref"" %} reference case
{% elseif ""[comparison_case]"" == ""cf"" %} comparison case
{% endif %}","#tmpl#
{% if input$raw_activemode_walk_ref_source == ""counts"" && ""[active_mode]"" == ""walk"" %} Note that since your data is based on counts, the population size specified here has no influence on the final result. The total volume of walking is entirely captured in your count data (counts * distance per count). However, for communication purposes you can specify the population size here, which is relevant for your assessment, for example people living in the vicinity of a bicycle or pedestrian trail, or in the study area covered by your counts.  
{% elseif input$raw_activemode_bike_ref_source == ""counts"" && ""[active_mode]"" == ""bike"" %} Note that since your data is based on counts, the population size specified here has no influence on the final result. The total volume of cycling is entirely captured in your count data (counts * distance per count). However, for communication purposes you can specify the population size here, which is relevant for your assessment, for example people living in the vicinity of a bicycle or pedestrian trail, or in the study area covered by your counts.
{% elseif input$raw_activemode_ebike_ref_source == ""counts"" && ""[active_mode]"" == ""ebike"" %} Note that since your data is based on counts, the population size specified here has no influence on the final result. The total volume of e-biking is entirely captured in your count data (counts * distance per count). However, for communication purposes you can specify the population size here, which is relevant for your assessment, for example people living in the vicinity of a bicycle or pedestrian trail, or in the study area covered by your counts.
{% endif %}","Only includes assessed age range! For country and city assessments this is automatically calculated based on data above (if available). For subcity-level assessments enter population size that reflects appropriated age range.",NA,NA,NA,NA,NA,NA,NA,NA,NA,NA,NA,NA,NA
"959","Population size","raw_activemode_walk_ref_population",NA,"number_field_only_positive","#tmpl#
Population size used for your assessment of 
{% if ""[active_mode]"" == ""walk"" %} walking
{% elseif ""[active_mode]"" == ""bike"" %} cycling
{% elseif ""[active_mode]"" == ""ebike"" %} e-biking
{% elseif ""[active_mode]"" == ""ebike25"" %} slow e-biking (<25 km/h)
{% elseif ""[active_mode]"" == ""ebike45"" %} fast e-biking (<45 km/h)
{% elseif ""[active_mode]"" == ""bikeshare"" %} bike-sharing
{% elseif ""[active_mode]"" == ""run"" %} running
{% endif %} 
in the
{% if ""[comparison_case]"" == ""ref"" %} reference case
{% elseif ""[comparison_case]"" == ""cf"" %} comparison case
{% endif %}","#tmpl#
{% if input$raw_activemode_walk_ref_source == ""counts"" && ""[active_mode]"" == ""walk"" %} Note that since your data is based on counts, the population size specified here has no influence on the final result. The total volume of walking is entirely captured in your count data (counts * distance per count). However, for communication purposes you can specify the population size here, which is relevant for your assessment, for example people living in the vicinity of a bicycle or pedestrian trail, or in the study area covered by your counts.  
{% elseif input$raw_activemode_bike_ref_source == ""counts"" && ""[active_mode]"" == ""bike"" %} Note that since your data is based on counts, the population size specified here has no influence on the final result. The total volume of cycling is entirely captured in your count data (counts * distance per count). However, for communication purposes you can specify the population size here, which is relevant for your assessment, for example people living in the vicinity of a bicycle or pedestrian trail, or in the study area covered by your counts.
{% elseif input$raw_activemode_ebike_ref_source == ""counts"" && ""[active_mode]"" == ""ebike"" %} Note that since your data is based on counts, the population size specified here has no influence on the final result. The total volume of e-biking is entirely captured in your count data (counts * distance per count). However, for communication purposes you can specify the population size here, which is relevant for your assessment, for example people living in the vicinity of a bicycle or pedestrian trail, or in the study area covered by your counts.
{% endif %}","Only includes assessed age range! For country and city assessments this is automatically calculated based on data above (if available). For subcity-level assessments enter population size that reflects appropriated age range.",NA,NA,NA,NA,NA,NA,NA,NA,NA,NA,NA,NA,NA
"960","Motorized modes data","raw_motorizedmode_bus_[comparisoncase]_alltrips",NA,"number_field_only_positive","What is the total amount of travel by all modes, per person, per day?","This refers to travel by all modes. The unit (trips, distance or time) should correspond with the %-figure provided above.","Note that this is amount is per person, per day!","Total number of trips",NA,NA,NA,NA,NA,NA,NA,NA,NA,NA,NA,NA
"961","Motorized modes data","raw_motorizedmode_car_[comparisoncase]_alltrips",NA,"number_field_only_positive","What is the total amount of travel by all modes, per person, per day?","This refers to travel by all modes. The unit (trips, distance or time) should correspond with the %-figure provided above.","Note that this is amount is per person, per day!","Total number of trips",NA,NA,NA,NA,NA,NA,NA,NA,NA,NA,NA,NA
"962","Motorized modes data","raw_motorizedmode_cardriver_[comparisoncase]_alltrips",NA,"number_field_only_positive","What is the total amount of travel by all modes, per person, per day?","This refers to travel by all modes. The unit (trips, distance or time) should correspond with the %-figure provided above.","Note that this is amount is per person, per day!","Total number of trips",NA,NA,NA,NA,NA,NA,NA,NA,NA,NA,NA,NA
"963","Motorized modes data","raw_motorizedmode_carpassenger_[comparisoncase]_alltrips",NA,"number_field_only_positive","What is the total amount of travel by all modes, per person, per day?","This refers to travel by all modes. The unit (trips, distance or time) should correspond with the %-figure provided above.","Note that this is amount is per person, per day!","Total number of trips",NA,NA,NA,NA,NA,NA,NA,NA,NA,NA,NA,NA
"964","Motorized modes data","raw_motorizedmode_lightrail_[comparisoncase]_alltrips",NA,"number_field_only_positive","What is the total amount of travel by all modes, per person, per day?","This refers to travel by all modes. The unit (trips, distance or time) should correspond with the %-figure provided above.","Note that this is amount is per person, per day!","Total number of trips",NA,NA,NA,NA,NA,NA,NA,NA,NA,NA,NA,NA
"965","Motorized modes data","raw_motorizedmode_motorbike_[comparisoncase]_alltrips",NA,"number_field_only_positive","What is the total amount of travel by all modes, per person, per day?","This refers to travel by all modes. The unit (trips, distance or time) should correspond with the %-figure provided above.","Note that this is amount is per person, per day!","Total number of trips",NA,NA,NA,NA,NA,NA,NA,NA,NA,NA,NA,NA
"966","Motorized modes data","raw_motorizedmode_pt_[comparisoncase]_alltrips",NA,"number_field_only_positive","What is the total amount of travel by all modes, per person, per day?","This refers to travel by all modes. The unit (trips, distance or time) should correspond with the %-figure provided above.","Note that this is amount is per person, per day!","Total number of trips",NA,NA,NA,NA,NA,NA,NA,NA,NA,NA,NA,NA
"967","Motorized modes data","raw_motorizedmode_train_[comparisoncase]_alltrips",NA,"number_field_only_positive","What is the total amount of travel by all modes, per person, per day?","This refers to travel by all modes. The unit (trips, distance or time) should correspond with the %-figure provided above.","Note that this is amount is per person, per day!","Total number of trips",NA,NA,NA,NA,NA,NA,NA,NA,NA,NA,NA,NA
"968","Motorized modes data","raw_motorizedmode_bus_[comparisoncase]_alltripsunit","distance","single_choice_radio","What is the unit of the travel volume specified above?",NA,NA,"Distance (km)","Total sum of travel times in minutes by all modes, per person, per day",NA,NA,NA,NA,NA,NA,NA,NA,NA,NA,NA
"969","Motorized modes data","raw_motorizedmode_car_[comparisoncase]_alltripsunit","distance","single_choice_radio","What is the unit of the travel volume specified above?",NA,NA,"Distance (km)","Total sum of travel times in minutes by all modes, per person, per day",NA,NA,NA,NA,NA,NA,NA,NA,NA,NA,NA
"970","Motorized modes data","raw_motorizedmode_cardriver_[comparisoncase]_alltripsunit","distance","single_choice_radio","What is the unit of the travel volume specified above?",NA,NA,"Distance (km)","Total sum of travel times in minutes by all modes, per person, per day",NA,NA,NA,NA,NA,NA,NA,NA,NA,NA,NA
"971","Motorized modes data","raw_motorizedmode_carpassenger_[comparisoncase]_alltripsunit","distance","single_choice_radio","What is the unit of the travel volume specified above?",NA,NA,"Distance (km)","Total sum of travel times in minutes by all modes, per person, per day",NA,NA,NA,NA,NA,NA,NA,NA,NA,NA,NA
"972","Motorized modes data","raw_motorizedmode_lightrail_[comparisoncase]_alltripsunit","distance","single_choice_radio","What is the unit of the travel volume specified above?",NA,NA,"Distance (km)","Total sum of travel times in minutes by all modes, per person, per day",NA,NA,NA,NA,NA,NA,NA,NA,NA,NA,NA
"973","Motorized modes data","raw_motorizedmode_motorbike_[comparisoncase]_alltripsunit","distance","single_choice_radio","What is the unit of the travel volume specified above?",NA,NA,"Distance (km)","Total sum of travel times in minutes by all modes, per person, per day",NA,NA,NA,NA,NA,NA,NA,NA,NA,NA,NA
"974","Motorized modes data","raw_motorizedmode_pt_[comparisoncase]_alltripsunit","distance","single_choice_radio","What is the unit of the travel volume specified above?",NA,NA,"Distance (km)","Total sum of travel times in minutes by all modes, per person, per day",NA,NA,NA,NA,NA,NA,NA,NA,NA,NA,NA
"975","Motorized modes data","raw_motorizedmode_train_[comparisoncase]_alltripsunit","distance","single_choice_radio","What is the unit of the travel volume specified above?",NA,NA,"Distance (km)","Total sum of travel times in minutes by all modes, per person, per day",NA,NA,NA,NA,NA,NA,NA,NA,NA,NA,NA
"976","Motorized modes data","raw_motorizedmode_bus_[comparisoncase]_alltripsunit","duration","single_choice_radio","What is the unit of the travel volume specified above?",NA,NA,"Duration (min.)","Total sum of travel distances in kilometres by all modes, per person, per day",NA,NA,NA,NA,NA,NA,NA,NA,NA,NA,NA
"977","Motorized modes data","raw_motorizedmode_car_[comparisoncase]_alltripsunit","duration","single_choice_radio","What is the unit of the travel volume specified above?",NA,NA,"Duration (min.)","Total sum of travel distances in kilometres by all modes, per person, per day",NA,NA,NA,NA,NA,NA,NA,NA,NA,NA,NA
"978","Motorized modes data","raw_motorizedmode_cardriver_[comparisoncase]_alltripsunit","duration","single_choice_radio","What is the unit of the travel volume specified above?",NA,NA,"Duration (min.)","Total sum of travel distances in kilometres by all modes, per person, per day",NA,NA,NA,NA,NA,NA,NA,NA,NA,NA,NA
"979","Motorized modes data","raw_motorizedmode_carpassenger_[comparisoncase]_alltripsunit","duration","single_choice_radio","What is the unit of the travel volume specified above?",NA,NA,"Duration (min.)","Total sum of travel distances in kilometres by all modes, per person, per day",NA,NA,NA,NA,NA,NA,NA,NA,NA,NA,NA
"980","Motorized modes data","raw_motorizedmode_lightrail_[comparisoncase]_alltripsunit","duration","single_choice_radio","What is the unit of the travel volume specified above?",NA,NA,"Duration (min.)","Total sum of travel distances in kilometres by all modes, per person, per day",NA,NA,NA,NA,NA,NA,NA,NA,NA,NA,NA
"981","Motorized modes data","raw_motorizedmode_motorbike_[comparisoncase]_alltripsunit","duration","single_choice_radio","What is the unit of the travel volume specified above?",NA,NA,"Duration (min.)","Total sum of travel distances in kilometres by all modes, per person, per day",NA,NA,NA,NA,NA,NA,NA,NA,NA,NA,NA
"982","Motorized modes data","raw_motorizedmode_pt_[comparisoncase]_alltripsunit","duration","single_choice_radio","What is the unit of the travel volume specified above?",NA,NA,"Duration (min.)","Total sum of travel distances in kilometres by all modes, per person, per day",NA,NA,NA,NA,NA,NA,NA,NA,NA,NA,NA
"983","Motorized modes data","raw_motorizedmode_train_[comparisoncase]_alltripsunit","duration","single_choice_radio","What is the unit of the travel volume specified above?",NA,NA,"Duration (min.)","Total sum of travel distances in kilometres by all modes, per person, per day",NA,NA,NA,NA,NA,NA,NA,NA,NA,NA,NA
"984","Motorized modes data","raw_motorizedmode_bus_[comparisoncase]_alltripsunit","trips","single_choice_radio","What is the unit of the travel volume specified above?",NA,NA,"Trips or counts","Total number of trips by all modes, per person, per day",NA,NA,NA,NA,NA,NA,NA,NA,NA,NA,NA
"985","Motorized modes data","raw_motorizedmode_car_[comparisoncase]_alltripsunit","trips","single_choice_radio","What is the unit of the travel volume specified above?",NA,NA,"Trips or counts","Total number of trips by all modes, per person, per day",NA,NA,NA,NA,NA,NA,NA,NA,NA,NA,NA
"986","Motorized modes data","raw_motorizedmode_cardriver_[comparisoncase]_alltripsunit","trips","single_choice_radio","What is the unit of the travel volume specified above?",NA,NA,"Trips or counts","Total number of trips by all modes, per person, per day",NA,NA,NA,NA,NA,NA,NA,NA,NA,NA,NA
"987","Motorized modes data","raw_motorizedmode_carpassenger_[comparisoncase]_alltripsunit","trips","single_choice_radio","What is the unit of the travel volume specified above?",NA,NA,"Trips or counts","Total number of trips by all modes, per person, per day",NA,NA,NA,NA,NA,NA,NA,NA,NA,NA,NA
"988","Motorized modes data","raw_motorizedmode_lightrail_[comparisoncase]_alltripsunit","trips","single_choice_radio","What is the unit of the travel volume specified above?",NA,NA,"Trips or counts","Total number of trips by all modes, per person, per day",NA,NA,NA,NA,NA,NA,NA,NA,NA,NA,NA
"989","Motorized modes data","raw_motorizedmode_motorbike_[comparisoncase]_alltripsunit","trips","single_choice_radio","What is the unit of the travel volume specified above?",NA,NA,"Trips or counts","Total number of trips by all modes, per person, per day",NA,NA,NA,NA,NA,NA,NA,NA,NA,NA,NA
"990","Motorized modes data","raw_motorizedmode_pt_[comparisoncase]_alltripsunit","trips","single_choice_radio","What is the unit of the travel volume specified above?",NA,NA,"Trips or counts","Total number of trips by all modes, per person, per day",NA,NA,NA,NA,NA,NA,NA,NA,NA,NA,NA
"991","Motorized modes data","raw_motorizedmode_train_[comparisoncase]_alltripsunit","trips","single_choice_radio","What is the unit of the travel volume specified above?",NA,NA,"Trips or counts","Total number of trips by all modes, per person, per day",NA,NA,NA,NA,NA,NA,NA,NA,NA,NA,NA
"992","Motorized modes data","raw_motorizedmode_bus_[comparisoncase]_changepercent",NA,"percent_field","#tmpl#
By how much did 
{% if ""[motorizedmode]"" == ""car"" %} driving   
{% elseif ""[motorizedmode]"" == ""pt"" %} public transport use
{% elseif ""[motorizedmode]"" == ""cardriver"" %} car (driver) use
{% elseif ""[motorizedmode]"" == ""carpassenger"" %} car (passenger) use
{% elseif ""[motorizedmode]"" == ""motorbike"" %} motorbike use
{% elseif ""[motorizedmode]"" == ""bus"" %} bus use
{% elseif ""[motorizedmode]"" == ""lightrail"" %} lightrail use
{% elseif ""[motorizedmode]"" == ""train"" %} train use
{% elseif ""[motorizedmode]"" == ""ecar"" %} electric car use
{% endif %}
change?","Enter as %-change relative to the reference case.","Note: a change by +100% reflects a doubling. An increase from 10 min. to 30 min is equivalent to a change of +200%. Fine tune slider with keyboard arrows.","Percent change relative to reference case",NA,NA,NA,NA,NA,NA,NA,NA,NA,NA,NA,NA
"993","Motorized modes data","raw_motorizedmode_car_[comparisoncase]_changepercent",NA,"percent_field","#tmpl#
By how much did 
{% if ""[motorizedmode]"" == ""car"" %} driving   
{% elseif ""[motorizedmode]"" == ""pt"" %} public transport use
{% elseif ""[motorizedmode]"" == ""cardriver"" %} car (driver) use
{% elseif ""[motorizedmode]"" == ""carpassenger"" %} car (passenger) use
{% elseif ""[motorizedmode]"" == ""motorbike"" %} motorbike use
{% elseif ""[motorizedmode]"" == ""bus"" %} bus use
{% elseif ""[motorizedmode]"" == ""lightrail"" %} lightrail use
{% elseif ""[motorizedmode]"" == ""train"" %} train use
{% elseif ""[motorizedmode]"" == ""ecar"" %} electric car use
{% endif %}
change?","Enter as %-change relative to the reference case.","Note: a change by +100% reflects a doubling. An increase from 10 min. to 30 min is equivalent to a change of +200%. Fine tune slider with keyboard arrows.","Percent change relative to reference case",NA,NA,NA,NA,NA,NA,NA,NA,NA,NA,NA,NA
"994","Motorized modes data","raw_motorizedmode_cardriver_[comparisoncase]_changepercent",NA,"percent_field","#tmpl#
By how much did 
{% if ""[motorizedmode]"" == ""car"" %} driving   
{% elseif ""[motorizedmode]"" == ""pt"" %} public transport use
{% elseif ""[motorizedmode]"" == ""cardriver"" %} car (driver) use
{% elseif ""[motorizedmode]"" == ""carpassenger"" %} car (passenger) use
{% elseif ""[motorizedmode]"" == ""motorbike"" %} motorbike use
{% elseif ""[motorizedmode]"" == ""bus"" %} bus use
{% elseif ""[motorizedmode]"" == ""lightrail"" %} lightrail use
{% elseif ""[motorizedmode]"" == ""train"" %} train use
{% elseif ""[motorizedmode]"" == ""ecar"" %} electric car use
{% endif %}
change?","Enter as %-change relative to the reference case.","Note: a change by +100% reflects a doubling. An increase from 10 min. to 30 min is equivalent to a change of +200%. Fine tune slider with keyboard arrows.","Percent change relative to reference case",NA,NA,NA,NA,NA,NA,NA,NA,NA,NA,NA,NA
"995","Motorized modes data","raw_motorizedmode_carpassenger_[comparisoncase]_changepercent",NA,"percent_field","#tmpl#
By how much did 
{% if ""[motorizedmode]"" == ""car"" %} driving   
{% elseif ""[motorizedmode]"" == ""pt"" %} public transport use
{% elseif ""[motorizedmode]"" == ""cardriver"" %} car (driver) use
{% elseif ""[motorizedmode]"" == ""carpassenger"" %} car (passenger) use
{% elseif ""[motorizedmode]"" == ""motorbike"" %} motorbike use
{% elseif ""[motorizedmode]"" == ""bus"" %} bus use
{% elseif ""[motorizedmode]"" == ""lightrail"" %} lightrail use
{% elseif ""[motorizedmode]"" == ""train"" %} train use
{% elseif ""[motorizedmode]"" == ""ecar"" %} electric car use
{% endif %}
change?","Enter as %-change relative to the reference case.","Note: a change by +100% reflects a doubling. An increase from 10 min. to 30 min is equivalent to a change of +200%. Fine tune slider with keyboard arrows.","Percent change relative to reference case",NA,NA,NA,NA,NA,NA,NA,NA,NA,NA,NA,NA
"996","Motorized modes data","raw_motorizedmode_lightrail_[comparisoncase]_changepercent",NA,"percent_field","#tmpl#
By how much did 
{% if ""[motorizedmode]"" == ""car"" %} driving   
{% elseif ""[motorizedmode]"" == ""pt"" %} public transport use
{% elseif ""[motorizedmode]"" == ""cardriver"" %} car (driver) use
{% elseif ""[motorizedmode]"" == ""carpassenger"" %} car (passenger) use
{% elseif ""[motorizedmode]"" == ""motorbike"" %} motorbike use
{% elseif ""[motorizedmode]"" == ""bus"" %} bus use
{% elseif ""[motorizedmode]"" == ""lightrail"" %} lightrail use
{% elseif ""[motorizedmode]"" == ""train"" %} train use
{% elseif ""[motorizedmode]"" == ""ecar"" %} electric car use
{% endif %}
change?","Enter as %-change relative to the reference case.","Note: a change by +100% reflects a doubling. An increase from 10 min. to 30 min is equivalent to a change of +200%. Fine tune slider with keyboard arrows.","Percent change relative to reference case",NA,NA,NA,NA,NA,NA,NA,NA,NA,NA,NA,NA
"997","Motorized modes data","raw_motorizedmode_motorbike_[comparisoncase]_changepercent",NA,"percent_field","#tmpl#
By how much did 
{% if ""[motorizedmode]"" == ""car"" %} driving   
{% elseif ""[motorizedmode]"" == ""pt"" %} public transport use
{% elseif ""[motorizedmode]"" == ""cardriver"" %} car (driver) use
{% elseif ""[motorizedmode]"" == ""carpassenger"" %} car (passenger) use
{% elseif ""[motorizedmode]"" == ""motorbike"" %} motorbike use
{% elseif ""[motorizedmode]"" == ""bus"" %} bus use
{% elseif ""[motorizedmode]"" == ""lightrail"" %} lightrail use
{% elseif ""[motorizedmode]"" == ""train"" %} train use
{% elseif ""[motorizedmode]"" == ""ecar"" %} electric car use
{% endif %}
change?","Enter as %-change relative to the reference case.","Note: a change by +100% reflects a doubling. An increase from 10 min. to 30 min is equivalent to a change of +200%. Fine tune slider with keyboard arrows.","Percent change relative to reference case",NA,NA,NA,NA,NA,NA,NA,NA,NA,NA,NA,NA
"998","Motorized modes data","raw_motorizedmode_pt_[comparisoncase]_changepercent",NA,"percent_field","#tmpl#
By how much did 
{% if ""[motorizedmode]"" == ""car"" %} driving   
{% elseif ""[motorizedmode]"" == ""pt"" %} public transport use
{% elseif ""[motorizedmode]"" == ""cardriver"" %} car (driver) use
{% elseif ""[motorizedmode]"" == ""carpassenger"" %} car (passenger) use
{% elseif ""[motorizedmode]"" == ""motorbike"" %} motorbike use
{% elseif ""[motorizedmode]"" == ""bus"" %} bus use
{% elseif ""[motorizedmode]"" == ""lightrail"" %} lightrail use
{% elseif ""[motorizedmode]"" == ""train"" %} train use
{% elseif ""[motorizedmode]"" == ""ecar"" %} electric car use
{% endif %}
change?","Enter as %-change relative to the reference case.","Note: a change by +100% reflects a doubling. An increase from 10 min. to 30 min is equivalent to a change of +200%. Fine tune slider with keyboard arrows.","Percent change relative to reference case",NA,NA,NA,NA,NA,NA,NA,NA,NA,NA,NA,NA
"999","Motorized modes data","raw_motorizedmode_train_[comparisoncase]_changepercent",NA,"percent_field","#tmpl#
By how much did 
{% if ""[motorizedmode]"" == ""car"" %} driving   
{% elseif ""[motorizedmode]"" == ""pt"" %} public transport use
{% elseif ""[motorizedmode]"" == ""cardriver"" %} car (driver) use
{% elseif ""[motorizedmode]"" == ""carpassenger"" %} car (passenger) use
{% elseif ""[motorizedmode]"" == ""motorbike"" %} motorbike use
{% elseif ""[motorizedmode]"" == ""bus"" %} bus use
{% elseif ""[motorizedmode]"" == ""lightrail"" %} lightrail use
{% elseif ""[motorizedmode]"" == ""train"" %} train use
{% elseif ""[motorizedmode]"" == ""ecar"" %} electric car use
{% endif %}
change?","Enter as %-change relative to the reference case.","Note: a change by +100% reflects a doubling. An increase from 10 min. to 30 min is equivalent to a change of +200%. Fine tune slider with keyboard arrows.","Percent change relative to reference case",NA,NA,NA,NA,NA,NA,NA,NA,NA,NA,NA,NA
"1000","Motorized modes data","raw_motorizedmode_bus_[comparisoncase]_freqpercentcat1",NA,"percent_field","Daily or almost daily",NA,"Enter % of your population that fits this category.","Daily or almost daily",NA,NA,NA,NA,NA,NA,NA,NA,NA,NA,NA,NA
"1001","Motorized modes data","raw_motorizedmode_car_[comparisoncase]_freqpercentcat1",NA,"percent_field","Daily or almost daily",NA,"Enter % of your population that fits this category.","Daily or almost daily",NA,NA,NA,NA,NA,NA,NA,NA,NA,NA,NA,NA
"1002","Motorized modes data","raw_motorizedmode_cardriver_[comparisoncase]_freqpercentcat1",NA,"percent_field","Daily or almost daily",NA,"Enter % of your population that fits this category.","Daily or almost daily",NA,NA,NA,NA,NA,NA,NA,NA,NA,NA,NA,NA
"1003","Motorized modes data","raw_motorizedmode_carpassenger_[comparisoncase]_freqpercentcat1",NA,"percent_field","Daily or almost daily",NA,"Enter % of your population that fits this category.","Daily or almost daily",NA,NA,NA,NA,NA,NA,NA,NA,NA,NA,NA,NA
"1004","Motorized modes data","raw_motorizedmode_lightrail_[comparisoncase]_freqpercentcat1",NA,"percent_field","Daily or almost daily",NA,"Enter % of your population that fits this category.","Daily or almost daily",NA,NA,NA,NA,NA,NA,NA,NA,NA,NA,NA,NA
"1005","Motorized modes data","raw_motorizedmode_motorbike_[comparisoncase]_freqpercentcat1",NA,"percent_field","Daily or almost daily",NA,"Enter % of your population that fits this category.","Daily or almost daily",NA,NA,NA,NA,NA,NA,NA,NA,NA,NA,NA,NA
"1006","Motorized modes data","raw_motorizedmode_pt_[comparisoncase]_freqpercentcat1",NA,"percent_field","Daily or almost daily",NA,"Enter % of your population that fits this category.","Daily or almost daily",NA,NA,NA,NA,NA,NA,NA,NA,NA,NA,NA,NA
"1007","Motorized modes data","raw_motorizedmode_train_[comparisoncase]_freqpercentcat1",NA,"percent_field","Daily or almost daily",NA,"Enter % of your population that fits this category.","Daily or almost daily",NA,NA,NA,NA,NA,NA,NA,NA,NA,NA,NA,NA
"1008","Motorized modes data","raw_motorizedmode_bus_[comparisoncase]_freqpercentcat2",NA,"percent_field","1-3 days per week",NA,"Enter % of your population that fits this category.","1-3 days per week",NA,NA,NA,NA,NA,NA,NA,NA,NA,NA,NA,NA
"1009","Motorized modes data","raw_motorizedmode_car_[comparisoncase]_freqpercentcat2",NA,"percent_field","1-3 days per week",NA,"Enter % of your population that fits this category.","1-3 days per week",NA,NA,NA,NA,NA,NA,NA,NA,NA,NA,NA,NA
"1010","Motorized modes data","raw_motorizedmode_cardriver_[comparisoncase]_freqpercentcat2",NA,"percent_field","1-3 days per week",NA,"Enter % of your population that fits this category.","1-3 days per week",NA,NA,NA,NA,NA,NA,NA,NA,NA,NA,NA,NA
"1011","Motorized modes data","raw_motorizedmode_carpassenger_[comparisoncase]_freqpercentcat2",NA,"percent_field","1-3 days per week",NA,"Enter % of your population that fits this category.","1-3 days per week",NA,NA,NA,NA,NA,NA,NA,NA,NA,NA,NA,NA
"1012","Motorized modes data","raw_motorizedmode_lightrail_[comparisoncase]_freqpercentcat2",NA,"percent_field","1-3 days per week",NA,"Enter % of your population that fits this category.","1-3 days per week",NA,NA,NA,NA,NA,NA,NA,NA,NA,NA,NA,NA
"1013","Motorized modes data","raw_motorizedmode_motorbike_[comparisoncase]_freqpercentcat2",NA,"percent_field","1-3 days per week",NA,"Enter % of your population that fits this category.","1-3 days per week",NA,NA,NA,NA,NA,NA,NA,NA,NA,NA,NA,NA
"1014","Motorized modes data","raw_motorizedmode_pt_[comparisoncase]_freqpercentcat2",NA,"percent_field","1-3 days per week",NA,"Enter % of your population that fits this category.","1-3 days per week",NA,NA,NA,NA,NA,NA,NA,NA,NA,NA,NA,NA
"1015","Motorized modes data","raw_motorizedmode_train_[comparisoncase]_freqpercentcat2",NA,"percent_field","1-3 days per week",NA,"Enter % of your population that fits this category.","1-3 days per week",NA,NA,NA,NA,NA,NA,NA,NA,NA,NA,NA,NA
"1016","Motorized modes data","raw_motorizedmode_bus_[comparisoncase]_freqpercentcat3",NA,"percent_field","1-3 days per month",NA,"Enter % of your population that fits this category.","1-3 days per month",NA,NA,NA,NA,NA,NA,NA,NA,NA,NA,NA,NA
"1017","Motorized modes data","raw_motorizedmode_car_[comparisoncase]_freqpercentcat3",NA,"percent_field","1-3 days per month",NA,"Enter % of your population that fits this category.","1-3 days per month",NA,NA,NA,NA,NA,NA,NA,NA,NA,NA,NA,NA
"1018","Motorized modes data","raw_motorizedmode_cardriver_[comparisoncase]_freqpercentcat3",NA,"percent_field","1-3 days per month",NA,"Enter % of your population that fits this category.","1-3 days per month",NA,NA,NA,NA,NA,NA,NA,NA,NA,NA,NA,NA
"1019","Motorized modes data","raw_motorizedmode_carpassenger_[comparisoncase]_freqpercentcat3",NA,"percent_field","1-3 days per month",NA,"Enter % of your population that fits this category.","1-3 days per month",NA,NA,NA,NA,NA,NA,NA,NA,NA,NA,NA,NA
"1020","Motorized modes data","raw_motorizedmode_lightrail_[comparisoncase]_freqpercentcat3",NA,"percent_field","1-3 days per month",NA,"Enter % of your population that fits this category.","1-3 days per month",NA,NA,NA,NA,NA,NA,NA,NA,NA,NA,NA,NA
"1021","Motorized modes data","raw_motorizedmode_motorbike_[comparisoncase]_freqpercentcat3",NA,"percent_field","1-3 days per month",NA,"Enter % of your population that fits this category.","1-3 days per month",NA,NA,NA,NA,NA,NA,NA,NA,NA,NA,NA,NA
"1022","Motorized modes data","raw_motorizedmode_pt_[comparisoncase]_freqpercentcat3",NA,"percent_field","1-3 days per month",NA,"Enter % of your population that fits this category.","1-3 days per month",NA,NA,NA,NA,NA,NA,NA,NA,NA,NA,NA,NA
"1023","Motorized modes data","raw_motorizedmode_train_[comparisoncase]_freqpercentcat3",NA,"percent_field","1-3 days per month",NA,"Enter % of your population that fits this category.","1-3 days per month",NA,NA,NA,NA,NA,NA,NA,NA,NA,NA,NA,NA
"1024","Motorized modes data","raw_motorizedmode_bus_[comparisoncase]_freqpercentcat4",NA,"percent_field","Less than once per month",NA,"Enter % of your population that fits this category.","Less than once per month",NA,NA,NA,NA,NA,NA,NA,NA,NA,NA,NA,NA
"1025","Motorized modes data","raw_motorizedmode_car_[comparisoncase]_freqpercentcat4",NA,"percent_field","Less than once per month",NA,"Enter % of your population that fits this category.","Less than once per month",NA,NA,NA,NA,NA,NA,NA,NA,NA,NA,NA,NA
"1026","Motorized modes data","raw_motorizedmode_cardriver_[comparisoncase]_freqpercentcat4",NA,"percent_field","Less than once per month",NA,"Enter % of your population that fits this category.","Less than once per month",NA,NA,NA,NA,NA,NA,NA,NA,NA,NA,NA,NA
"1027","Motorized modes data","raw_motorizedmode_carpassenger_[comparisoncase]_freqpercentcat4",NA,"percent_field","Less than once per month",NA,"Enter % of your population that fits this category.","Less than once per month",NA,NA,NA,NA,NA,NA,NA,NA,NA,NA,NA,NA
"1028","Motorized modes data","raw_motorizedmode_lightrail_[comparisoncase]_freqpercentcat4",NA,"percent_field","Less than once per month",NA,"Enter % of your population that fits this category.","Less than once per month",NA,NA,NA,NA,NA,NA,NA,NA,NA,NA,NA,NA
"1029","Motorized modes data","raw_motorizedmode_motorbike_[comparisoncase]_freqpercentcat4",NA,"percent_field","Less than once per month",NA,"Enter % of your population that fits this category.","Less than once per month",NA,NA,NA,NA,NA,NA,NA,NA,NA,NA,NA,NA
"1030","Motorized modes data","raw_motorizedmode_pt_[comparisoncase]_freqpercentcat4",NA,"percent_field","Less than once per month",NA,"Enter % of your population that fits this category.","Less than once per month",NA,NA,NA,NA,NA,NA,NA,NA,NA,NA,NA,NA
"1031","Motorized modes data","raw_motorizedmode_train_[comparisoncase]_freqpercentcat4",NA,"percent_field","Less than once per month",NA,"Enter % of your population that fits this category.","Less than once per month",NA,NA,NA,NA,NA,NA,NA,NA,NA,NA,NA,NA
"1032","Motorized modes data","raw_motorizedmode_bus_[comparisoncase]_freqpercentcat5",NA,"percent_field","Never",NA,"Enter % of your population that fits this category.","Never",NA,NA,NA,NA,NA,NA,NA,NA,NA,NA,NA,NA
"1033","Motorized modes data","raw_motorizedmode_car_[comparisoncase]_freqpercentcat5",NA,"percent_field","Never",NA,"Enter % of your population that fits this category.","Never",NA,NA,NA,NA,NA,NA,NA,NA,NA,NA,NA,NA
"1034","Motorized modes data","raw_motorizedmode_cardriver_[comparisoncase]_freqpercentcat5",NA,"percent_field","Never",NA,"Enter % of your population that fits this category.","Never",NA,NA,NA,NA,NA,NA,NA,NA,NA,NA,NA,NA
"1035","Motorized modes data","raw_motorizedmode_carpassenger_[comparisoncase]_freqpercentcat5",NA,"percent_field","Never",NA,"Enter % of your population that fits this category.","Never",NA,NA,NA,NA,NA,NA,NA,NA,NA,NA,NA,NA
"1036","Motorized modes data","raw_motorizedmode_lightrail_[comparisoncase]_freqpercentcat5",NA,"percent_field","Never",NA,"Enter % of your population that fits this category.","Never",NA,NA,NA,NA,NA,NA,NA,NA,NA,NA,NA,NA
"1037","Motorized modes data","raw_motorizedmode_motorbike_[comparisoncase]_freqpercentcat5",NA,"percent_field","Never",NA,"Enter % of your population that fits this category.","Never",NA,NA,NA,NA,NA,NA,NA,NA,NA,NA,NA,NA
"1038","Motorized modes data","raw_motorizedmode_pt_[comparisoncase]_freqpercentcat5",NA,"percent_field","Never",NA,"Enter % of your population that fits this category.","Never",NA,NA,NA,NA,NA,NA,NA,NA,NA,NA,NA,NA
"1039","Motorized modes data","raw_motorizedmode_train_[comparisoncase]_freqpercentcat5",NA,"percent_field","Never",NA,"Enter % of your population that fits this category.","Never",NA,NA,NA,NA,NA,NA,NA,NA,NA,NA,NA,NA
"1040","Motorized modes data","raw_motorizedmode_bus_[comparisoncase]_modesharepercent",NA,"percent_field","Add your mode share figure","Mode share is a %-figure of total travel (all modes). Provide the total travel volume further below.",NA,"Mode share percentage",NA,NA,NA,NA,NA,NA,NA,NA,NA,NA,NA,NA
"1041","Motorized modes data","raw_motorizedmode_car_[comparisoncase]_modesharepercent",NA,"percent_field","Add your mode share figure","Mode share is a %-figure of total travel (all modes). Provide the total travel volume further below.",NA,"Mode share percentage",NA,NA,NA,NA,NA,NA,NA,NA,NA,NA,NA,NA
"1042","Motorized modes data","raw_motorizedmode_cardriver_[comparisoncase]_modesharepercent",NA,"percent_field","Add your mode share figure","Mode share is a %-figure of total travel (all modes). Provide the total travel volume further below.",NA,"Mode share percentage",NA,NA,NA,NA,NA,NA,NA,NA,NA,NA,NA,NA
"1043","Motorized modes data","raw_motorizedmode_carpassenger_[comparisoncase]_modesharepercent",NA,"percent_field","Add your mode share figure","Mode share is a %-figure of total travel (all modes). Provide the total travel volume further below.",NA,"Mode share percentage",NA,NA,NA,NA,NA,NA,NA,NA,NA,NA,NA,NA
"1044","Motorized modes data","raw_motorizedmode_lightrail_[comparisoncase]_modesharepercent",NA,"percent_field","Add your mode share figure","Mode share is a %-figure of total travel (all modes). Provide the total travel volume further below.",NA,"Mode share percentage",NA,NA,NA,NA,NA,NA,NA,NA,NA,NA,NA,NA
"1045","Motorized modes data","raw_motorizedmode_motorbike_[comparisoncase]_modesharepercent",NA,"percent_field","Add your mode share figure","Mode share is a %-figure of total travel (all modes). Provide the total travel volume further below.",NA,"Mode share percentage",NA,NA,NA,NA,NA,NA,NA,NA,NA,NA,NA,NA
"1046","Motorized modes data","raw_motorizedmode_pt_[comparisoncase]_modesharepercent",NA,"percent_field","Add your mode share figure","Mode share is a %-figure of total travel (all modes). Provide the total travel volume further below.",NA,"Mode share percentage",NA,NA,NA,NA,NA,NA,NA,NA,NA,NA,NA,NA
"1047","Motorized modes data","raw_motorizedmode_train_[comparisoncase]_modesharepercent",NA,"percent_field","Add your mode share figure","Mode share is a %-figure of total travel (all modes). Provide the total travel volume further below.",NA,"Mode share percentage",NA,NA,NA,NA,NA,NA,NA,NA,NA,NA,NA,NA
"1048","Motorized modes data","raw_motorizedmode_bus_[comparisoncase]_number",NA,"number_field_only_positive","Amount","Amount must be per person and day",NA,"Amount",NA,NA,NA,NA,NA,NA,NA,NA,NA,NA,NA,NA
"1049","Motorized modes data","raw_motorizedmode_car_[comparisoncase]_number",NA,"number_field_only_positive","Amount","Amount must be per person and day",NA,"Amount",NA,NA,NA,NA,NA,NA,NA,NA,NA,NA,NA,NA
"1050","Motorized modes data","raw_motorizedmode_cardriver_[comparisoncase]_number",NA,"number_field_only_positive","Amount","Amount must be per person and day",NA,"Amount",NA,NA,NA,NA,NA,NA,NA,NA,NA,NA,NA,NA
"1051","Motorized modes data","raw_motorizedmode_carpassenger_[comparisoncase]_number",NA,"number_field_only_positive","Amount","Amount must be per person and day",NA,"Amount",NA,NA,NA,NA,NA,NA,NA,NA,NA,NA,NA,NA
"1052","Motorized modes data","raw_motorizedmode_lightrail_[comparisoncase]_number",NA,"number_field_only_positive","Amount","Amount must be per person and day",NA,"Amount",NA,NA,NA,NA,NA,NA,NA,NA,NA,NA,NA,NA
"1053","Motorized modes data","raw_motorizedmode_motorbike_[comparisoncase]_number",NA,"number_field_only_positive","Amount","Amount must be per person and day",NA,"Amount",NA,NA,NA,NA,NA,NA,NA,NA,NA,NA,NA,NA
"1054","Motorized modes data","raw_motorizedmode_pt_[comparisoncase]_number",NA,"number_field_only_positive","Amount","Amount must be per person and day",NA,"Amount",NA,NA,NA,NA,NA,NA,NA,NA,NA,NA,NA,NA
"1055","Motorized modes data","raw_motorizedmode_train_[comparisoncase]_number",NA,"number_field_only_positive","Amount","Amount must be per person and day",NA,"Amount",NA,NA,NA,NA,NA,NA,NA,NA,NA,NA,NA,NA
"1056","Motorized modes data","raw_motorizedmode_bus_[comparisoncase]_tripkm",NA,"number_field_only_positive","Trip length","#tmpl#
Specify average length of 
{% if ""[motorizedmode]"" == ""car"" %} car  
{% elseif ""[motorizedmode]"" == ""pt"" %} public transport 
{% elseif ""[motorizedmode]"" == ""cardriver"" %} car (driver) 
{% elseif ""[motorizedmode]"" == ""carpassenger"" %} car (passenger) 
{% elseif ""[motorizedmode]"" == ""motorbike"" %} motorbike 
{% elseif ""[motorizedmode]"" == ""bus"" %} bus 
{% elseif ""[motorizedmode]"" == ""lightrail"" %} lightrail 
{% elseif ""[motorizedmode]"" == ""train"" %} train 
{% elseif ""[motorizedmode]"" == ""ecar"" %} electric car 
{% endif %}   
trips in km, or use the default value provided.",NA,NA,NA,"raw_motorizedmode_[motorizedmode]_[comparisoncase]_tripkm",NA,NA,NA,NA,NA,NA,NA,NA,NA,NA
"1057","Motorized modes data","raw_motorizedmode_car_[comparisoncase]_tripkm",NA,"number_field_only_positive","Trip length","#tmpl#
Specify average length of 
{% if ""[motorizedmode]"" == ""car"" %} car  
{% elseif ""[motorizedmode]"" == ""pt"" %} public transport 
{% elseif ""[motorizedmode]"" == ""cardriver"" %} car (driver) 
{% elseif ""[motorizedmode]"" == ""carpassenger"" %} car (passenger) 
{% elseif ""[motorizedmode]"" == ""motorbike"" %} motorbike 
{% elseif ""[motorizedmode]"" == ""bus"" %} bus 
{% elseif ""[motorizedmode]"" == ""lightrail"" %} lightrail 
{% elseif ""[motorizedmode]"" == ""train"" %} train 
{% elseif ""[motorizedmode]"" == ""ecar"" %} electric car 
{% endif %}   
trips in km, or use the default value provided.",NA,NA,NA,"raw_motorizedmode_[motorizedmode]_[comparisoncase]_tripkm",NA,NA,NA,NA,NA,NA,NA,NA,NA,NA
"1058","Motorized modes data","raw_motorizedmode_cardriver_[comparisoncase]_tripkm",NA,"number_field_only_positive","Trip length","#tmpl#
Specify average length of 
{% if ""[motorizedmode]"" == ""car"" %} car  
{% elseif ""[motorizedmode]"" == ""pt"" %} public transport 
{% elseif ""[motorizedmode]"" == ""cardriver"" %} car (driver) 
{% elseif ""[motorizedmode]"" == ""carpassenger"" %} car (passenger) 
{% elseif ""[motorizedmode]"" == ""motorbike"" %} motorbike 
{% elseif ""[motorizedmode]"" == ""bus"" %} bus 
{% elseif ""[motorizedmode]"" == ""lightrail"" %} lightrail 
{% elseif ""[motorizedmode]"" == ""train"" %} train 
{% elseif ""[motorizedmode]"" == ""ecar"" %} electric car 
{% endif %}   
trips in km, or use the default value provided.",NA,NA,NA,"raw_motorizedmode_[motorizedmode]_[comparisoncase]_tripkm",NA,NA,NA,NA,NA,NA,NA,NA,NA,NA
"1059","Motorized modes data","raw_motorizedmode_carpassenger_[comparisoncase]_tripkm",NA,"number_field_only_positive","Trip length","#tmpl#
Specify average length of 
{% if ""[motorizedmode]"" == ""car"" %} car  
{% elseif ""[motorizedmode]"" == ""pt"" %} public transport 
{% elseif ""[motorizedmode]"" == ""cardriver"" %} car (driver) 
{% elseif ""[motorizedmode]"" == ""carpassenger"" %} car (passenger) 
{% elseif ""[motorizedmode]"" == ""motorbike"" %} motorbike 
{% elseif ""[motorizedmode]"" == ""bus"" %} bus 
{% elseif ""[motorizedmode]"" == ""lightrail"" %} lightrail 
{% elseif ""[motorizedmode]"" == ""train"" %} train 
{% elseif ""[motorizedmode]"" == ""ecar"" %} electric car 
{% endif %}   
trips in km, or use the default value provided.",NA,NA,NA,"raw_motorizedmode_[motorizedmode]_[comparisoncase]_tripkm",NA,NA,NA,NA,NA,NA,NA,NA,NA,NA
"1060","Motorized modes data","raw_motorizedmode_lightrail_[comparisoncase]_tripkm",NA,"number_field_only_positive","Trip length","#tmpl#
Specify average length of 
{% if ""[motorizedmode]"" == ""car"" %} car  
{% elseif ""[motorizedmode]"" == ""pt"" %} public transport 
{% elseif ""[motorizedmode]"" == ""cardriver"" %} car (driver) 
{% elseif ""[motorizedmode]"" == ""carpassenger"" %} car (passenger) 
{% elseif ""[motorizedmode]"" == ""motorbike"" %} motorbike 
{% elseif ""[motorizedmode]"" == ""bus"" %} bus 
{% elseif ""[motorizedmode]"" == ""lightrail"" %} lightrail 
{% elseif ""[motorizedmode]"" == ""train"" %} train 
{% elseif ""[motorizedmode]"" == ""ecar"" %} electric car 
{% endif %}   
trips in km, or use the default value provided.",NA,NA,NA,"raw_motorizedmode_[motorizedmode]_[comparisoncase]_tripkm",NA,NA,NA,NA,NA,NA,NA,NA,NA,NA
"1061","Motorized modes data","raw_motorizedmode_motorbike_[comparisoncase]_tripkm",NA,"number_field_only_positive","Trip length","#tmpl#
Specify average length of 
{% if ""[motorizedmode]"" == ""car"" %} car  
{% elseif ""[motorizedmode]"" == ""pt"" %} public transport 
{% elseif ""[motorizedmode]"" == ""cardriver"" %} car (driver) 
{% elseif ""[motorizedmode]"" == ""carpassenger"" %} car (passenger) 
{% elseif ""[motorizedmode]"" == ""motorbike"" %} motorbike 
{% elseif ""[motorizedmode]"" == ""bus"" %} bus 
{% elseif ""[motorizedmode]"" == ""lightrail"" %} lightrail 
{% elseif ""[motorizedmode]"" == ""train"" %} train 
{% elseif ""[motorizedmode]"" == ""ecar"" %} electric car 
{% endif %}   
trips in km, or use the default value provided.",NA,NA,NA,"raw_motorizedmode_[motorizedmode]_[comparisoncase]_tripkm",NA,NA,NA,NA,NA,NA,NA,NA,NA,NA
"1062","Motorized modes data","raw_motorizedmode_pt_[comparisoncase]_tripkm",NA,"number_field_only_positive","Trip length","#tmpl#
Specify average length of 
{% if ""[motorizedmode]"" == ""car"" %} car  
{% elseif ""[motorizedmode]"" == ""pt"" %} public transport 
{% elseif ""[motorizedmode]"" == ""cardriver"" %} car (driver) 
{% elseif ""[motorizedmode]"" == ""carpassenger"" %} car (passenger) 
{% elseif ""[motorizedmode]"" == ""motorbike"" %} motorbike 
{% elseif ""[motorizedmode]"" == ""bus"" %} bus 
{% elseif ""[motorizedmode]"" == ""lightrail"" %} lightrail 
{% elseif ""[motorizedmode]"" == ""train"" %} train 
{% elseif ""[motorizedmode]"" == ""ecar"" %} electric car 
{% endif %}   
trips in km, or use the default value provided.",NA,NA,NA,"raw_motorizedmode_[motorizedmode]_[comparisoncase]_tripkm",NA,NA,NA,NA,NA,NA,NA,NA,NA,NA
"1063","Motorized modes data","raw_motorizedmode_train_[comparisoncase]_tripkm",NA,"number_field_only_positive","Trip length","#tmpl#
Specify average length of 
{% if ""[motorizedmode]"" == ""car"" %} car  
{% elseif ""[motorizedmode]"" == ""pt"" %} public transport 
{% elseif ""[motorizedmode]"" == ""cardriver"" %} car (driver) 
{% elseif ""[motorizedmode]"" == ""carpassenger"" %} car (passenger) 
{% elseif ""[motorizedmode]"" == ""motorbike"" %} motorbike 
{% elseif ""[motorizedmode]"" == ""bus"" %} bus 
{% elseif ""[motorizedmode]"" == ""lightrail"" %} lightrail 
{% elseif ""[motorizedmode]"" == ""train"" %} train 
{% elseif ""[motorizedmode]"" == ""ecar"" %} electric car 
{% endif %}   
trips in km, or use the default value provided.",NA,NA,NA,"raw_motorizedmode_[motorizedmode]_[comparisoncase]_tripkm",NA,NA,NA,NA,NA,NA,NA,NA,NA,NA
"1064","Motorized modes data","raw_motorizedmode_bus_[comparisoncase]_tripsperday",NA,"number_field_only_positive","Number of trips per day","#tmpl#
Specify the average number of 
{% if ""[motorizedmode]"" == ""car"" %} car  
{% elseif ""[motorizedmode]"" == ""pt"" %} public transport 
{% elseif ""[motorizedmode]"" == ""cardriver"" %} car (driver) 
{% elseif ""[motorizedmode]"" == ""carpassenger"" %} car (passenger) 
{% elseif ""[motorizedmode]"" == ""motorbike"" %} motorbike 
{% elseif ""[motorizedmode]"" == ""bus"" %} bus 
{% elseif ""[motorizedmode]"" == ""lightrail"" %} lightrail 
{% elseif ""[motorizedmode]"" == ""train"" %} train 
{% elseif ""[motorizedmode]"" == ""ecar"" %} electric car 
{% endif %}  
trips per day, or use the default value provided.",NA,NA,NA,"raw_motorizedmode_[motorizedmode]_[comparisoncase]_tripsperday",NA,NA,NA,NA,NA,NA,NA,NA,NA,NA
"1065","Motorized modes data","raw_motorizedmode_car_[comparisoncase]_tripsperday",NA,"number_field_only_positive","Number of trips per day","#tmpl#
Specify the average number of 
{% if ""[motorizedmode]"" == ""car"" %} car  
{% elseif ""[motorizedmode]"" == ""pt"" %} public transport 
{% elseif ""[motorizedmode]"" == ""cardriver"" %} car (driver) 
{% elseif ""[motorizedmode]"" == ""carpassenger"" %} car (passenger) 
{% elseif ""[motorizedmode]"" == ""motorbike"" %} motorbike 
{% elseif ""[motorizedmode]"" == ""bus"" %} bus 
{% elseif ""[motorizedmode]"" == ""lightrail"" %} lightrail 
{% elseif ""[motorizedmode]"" == ""train"" %} train 
{% elseif ""[motorizedmode]"" == ""ecar"" %} electric car 
{% endif %}  
trips per day, or use the default value provided.",NA,NA,NA,"raw_motorizedmode_[motorizedmode]_[comparisoncase]_tripsperday",NA,NA,NA,NA,NA,NA,NA,NA,NA,NA
"1066","Motorized modes data","raw_motorizedmode_cardriver_[comparisoncase]_tripsperday",NA,"number_field_only_positive","Number of trips per day","#tmpl#
Specify the average number of 
{% if ""[motorizedmode]"" == ""car"" %} car  
{% elseif ""[motorizedmode]"" == ""pt"" %} public transport 
{% elseif ""[motorizedmode]"" == ""cardriver"" %} car (driver) 
{% elseif ""[motorizedmode]"" == ""carpassenger"" %} car (passenger) 
{% elseif ""[motorizedmode]"" == ""motorbike"" %} motorbike 
{% elseif ""[motorizedmode]"" == ""bus"" %} bus 
{% elseif ""[motorizedmode]"" == ""lightrail"" %} lightrail 
{% elseif ""[motorizedmode]"" == ""train"" %} train 
{% elseif ""[motorizedmode]"" == ""ecar"" %} electric car 
{% endif %}  
trips per day, or use the default value provided.",NA,NA,NA,"raw_motorizedmode_[motorizedmode]_[comparisoncase]_tripsperday",NA,NA,NA,NA,NA,NA,NA,NA,NA,NA
"1067","Motorized modes data","raw_motorizedmode_carpassenger_[comparisoncase]_tripsperday",NA,"number_field_only_positive","Number of trips per day","#tmpl#
Specify the average number of 
{% if ""[motorizedmode]"" == ""car"" %} car  
{% elseif ""[motorizedmode]"" == ""pt"" %} public transport 
{% elseif ""[motorizedmode]"" == ""cardriver"" %} car (driver) 
{% elseif ""[motorizedmode]"" == ""carpassenger"" %} car (passenger) 
{% elseif ""[motorizedmode]"" == ""motorbike"" %} motorbike 
{% elseif ""[motorizedmode]"" == ""bus"" %} bus 
{% elseif ""[motorizedmode]"" == ""lightrail"" %} lightrail 
{% elseif ""[motorizedmode]"" == ""train"" %} train 
{% elseif ""[motorizedmode]"" == ""ecar"" %} electric car 
{% endif %}  
trips per day, or use the default value provided.",NA,NA,NA,"raw_motorizedmode_[motorizedmode]_[comparisoncase]_tripsperday",NA,NA,NA,NA,NA,NA,NA,NA,NA,NA
"1068","Motorized modes data","raw_motorizedmode_lightrail_[comparisoncase]_tripsperday",NA,"number_field_only_positive","Number of trips per day","#tmpl#
Specify the average number of 
{% if ""[motorizedmode]"" == ""car"" %} car  
{% elseif ""[motorizedmode]"" == ""pt"" %} public transport 
{% elseif ""[motorizedmode]"" == ""cardriver"" %} car (driver) 
{% elseif ""[motorizedmode]"" == ""carpassenger"" %} car (passenger) 
{% elseif ""[motorizedmode]"" == ""motorbike"" %} motorbike 
{% elseif ""[motorizedmode]"" == ""bus"" %} bus 
{% elseif ""[motorizedmode]"" == ""lightrail"" %} lightrail 
{% elseif ""[motorizedmode]"" == ""train"" %} train 
{% elseif ""[motorizedmode]"" == ""ecar"" %} electric car 
{% endif %}  
trips per day, or use the default value provided.",NA,NA,NA,"raw_motorizedmode_[motorizedmode]_[comparisoncase]_tripsperday",NA,NA,NA,NA,NA,NA,NA,NA,NA,NA
"1069","Motorized modes data","raw_motorizedmode_motorbike_[comparisoncase]_tripsperday",NA,"number_field_only_positive","Number of trips per day","#tmpl#
Specify the average number of 
{% if ""[motorizedmode]"" == ""car"" %} car  
{% elseif ""[motorizedmode]"" == ""pt"" %} public transport 
{% elseif ""[motorizedmode]"" == ""cardriver"" %} car (driver) 
{% elseif ""[motorizedmode]"" == ""carpassenger"" %} car (passenger) 
{% elseif ""[motorizedmode]"" == ""motorbike"" %} motorbike 
{% elseif ""[motorizedmode]"" == ""bus"" %} bus 
{% elseif ""[motorizedmode]"" == ""lightrail"" %} lightrail 
{% elseif ""[motorizedmode]"" == ""train"" %} train 
{% elseif ""[motorizedmode]"" == ""ecar"" %} electric car 
{% endif %}  
trips per day, or use the default value provided.",NA,NA,NA,"raw_motorizedmode_[motorizedmode]_[comparisoncase]_tripsperday",NA,NA,NA,NA,NA,NA,NA,NA,NA,NA
"1070","Motorized modes data","raw_motorizedmode_pt_[comparisoncase]_tripsperday",NA,"number_field_only_positive","Number of trips per day","#tmpl#
Specify the average number of 
{% if ""[motorizedmode]"" == ""car"" %} car  
{% elseif ""[motorizedmode]"" == ""pt"" %} public transport 
{% elseif ""[motorizedmode]"" == ""cardriver"" %} car (driver) 
{% elseif ""[motorizedmode]"" == ""carpassenger"" %} car (passenger) 
{% elseif ""[motorizedmode]"" == ""motorbike"" %} motorbike 
{% elseif ""[motorizedmode]"" == ""bus"" %} bus 
{% elseif ""[motorizedmode]"" == ""lightrail"" %} lightrail 
{% elseif ""[motorizedmode]"" == ""train"" %} train 
{% elseif ""[motorizedmode]"" == ""ecar"" %} electric car 
{% endif %}  
trips per day, or use the default value provided.",NA,NA,NA,"raw_motorizedmode_[motorizedmode]_[comparisoncase]_tripsperday",NA,NA,NA,NA,NA,NA,NA,NA,NA,NA
"1071","Motorized modes data","raw_motorizedmode_train_[comparisoncase]_tripsperday",NA,"number_field_only_positive","Number of trips per day","#tmpl#
Specify the average number of 
{% if ""[motorizedmode]"" == ""car"" %} car  
{% elseif ""[motorizedmode]"" == ""pt"" %} public transport 
{% elseif ""[motorizedmode]"" == ""cardriver"" %} car (driver) 
{% elseif ""[motorizedmode]"" == ""carpassenger"" %} car (passenger) 
{% elseif ""[motorizedmode]"" == ""motorbike"" %} motorbike 
{% elseif ""[motorizedmode]"" == ""bus"" %} bus 
{% elseif ""[motorizedmode]"" == ""lightrail"" %} lightrail 
{% elseif ""[motorizedmode]"" == ""train"" %} train 
{% elseif ""[motorizedmode]"" == ""ecar"" %} electric car 
{% endif %}  
trips per day, or use the default value provided.",NA,NA,NA,"raw_motorizedmode_[motorizedmode]_[comparisoncase]_tripsperday",NA,NA,NA,NA,NA,NA,NA,NA,NA,NA
"1072","Motorized modes data","raw_motorizedmode_bus_[comparisoncase]_unit","change","single_choice_dropdown_dependent_condition","Unit",NA,NA,"Percent change",NA,NA,NA,NA,NA,NA,NA,NA,NA,NA,NA,NA
"1073","Motorized modes data","raw_motorizedmode_car_[comparisoncase]_unit","change","single_choice_dropdown_dependent_condition","Unit",NA,NA,"Percent change",NA,NA,NA,NA,NA,NA,NA,NA,NA,NA,NA,NA
"1074","Motorized modes data","raw_motorizedmode_cardriver_[comparisoncase]_unit","change","single_choice_dropdown_dependent_condition","Unit",NA,NA,"Percent change",NA,NA,NA,NA,NA,NA,NA,NA,NA,NA,NA,NA
"1075","Motorized modes data","raw_motorizedmode_carpassenger_[comparisoncase]_unit","change","single_choice_dropdown_dependent_condition","Unit",NA,NA,"Percent change",NA,NA,NA,NA,NA,NA,NA,NA,NA,NA,NA,NA
"1076","Motorized modes data","raw_motorizedmode_lightrail_[comparisoncase]_unit","change","single_choice_dropdown_dependent_condition","Unit",NA,NA,"Percent change",NA,NA,NA,NA,NA,NA,NA,NA,NA,NA,NA,NA
"1077","Motorized modes data","raw_motorizedmode_motorbike_[comparisoncase]_unit","change","single_choice_dropdown_dependent_condition","Unit",NA,NA,"Percent change",NA,NA,NA,NA,NA,NA,NA,NA,NA,NA,NA,NA
"1078","Motorized modes data","raw_motorizedmode_pt_[comparisoncase]_unit","change","single_choice_dropdown_dependent_condition","Unit",NA,NA,"Percent change",NA,NA,NA,NA,NA,NA,NA,NA,NA,NA,NA,NA
"1079","Motorized modes data","raw_motorizedmode_train_[comparisoncase]_unit","change","single_choice_dropdown_dependent_condition","Unit",NA,NA,"Percent change",NA,NA,NA,NA,NA,NA,NA,NA,NA,NA,NA,NA
"1080","Motorized modes data","raw_motorizedmode_bus_[comparisoncase]_unit","freq","single_choice_dropdown_dependent_condition","Unit",NA,NA,"Frequency",NA,NA,NA,NA,NA,NA,NA,NA,NA,NA,NA,NA
"1081","Motorized modes data","raw_motorizedmode_car_[comparisoncase]_unit","freq","single_choice_dropdown_dependent_condition","Unit",NA,NA,"Frequency",NA,NA,NA,NA,NA,NA,NA,NA,NA,NA,NA,NA
"1082","Motorized modes data","raw_motorizedmode_cardriver_[comparisoncase]_unit","freq","single_choice_dropdown_dependent_condition","Unit",NA,NA,"Frequency",NA,NA,NA,NA,NA,NA,NA,NA,NA,NA,NA,NA
"1083","Motorized modes data","raw_motorizedmode_carpassenger_[comparisoncase]_unit","freq","single_choice_dropdown_dependent_condition","Unit",NA,NA,"Frequency",NA,NA,NA,NA,NA,NA,NA,NA,NA,NA,NA,NA
"1084","Motorized modes data","raw_motorizedmode_lightrail_[comparisoncase]_unit","freq","single_choice_dropdown_dependent_condition","Unit",NA,NA,"Frequency",NA,NA,NA,NA,NA,NA,NA,NA,NA,NA,NA,NA
"1085","Motorized modes data","raw_motorizedmode_motorbike_[comparisoncase]_unit","freq","single_choice_dropdown_dependent_condition","Unit",NA,NA,"Frequency",NA,NA,NA,NA,NA,NA,NA,NA,NA,NA,NA,NA
"1086","Motorized modes data","raw_motorizedmode_pt_[comparisoncase]_unit","freq","single_choice_dropdown_dependent_condition","Unit",NA,NA,"Frequency",NA,NA,NA,NA,NA,NA,NA,NA,NA,NA,NA,NA
"1087","Motorized modes data","raw_motorizedmode_train_[comparisoncase]_unit","freq","single_choice_dropdown_dependent_condition","Unit",NA,NA,"Frequency",NA,NA,NA,NA,NA,NA,NA,NA,NA,NA,NA,NA
"1088","Motorized modes data","raw_motorizedmode_bus_[comparisoncase]_unit","hrs","single_choice_dropdown_dependent_condition","Unit",NA,NA,"Hours",NA,NA,NA,NA,NA,NA,NA,NA,NA,NA,NA,NA
"1089","Motorized modes data","raw_motorizedmode_car_[comparisoncase]_unit","hrs","single_choice_dropdown_dependent_condition","Unit",NA,NA,"Hours",NA,NA,NA,NA,NA,NA,NA,NA,NA,NA,NA,NA
"1090","Motorized modes data","raw_motorizedmode_cardriver_[comparisoncase]_unit","hrs","single_choice_dropdown_dependent_condition","Unit",NA,NA,"Hours",NA,NA,NA,NA,NA,NA,NA,NA,NA,NA,NA,NA
"1091","Motorized modes data","raw_motorizedmode_carpassenger_[comparisoncase]_unit","hrs","single_choice_dropdown_dependent_condition","Unit",NA,NA,"Hours",NA,NA,NA,NA,NA,NA,NA,NA,NA,NA,NA,NA
"1092","Motorized modes data","raw_motorizedmode_lightrail_[comparisoncase]_unit","hrs","single_choice_dropdown_dependent_condition","Unit",NA,NA,"Hours",NA,NA,NA,NA,NA,NA,NA,NA,NA,NA,NA,NA
"1093","Motorized modes data","raw_motorizedmode_motorbike_[comparisoncase]_unit","hrs","single_choice_dropdown_dependent_condition","Unit",NA,NA,"Hours",NA,NA,NA,NA,NA,NA,NA,NA,NA,NA,NA,NA
"1094","Motorized modes data","raw_motorizedmode_pt_[comparisoncase]_unit","hrs","single_choice_dropdown_dependent_condition","Unit",NA,NA,"Hours",NA,NA,NA,NA,NA,NA,NA,NA,NA,NA,NA,NA
"1095","Motorized modes data","raw_motorizedmode_train_[comparisoncase]_unit","hrs","single_choice_dropdown_dependent_condition","Unit",NA,NA,"Hours",NA,NA,NA,NA,NA,NA,NA,NA,NA,NA,NA,NA
"1096","Motorized modes data","raw_motorizedmode_bus_[comparisoncase]_unit","km","single_choice_dropdown_dependent_condition","Unit",NA,NA,"Km",NA,NA,NA,NA,NA,NA,NA,NA,NA,NA,NA,NA
"1097","Motorized modes data","raw_motorizedmode_car_[comparisoncase]_unit","km","single_choice_dropdown_dependent_condition","Unit",NA,NA,"Km",NA,NA,NA,NA,NA,NA,NA,NA,NA,NA,NA,NA
"1098","Motorized modes data","raw_motorizedmode_cardriver_[comparisoncase]_unit","km","single_choice_dropdown_dependent_condition","Unit",NA,NA,"Km",NA,NA,NA,NA,NA,NA,NA,NA,NA,NA,NA,NA
"1099","Motorized modes data","raw_motorizedmode_carpassenger_[comparisoncase]_unit","km","single_choice_dropdown_dependent_condition","Unit",NA,NA,"Km",NA,NA,NA,NA,NA,NA,NA,NA,NA,NA,NA,NA
"1100","Motorized modes data","raw_motorizedmode_lightrail_[comparisoncase]_unit","km","single_choice_dropdown_dependent_condition","Unit",NA,NA,"Km",NA,NA,NA,NA,NA,NA,NA,NA,NA,NA,NA,NA
"1101","Motorized modes data","raw_motorizedmode_motorbike_[comparisoncase]_unit","km","single_choice_dropdown_dependent_condition","Unit",NA,NA,"Km",NA,NA,NA,NA,NA,NA,NA,NA,NA,NA,NA,NA
"1102","Motorized modes data","raw_motorizedmode_pt_[comparisoncase]_unit","km","single_choice_dropdown_dependent_condition","Unit",NA,NA,"Km",NA,NA,NA,NA,NA,NA,NA,NA,NA,NA,NA,NA
"1103","Motorized modes data","raw_motorizedmode_train_[comparisoncase]_unit","km","single_choice_dropdown_dependent_condition","Unit",NA,NA,"Km",NA,NA,NA,NA,NA,NA,NA,NA,NA,NA,NA,NA
"1104","Motorized modes data","raw_motorizedmode_bus_[comparisoncase]_unit","min","single_choice_dropdown_dependent_condition","Unit",NA,NA,"Minutes",NA,NA,NA,NA,NA,NA,NA,NA,NA,NA,NA,NA
"1105","Motorized modes data","raw_motorizedmode_car_[comparisoncase]_unit","min","single_choice_dropdown_dependent_condition","Unit",NA,NA,"Minutes",NA,NA,NA,NA,NA,NA,NA,NA,NA,NA,NA,NA
"1106","Motorized modes data","raw_motorizedmode_cardriver_[comparisoncase]_unit","min","single_choice_dropdown_dependent_condition","Unit",NA,NA,"Minutes",NA,NA,NA,NA,NA,NA,NA,NA,NA,NA,NA,NA
"1107","Motorized modes data","raw_motorizedmode_carpassenger_[comparisoncase]_unit","min","single_choice_dropdown_dependent_condition","Unit",NA,NA,"Minutes",NA,NA,NA,NA,NA,NA,NA,NA,NA,NA,NA,NA
"1108","Motorized modes data","raw_motorizedmode_lightrail_[comparisoncase]_unit","min","single_choice_dropdown_dependent_condition","Unit",NA,NA,"Minutes",NA,NA,NA,NA,NA,NA,NA,NA,NA,NA,NA,NA
"1109","Motorized modes data","raw_motorizedmode_motorbike_[comparisoncase]_unit","min","single_choice_dropdown_dependent_condition","Unit",NA,NA,"Minutes",NA,NA,NA,NA,NA,NA,NA,NA,NA,NA,NA,NA
"1110","Motorized modes data","raw_motorizedmode_pt_[comparisoncase]_unit","min","single_choice_dropdown_dependent_condition","Unit",NA,NA,"Minutes",NA,NA,NA,NA,NA,NA,NA,NA,NA,NA,NA,NA
"1111","Motorized modes data","raw_motorizedmode_train_[comparisoncase]_unit","min","single_choice_dropdown_dependent_condition","Unit",NA,NA,"Minutes",NA,NA,NA,NA,NA,NA,NA,NA,NA,NA,NA,NA
"1112","Motorized modes data","raw_motorizedmode_bus_[comparisoncase]_unit","mls","single_choice_dropdown_dependent_condition","Unit",NA,NA,"Miles",NA,NA,NA,NA,NA,NA,NA,NA,NA,NA,NA,NA
"1113","Motorized modes data","raw_motorizedmode_car_[comparisoncase]_unit","mls","single_choice_dropdown_dependent_condition","Unit",NA,NA,"Miles",NA,NA,NA,NA,NA,NA,NA,NA,NA,NA,NA,NA
"1114","Motorized modes data","raw_motorizedmode_cardriver_[comparisoncase]_unit","mls","single_choice_dropdown_dependent_condition","Unit",NA,NA,"Miles",NA,NA,NA,NA,NA,NA,NA,NA,NA,NA,NA,NA
"1115","Motorized modes data","raw_motorizedmode_carpassenger_[comparisoncase]_unit","mls","single_choice_dropdown_dependent_condition","Unit",NA,NA,"Miles",NA,NA,NA,NA,NA,NA,NA,NA,NA,NA,NA,NA
"1116","Motorized modes data","raw_motorizedmode_lightrail_[comparisoncase]_unit","mls","single_choice_dropdown_dependent_condition","Unit",NA,NA,"Miles",NA,NA,NA,NA,NA,NA,NA,NA,NA,NA,NA,NA
"1117","Motorized modes data","raw_motorizedmode_motorbike_[comparisoncase]_unit","mls","single_choice_dropdown_dependent_condition","Unit",NA,NA,"Miles",NA,NA,NA,NA,NA,NA,NA,NA,NA,NA,NA,NA
"1118","Motorized modes data","raw_motorizedmode_pt_[comparisoncase]_unit","mls","single_choice_dropdown_dependent_condition","Unit",NA,NA,"Miles",NA,NA,NA,NA,NA,NA,NA,NA,NA,NA,NA,NA
"1119","Motorized modes data","raw_motorizedmode_train_[comparisoncase]_unit","mls","single_choice_dropdown_dependent_condition","Unit",NA,NA,"Miles",NA,NA,NA,NA,NA,NA,NA,NA,NA,NA,NA,NA
"1120","Motorized modes data","raw_motorizedmode_bus_[comparisoncase]_unit","modeshare","single_choice_dropdown_dependent_condition","Unit",NA,NA,"Mode share",NA,NA,NA,NA,NA,NA,NA,NA,NA,NA,NA,NA
"1121","Motorized modes data","raw_motorizedmode_car_[comparisoncase]_unit","modeshare","single_choice_dropdown_dependent_condition","Unit",NA,NA,"Mode share",NA,NA,NA,NA,NA,NA,NA,NA,NA,NA,NA,NA
"1122","Motorized modes data","raw_motorizedmode_cardriver_[comparisoncase]_unit","modeshare","single_choice_dropdown_dependent_condition","Unit",NA,NA,"Mode share",NA,NA,NA,NA,NA,NA,NA,NA,NA,NA,NA,NA
"1123","Motorized modes data","raw_motorizedmode_carpassenger_[comparisoncase]_unit","modeshare","single_choice_dropdown_dependent_condition","Unit",NA,NA,"Mode share",NA,NA,NA,NA,NA,NA,NA,NA,NA,NA,NA,NA
"1124","Motorized modes data","raw_motorizedmode_lightrail_[comparisoncase]_unit","modeshare","single_choice_dropdown_dependent_condition","Unit",NA,NA,"Mode share",NA,NA,NA,NA,NA,NA,NA,NA,NA,NA,NA,NA
"1125","Motorized modes data","raw_motorizedmode_motorbike_[comparisoncase]_unit","modeshare","single_choice_dropdown_dependent_condition","Unit",NA,NA,"Mode share",NA,NA,NA,NA,NA,NA,NA,NA,NA,NA,NA,NA
"1126","Motorized modes data","raw_motorizedmode_pt_[comparisoncase]_unit","modeshare","single_choice_dropdown_dependent_condition","Unit",NA,NA,"Mode share",NA,NA,NA,NA,NA,NA,NA,NA,NA,NA,NA,NA
"1127","Motorized modes data","raw_motorizedmode_train_[comparisoncase]_unit","modeshare","single_choice_dropdown_dependent_condition","Unit",NA,NA,"Mode share",NA,NA,NA,NA,NA,NA,NA,NA,NA,NA,NA,NA
"1128","Motorized modes data","raw_motorizedmode_bus_[comparisoncase]_unit","trips","single_choice_dropdown_dependent_condition","Unit",NA,NA,"Trips",NA,NA,NA,NA,NA,NA,NA,NA,NA,NA,NA,NA
"1129","Motorized modes data","raw_motorizedmode_car_[comparisoncase]_unit","trips","single_choice_dropdown_dependent_condition","Unit",NA,NA,"Trips",NA,NA,NA,NA,NA,NA,NA,NA,NA,NA,NA,NA
"1130","Motorized modes data","raw_motorizedmode_cardriver_[comparisoncase]_unit","trips","single_choice_dropdown_dependent_condition","Unit",NA,NA,"Trips",NA,NA,NA,NA,NA,NA,NA,NA,NA,NA,NA,NA
"1131","Motorized modes data","raw_motorizedmode_carpassenger_[comparisoncase]_unit","trips","single_choice_dropdown_dependent_condition","Unit",NA,NA,"Trips",NA,NA,NA,NA,NA,NA,NA,NA,NA,NA,NA,NA
"1132","Motorized modes data","raw_motorizedmode_lightrail_[comparisoncase]_unit","trips","single_choice_dropdown_dependent_condition","Unit",NA,NA,"Trips",NA,NA,NA,NA,NA,NA,NA,NA,NA,NA,NA,NA
"1133","Motorized modes data","raw_motorizedmode_motorbike_[comparisoncase]_unit","trips","single_choice_dropdown_dependent_condition","Unit",NA,NA,"Trips",NA,NA,NA,NA,NA,NA,NA,NA,NA,NA,NA,NA
"1134","Motorized modes data","raw_motorizedmode_pt_[comparisoncase]_unit","trips","single_choice_dropdown_dependent_condition","Unit",NA,NA,"Trips",NA,NA,NA,NA,NA,NA,NA,NA,NA,NA,NA,NA
"1135","Motorized modes data","raw_motorizedmode_train_[comparisoncase]_unit","trips","single_choice_dropdown_dependent_condition","Unit",NA,NA,"Trips",NA,NA,NA,NA,NA,NA,NA,NA,NA,NA,NA,NA
